а	39709	0
ду	6565	0
иза	5139	0
везачу	4406	0
ца	4241	0
цо	3552	0
ткъа	3484	0
ву	3193	0
уьш	3177	0
со	2973	0
шен	2949	0
и	2888	0
цуьнан	2825	0
бу	2643	0
ма	2619	0
сан	2604	0
элира	2516	0
тӏе	2454	0
тӏехь	2213	0
ю	2204	0
санна	2158	0
ас	2138	0
иштта	2114	0
долу	2097	0
эло	2079	0
хьан	2055	0
цу	2031	0
суна	2008	0
хир	1998	0
шайн	1990	0
цара	1974	0
хьо	1955	0
цунна	1819	0
амма	1813	0
аса	1801	0
тӏаккха	1773	0
хӏунда	1723	0
хьалха	1661	0
волчу	1658	0
массо	1640	0
царна	1555	0
дала	1549	0
делан	1512	0
аьлча	1496	0
цхьа	1494	0
шу	1464	0
веза	1463	0
дела	1425	0
кӏант	1420	0
церан	1386	0
аьлла	1386	0
шуна	1357	0
ша	1327	0
дӏа	1310	0
хьуна	1279	0
болу	1238	0
хилла	1217	0
эла	1208	0
волу	1200	0
хенахь	1194	0
вара	1169	0
долчу	1164	0
стаг	1162	0
йолу	1098	0
шун	1096	0
хӏума	1089	0
боху	1082	0
дац	1080	0
дара	1077	0
я	1064	0
чохь	1057	0
мел	1014	0
динан	990	0
болчу	975	0
долуш	972	0
деза	966	0
хьайн	959	0
цӏе	957	0
исраилан	956	1
кхин	944	0
йолчу	941	0
деш	937	0
дийнахь	936	0
далла	931	0
тӏаьхьа	923	0
шаьш	921	0
паччахь	919	0
тӏера	918	0
ахьа	915	0
оцу	912	0
лаьцна	906	0
цӏа	902	0
элан	884	0
аша	875	0
чу	857	0
шена	850	0
яхӏу	845	1
схьа	816	0
хӏара	812	0
элана	812	0
шайна	801	0
бара	794	0
яра	783	0
нах	780	0
хӏинца	776	0
халкъ	772	0
гӏала	762	0
нагахь	756	0
ахь	748	0
сайн	745	0
дуьхьал	744	0
дан	741	0
дерриг	738	0
дина	723	0
цуьнга	696	0
юкъахь	691	0
де	664	0
чӏогӏа	662	0
вац	652	0
юха	650	0
вай	645	0
цундела	641	0
лаьтта	638	0
бен	626	0
хила	623	0
цигахь	617	0
жоп	616	0
паччахьо	610	0
сагӏа	610	0
паччахьан	592	0
гӏуллакх	579	0
лерина	574	0
ӏаш	572	1
те	561	0
тхо	556	0
цаьрга	556	0
латта	551	0
цунах	538	0
цхьана	537	0
бахьана	527	0
соьга	525	0
цул	524	0
ӏийсас	517	1
дика	509	0
делира	497	0
хӏун	497	0
леррина	497	0
халкъана	497	0
хилар	496	0
дийр	475	0
да	475	0
хи	472	0
хӏора	462	0
вайн	451	0
дерг	448	0
бӏе	447	0
кхечу	447	0
ши	446	0
са	445	0
верг	432	0
зуда	421	0
махкахь	421	0
чуьра	415	0
ӏийса	413	1
оха	410	0
яц	409	0
бина	408	0
дира	401	0
царах	401	0
дукха	398	0
хаза	383	0
нахана	382	0
ницкъ	381	0
тхуна	375	0
беш	373	0
кӏентий	373	0
тӏаьхьенах	371	0
берш	370	0
гӏалахь	369	0
цкъа	369	0
эзар	369	0
бац	368	0
гӏалин	368	0
цхьаьна	367	0
итт	367	0
тхан	363	0
махкара	362	0
йина	354	0
шуьга	353	0
мехкан	353	0
гӏо	350	0
до	348	0
мисар	347	1
хан	343	0
хилира	342	0
дакъа	341	0
халкъан	337	0
цуьнца	337	0
хьоьга	332	0
уллохь	331	0
агӏор	329	0
дийна	324	0
лур	323	0
хьайна	322	0
дуккха	321	0
дас	320	0
еза	318	0
гӏалина	317	0
юкъара	317	0
къинош	315	0
дуьйна	314	0
лаьтташ	314	0
ворхӏ	314	0
гӏуллакхаш	313	0
наха	311	0
дог	310	0
адам	309	0
хуьлу	307	0
цӏийнан	307	0
дош	306	0
делла	304	0
хӏуманаш	304	0
барт	300	0
цхьаъ	299	0
кхел	299	0
вайна	299	0
дуьхьа	296	0
луш	296	0
кху	295	0
эцна	293	0
исраилхойн	292	0
хаьттира	292	0
меттиг	290	0
хьала	289	0
яхӏун	289	1
сагӏина	287	0
тӏехула	287	0
паччахьна	286	0
ден	285	0
делахь	284	0
гира	282	0
ала	278	0
шарахь	278	0
хаьа	278	0
яхӏус	278	1
дерриге	276	0
ткъе	276	0
дауд	275	1
долахь	275	0
куьг	275	0
цӏена	274	0
гонах	273	0
волуш	271	0
паччахьалла	271	0
беза	268	0
таӏзар	268	0
кара	268	0
яхӏуд	262	1
стага	262	0
цхьаммо	262	0
тайпана	261	0
дешнаш	261	0
шо	261	0
ваьлла	259	0
бан	258	0
дуьнен	256	0
дауда	254	1
бераш	253	0
еш	253	0
ло	253	0
йолуш	250	0
мусас	250	1
къа	249	0
сулим	249	1
хаам	249	0
хилча	247	0
хӏокху	246	0
чӏагӏо	246	0
дай	245	0
бохуш	244	0
лелаш	244	0
сох	241	0
хиларна	241	0
тешаме	241	0
тӏом	239	0
адамаш	237	0
товрат	235	0
цӏий	235	0
яьссачу	234	0
веана	234	0
исраилхой	233	0
олалла	232	0
махка	231	0
гӏалара	229	0
метта	228	0
берриг	228	0
даудан	228	1
хьалдолчу	228	0
адамийн	227	0
хӏумма	227	0
эр	225	0
болуш	222	0
дагахь	220	0
къамел	220	0
тӏекхаччалц	219	0
кх	218	0
кхо	217	0
м	216	0
гина	216	0
ницкъийн	216	0
коьрта	214	0
меттехь	214	0
цӏенна	214	0
дахар	212	0
нийса	211	0
мохь	211	0
кӏентан	209	0
болх	208	0
муха	207	0
халкъо	207	0
стеган	207	0
бира	207	0
лам	206	0
сайна	204	0
доцуш	203	0
сагӏанаш	203	0
хуьлийла	203	0
яхӏудан	203	1
бийр	201	0
мохк	201	0
дийнаташ	199	0
лелош	199	0
хьаьжжина	199	0
кӏанта	198	0
хьехамаш	198	0
ла	198	0
вахана	197	0
йоӏ	197	0
мила	197	0
хьожа	197	0
вежарий	197	0
дол	196	0
ара	196	0
го	194	0
карахь	194	0
уггар	194	0
шина	192	0
бохург	191	0
кхаччалц	191	0
дӏаала	190	0
цаьрца	190	0
метте	187	0
дагоран	187	0
йиш	187	0
дора	186	0
лай	186	0
бепиг	185	0
яа	184	0
зударий	183	0
лела	183	0
гуш	183	0
некъ	183	0
вина	182	0
дола	182	0
дуй	182	0
аьлларг	180	0
вон	179	0
дечу	178	0
бохура	175	0
ярушалайм	175	1
ялта	174	0
цигара	172	0
яздина	172	0
даьккхина	172	0
лаьттан	172	0
хьох	171	0
хиллара	170	0
шух	170	0
делера	169	1
олу	168	0
соьца	168	0
дегнаш	167	0
йо	167	0
кхочуш	167	0
юьхь	167	0
стагана	166	0
шийтта	166	0
айса	166	0
бе	166	0
аз	166	0
нехан	166	0
олучу	165	0
пхи	165	0
эли	165	0
исраилхошна	164	0
хилийтархьама	164	0
тӏаьхье	163	0
хиллачу	163	0
ялхо	163	0
ваша	163	0
гур	163	0
болчарна	163	0
эле	163	0
доӏа	162	0
кхузахь	162	0
ва	162	0
тера	161	0
яхӏудхойн	161	0
гӏаланаш	160	0
омра	160	0
хууш	160	0
хьал	160	0
ваха	160	0
гӏой	160	0
деле	160	0
ярушалаймехь	160	1
хин	159	0
бала	159	0
даха	159	0
куьйгаш	158	0
безам	157	0
къинхетам	156	0
сов	156	0
шовзткъе	156	0
айхьа	156	0
гуламан	156	0
бедарш	155	0
бер	155	0
дезачу	154	0
кхечира	154	0
мусага	154	1
динчу	153	0
тӏеман	153	0
деши	153	0
бехке	152	0
дайша	151	0
исраилхоша	151	0
халкъе	150	0
цхьанна	150	0
доцу	150	0
адаман	149	0
доккхучу	149	0
йогӏу	149	0
хилийта	149	0
хьоьца	149	0
нана	148	0
доккху	148	0
тахана	148	0
ойла	148	0
делах	147	0
билггал	146	0
вахара	146	0
ерриг	146	0
сийлалла	146	0
чагӏар	146	0
аьтту	145	0
кӏен	144	0
охьа	144	0
кемсийн	144	0
аш	143	0
ладогӏа	142	0
ахча	141	0
кхаъ	141	0
ӏийсан	141	1
дети	140	0
хӏорш	140	0
ярми	140	1
бӏаьргаш	140	0
доккха	140	0
ӏийсах	139	1
мах	139	0
мегар	139	0
вукху	138	0
дехьа	138	0
хуур	138	0
дезаш	137	0
лаамехь	137	0
дена	136	0
дӏахӏоьттира	136	0
зудчо	136	0
исраил	136	1
кхера	136	0
тӏулгаш	136	0
тешна	136	0
тур	136	0
дӏалур	134	0
хьекъал	134	0
ӏибадат	134	1
шуьца	133	0
ялх	133	0
адамашна	132	0
бо	132	0
муса	132	1
якъубан	132	1
гича	132	0
къам	132	0
къобалвинчу	132	0
четар	132	0
дашо	131	0
лелар	131	0
дӏахӏоттийра	130	0
новкъа	130	0
тешар	130	0
хедар	130	0
цига	130	0
хезна	130	0
хьаькам	129	0
велахь	129	0
денош	129	0
ярушалайме	129	1
волчунна	128	0
йордан	128	1
тептар	128	0
важа	128	0
вуйла	127	0
тоьшалла	127	0
шеца	127	0
ян	127	0
мотт	127	0
бевлла	126	0
даккха	126	0
лаьа	125	0
вен	125	0
хиларх	125	0
ӏийсана	125	1
ханна	124	0
бертан	124	0
кхетам	124	0
бакъдерг	123	0
деношкахь	123	0
муьлхха	123	0
хуьлуш	123	0
хьехам	123	0
дацара	122	0
мостагӏий	122	0
пайхамар	122	0
баьхкина	122	0
махкарчу	122	0
нахаца	122	0
шолгӏачу	122	0
даьлла	122	0
кӏел	122	0
корта	121	0
зулам	121	0
белла	120	0
массарна	120	0
хих	120	0
юккъехь	120	0
сийлахь	120	0
серло	119	0
цӏарах	119	0
элах	119	0
хастамаш	119	0
бахархой	118	0
велла	118	0
йийр	118	0
нахе	118	0
хьекъалалла	118	0
хӏуманна	118	0
арахь	117	0
динарг	117	0
лийр	117	0
эскар	117	0
боцуш	116	0
кхача	116	0
шоьтан	116	0
боккха	115	0
стигалара	115	0
тоьхна	115	0
тӏорказ	115	0
хьузакх	115	1
даа	115	0
когаш	115	0
паччахье	115	0
ӏамал	115	1
дайшна	114	0
леш	114	0
хастам	114	0
бехк	113	0
гуттаренна	113	0
дайн	113	0
цӏераш	113	0
шиъ	113	0
дегӏ	113	0
кӏантана	112	0
нийсо	112	0
бинчу	112	0
кертахь	112	0
четарна	112	0
бакъо	111	0
езачу	111	0
тӏулг	111	0
деана	111	0
ур	111	0
аренгахь	110	0
кхаьчна	110	0
тӏедиллина	110	0
хета	110	0
шаул	110	1
юьхьӏаьржачу	110	0
ӏуьйранна	110	1
жима	110	0
бохам	109	0
лаам	109	0
малик	109	0
лакхара	109	0
тогӏи	108	0
дехар	108	0
лууш	108	0
тамашийна	108	0
хӏаллак	108	0
атталла	108	0
велира	107	0
кхоьллина	107	0
сий	107	0
даьтта	107	0
меттамотт	106	0
халкъаш	106	0
къобалвинарг	105	0
терра	105	0
хилахь	105	0
кхаа	105	0
реза	105	0
шега	105	0
аллара	105	0
къаьмнашна	104	0
неӏалт	104	0
даг	103	0
доьху	103	0
хезча	103	0
кад	103	0
бӏаьргашна	102	0
тешаш	102	0
элера	102	1
бакъ	102	0
олуш	102	0
хиъна	102	0
хеташ	101	0
дуьзна	101	0
жижиг	101	0
дехаш	100	0
халкъашна	100	0
хилларг	100	0
кӏезиг	100	0
боцу	99	0
коьртачу	99	0
муьтӏахь	99	0
назма	99	0
хина	99	0
шех	99	0
ялхой	99	0
елира	98	0
ларамах	98	0
веара	98	0
зудчун	98	0
куьйгалла	98	0
толам	98	0
уьстагӏий	98	0
цӏенош	98	0
волчо	97	0
йира	97	0
пайда	97	0
таьӏна	97	0
дахаран	96	0
дегаза	96	0
кхайкхина	96	0
некъаш	96	0
пайхамаро	96	0
дар	96	0
доӏанаш	95	0
махкана	95	0
хьалхарчу	95	0
беттан	95	0
бекхам	95	0
гӏур	95	0
дӏало	95	0
йийсаре	95	0
кхоччуш	95	0
цӏушна	95	0
хьалдолу	94	0
байт	94	0
берриге	94	0
декъала	94	0
керла	94	0
кхузткъе	94	0
парзаш	94	0
хӏоьттина	94	0
хӏордан	94	0
диканиг	93	0
деланашна	92	0
догӏа	92	0
кхерчана	92	0
совгӏаташ	92	0
хӏоттийна	92	0
шайга	92	0
абу	91	0
бахана	91	0
дуьненан	91	0
муьлххачу	91	0
хезира	91	0
чекх	91	0
хьалхара	91	0
дечиг	91	0
боьха	91	0
бух	91	0
е	91	0
тайпанах	91	0
ӏийсага	91	1
берриш	90	0
гӏуллакхех	90	0
даим	90	0
ӏахар	90	1
вуй	89	0
деших	89	0
майра	89	0
хӏорда	89	0
бавелан	88	1
къаьмнийн	88	0
харц	88	0
бавел	88	1
даьхни	88	0
дӏавахара	88	0
къиношна	88	0
малико	88	0
хьоьжуш	88	0
юшаӏа	88	1
аьтто	87	0
елла	87	0
мичахь	87	0
синтем	87	0
ярушалайман	87	1
болчара	86	0
гуттар	86	0
ял	86	0
лаьттара	86	0
бехаш	85	0
дага	85	0
доккхуш	85	0
цӏийнах	85	0
шаула	85	1
эрна	85	0
гӏаьттина	85	0
буьйсанна	85	0
весеташ	85	0
кхидӏа	85	0
хӏан	84	0
абаденналц	84	0
вацара	84	0
дато	84	0
новкъахула	84	0
паччахьаш	84	0
шамран	84	1
вониг	83	0
лаьттахь	83	0
сацам	83	0
сино	83	0
яхӏуга	83	1
баха	82	0
духар	82	0
куьйгалхо	82	0
кхочур	82	0
къаьмнех	82	0
лоруш	82	0
набухди	82	1
шекхал	82	0
эшарш	82	0
ненан	82	0
болчеран	81	0
йистехь	81	0
эпрайман	81	1
эций	81	0
буьйса	81	0
буц	81	0
карара	81	0
мала	81	0
маннашан	81	1
тӏедиллинарг	81	0
уллора	81	0
йоккха	80	0
вехаш	80	0
деллачу	80	0
марха	80	0
сурт	80	0
улло	80	0
хьекъале	80	0
шамӏа	80	1
эхь	80	0
тхайн	80	0
цӏестан	80	0
бахийтира	79	0
баьччанаш	79	0
малхбалехьа	79	0
меттигаш	79	0
схьаэца	79	0
теша	79	0
тӏаьхьенна	79	0
яхӏуна	79	1
ахӏаронан	78	1
волчохь	78	0
дитташ	78	0
доцучу	78	0
дӏагӏо	78	0
къаьмнаш	78	0
соьгара	78	0
кхоьруш	78	0
левихой	78	0
новкъахь	78	0
тӏемалой	78	0
халкъах	78	0
зуламе	77	0
волчун	77	0
дитт	77	0
дозалла	77	0
кӏа	77	0
стигалахь	77	0
дуьйцуш	76	0
дуьне	76	0
ерриге	76	0
къинан	76	0
ойланаш	76	0
тарло	76	0
цхьацца	76	0
мостагӏийн	76	0
бархӏ	76	0
ахьаз	75	1
баланаш	75	0
барамехь	75	0
белира	75	0
билгало	75	0
гӏаланашкахь	75	0
массара	75	0
машар	75	0
тайпа	75	0
юккъе	75	0
баттахь	75	0
оьшу	75	0
якъуб	74	1
воцург	74	0
стом	74	0
гӏерташ	74	0
дийриг	74	0
кхерам	74	0
цӏера	74	0
бахам	74	0
гӏовгӏа	74	0
мох	74	0
гӏело	73	0
даудана	73	1
йоккхуш	73	0
кийча	73	0
тамехь	73	0
хаьржина	73	0
шовзткъа	73	0
тесна	73	0
дарра	73	0
дахь	72	0
даьхна	72	0
дикачу	72	0
доьзна	72	0
дуйла	72	0
лаьмнаш	72	0
стигал	72	0
стоьмаш	72	0
сту	72	0
тоьлла	72	0
хьаькамаш	72	0
шаулан	72	1
юши	72	1
тайпанан	72	0
ков	72	0
диллара	71	0
дӏаделира	71	0
кхета	71	0
лар	71	0
мурдаш	71	0
мусана	71	1
сихха	71	0
тӏех	71	0
ӏожаллин	71	1
тобанан	71	0
даггара	71	0
даккхий	71	0
кехат	71	0
латийна	71	0
лаьттах	71	0
малх	71	0
хиш	71	0
ведда	71	0
вийна	71	0
лелийна	71	0
паргӏат	71	0
бар	70	0
бедар	70	0
исраилхошка	70	0
хьайга	70	0
цӏеначу	70	0
еана	70	0
ахӏарона	69	1
гунаш	69	0
дуьйцу	69	0
кхерч	69	0
къайлаха	69	0
лоьхуш	69	0
мацалла	69	0
маьӏна	69	0
ницкъаца	69	0
хиира	69	0
якъуба	69	1
яьккхина	69	0
дийцира	68	0
долчохь	68	0
доьналла	68	0
кевнна	68	0
лаьттачу	68	0
пӏелаштамхойн	68	0
хӏораммо	68	0
цӏуш	68	0
ка	68	0
адамаша	68	0
баӏал	68	1
вала	68	0
вогӏур	68	0
дерш	68	0
доза	68	0
некъа	68	0
юсуп	68	1
бечу	67	0
ван	67	0
вийра	67	0
вогӏуш	67	0
догӏу	67	0
кхуза	67	0
маьхьарий	67	0
хезаш	67	0
цийон	67	1
шеран	67	0
ӏийр	67	1
баккъалла	66	0
везаш	66	0
девлла	66	0
дега	66	0
заманахь	66	0
кипас	66	1
кхаж	66	0
мега	66	0
олахо	66	0
синан	66	0
тоба	66	0
харцдерг	66	0
хьакха	66	0
баьккхина	65	0
баьхкира	65	0
летийна	65	0
маре	65	0
пен	65	0
пенаш	65	0
тиллира	65	0
хуьлда	65	0
хьажа	65	0
виъ	64	0
даьккхира	64	0
деха	64	0
дӏахӏоттийна	64	0
къилбаседехьа	64	0
лаамца	64	0
стигала	64	0
стигаларчу	64	0
вер	64	0
цамгар	64	0
боцучу	64	0
боьрша	64	0
йоцуш	64	0
лекха	64	0
пахӏала	64	1
совгӏат	64	0
шайца	64	0
яккха	64	0
кестта	64	0
тайп	63	0
дайта	63	0
дауде	63	1
даьлча	63	0
дечиган	63	0
изза	63	0
йинчу	63	0
карийра	63	0
куьйга	63	0
мостагӏашна	63	0
синош	63	0
тидам	63	0
хьакъ	63	0
цӏеххьана	63	0
эскаран	63	0
яманан	63	1
хала	63	0
бахьанехь	62	0
вовшашка	62	0
ворхӏалгӏачу	62	0
денна	62	0
зайтдаьтта	62	0
тӏаьхьенан	62	0
цӏахь	62	0
йиша	62	0
бӏогӏам	62	0
аре	62	0
багара	61	0
барам	61	0
ган	61	0
кхочушдан	61	0
къомах	61	0
нуьцкъала	61	0
суьрташ	61	0
тхоьга	61	0
бора	61	0
гӏайгӏане	61	0
вахийтира	61	0
доьхна	61	0
мурдаша	61	0
оьгӏазалла	61	0
синца	61	0
хаа	61	0
хилалаш	61	0
хьажал	61	0
ӏуьллуш	61	1
дуьххьарлера	60	0
инзаре	60	0
лакха	60	0
цӏен	60	0
бохучуьнга	60	0
дийца	60	0
ког	60	0
леладора	60	0
нахах	60	0
олура	60	0
урс	60	0
хӏуманах	60	0
ӏийра	60	1
адамна	59	0
дойла	59	0
доккхур	59	0
йоӏарий	59	0
кипа	59	1
лело	59	0
туьйхира	59	0
юсупан	59	1
юшаӏ	59	1
буса	59	0
вира	58	0
гӏаларчу	58	0
дакъош	58	0
дама	58	0
зама	58	0
керта	58	0
куьйгалхой	58	0
тӏемало	58	0
хийрачу	58	0
хӏорд	58	0
цӏеран	58	0
чагӏаран	58	0
бож	58	0
там	58	0
гӏайгӏа	57	0
деланаш	57	0
стаге	57	0
хӏу	57	0
эца	57	0
орца	57	0
хабар	57	0
ахӏарон	57	1
ашур	57	1
вочу	57	0
вуьзна	57	0
ибрахӏиман	57	1
куьйгаца	57	0
кӏенташна	57	0
пӏелаштамхой	57	0
сохьта	57	0
алий	56	0
белахь	56	0
бутт	56	0
дайх	56	0
дералла	56	0
дохуш	56	0
жуьгтийн	56	0
зудчунна	56	0
меттигна	56	0
пайхамарш	56	0
яьлла	56	0
жимма	56	0
аьллера	55	0
гаьннаш	55	0
дисина	55	0
дуьхьало	55	0
йоцу	55	0
къинойх	55	0
кӏанте	55	0
кӏенташа	55	0
мелхо	55	0
мостагӏа	55	0
пирӏуно	55	0
тайпанна	55	0
хаамаш	55	0
хиларан	55	0
цӏадукъ	55	1
ялхочо	55	0
неӏ	55	0
маьрша	55	0
кхана	54	0
пахӏал	54	1
стенна	54	0
хӏаллакбийр	54	0
бода	54	0
аренаш	54	0
аьрру	54	0
баганан	54	0
баьлла	54	0
боккхачу	54	0
волавелира	54	0
воцуш	54	0
кхетта	54	0
кхийтира	54	0
къона	54	0
кӏентийн	54	0
оьгӏаз	54	0
тӏедехкинарш	54	0
хазахетар	54	0
хьарам	54	0
шолгӏа	54	0
юрт	53	0
аьллачу	53	0
бехьа	53	0
божарий	53	0
веллачуьра	53	0
къобалвина	53	0
кӏелахь	53	0
лаьттар	53	0
туьро	53	0
хӏоьттира	53	0
цӏу	53	0
доцург	53	0
карийна	53	0
бацара	52	0
безачу	52	0
деара	52	0
дикка	52	0
доьхуш	52	0
дӏахӏиттийра	52	0
ибрахӏим	52	1
каруб	52	0
хиндерг	52	0
диллина	52	0
вежаршна	51	0
воккха	51	0
воьдуш	51	0
гойтур	51	0
декъа	51	0
долчух	51	0
езаш	51	0
зуламаш	51	0
кха	51	0
кхочу	51	0
кхочушдира	51	0
къобалвинчун	51	0
лома	51	0
маӏа	51	0
сарралц	51	0
сонта	51	0
старгӏа	51	0
хаттар	51	0
хил	51	0
хьаькхна	51	0
хӏуманех	51	0
юсупа	51	1
лаха	51	0
цомгуш	51	0
бахара	51	0
билггала	51	0
ваьккхина	51	0
гора	51	0
дахана	51	0
декъал	51	0
доккхачу	51	0
дӏабахара	51	0
дӏагӏур	51	0
кхерча	51	0
къастийна	51	0
лохьа	51	0
пачхьалкх	51	0
шоралла	51	0
юххехь	51	0
сиха	50	0
уьстагӏ	50	0
баркалла	50	0
бисина	50	0
даьӏахкаш	50	0
дезар	50	0
дийхира	50	0
диттийн	50	0
дӏадийцира	50	0
елахь	50	0
йисина	50	0
карор	50	0
кевнехь	50	0
къилбехьа	50	0
малхбузехьа	50	0
маршалла	50	0
муаби	50	1
сийлаллин	50	0
тхох	50	0
тхоьца	50	0
хаьара	50	0
хиларе	50	0
хиллехь	50	0
хӏонс	50	0
цуьнгара	50	0
цхьаьнгге	50	0
элишаӏа	50	1
ӏан	50	1
ӏузи	50	1
таж	50	0
тӏаьххьара	50	0
арамхойн	49	0
бага	49	0
гӏоле	49	0
делаш	49	0
дича	49	0
дӏаса	49	0
ерг	49	0
кемсаш	49	0
латтанаш	49	0
лаьара	49	0
масех	49	0
хьалххе	49	0
чул	49	0
элаца	49	0
бӏаьрг	49	0
ашурхойн	48	0
бахархоша	48	0
белхаш	48	0
волчуьра	48	0
гергахь	48	0
дуьненна	48	0
дӏахӏоттор	48	0
жа	48	0
закри	48	1
йисте	48	0
къомана	48	0
локхучу	48	0
пасахьан	48	1
пирӏунан	48	0
сийсаза	48	0
стигалшкахь	48	0
хӏаллакьхир	48	0
цхьаберш	48	0
ялхоша	48	0
яцара	48	0
тӏехьа	48	0
билгалонаш	47	0
говраш	47	0
дуьйцур	47	0
дӏадала	47	0
дӏаделла	47	0
дӏахӏуттур	47	0
канаӏан	47	1
куьйгалхочуьнга	47	0
меттера	47	0
мурдашка	47	0
оццу	47	0
оьшуш	47	0
пирӏунна	47	0
сецира	47	0
хӏоранна	47	0
чоьнна	47	0
ярушалаймера	47	1
зайт	47	0
буьйлабелира	47	0
вист	47	0
дарна	47	0
лелара	47	0
махкахула	47	0
хӏаллакдийр	47	0
кхерчан	47	0
ӏеса	47	1
берашна	46	0
весет	46	0
вир	46	0
гӏали	46	0
дахьаш	46	0
дечигах	46	0
дуьххьара	46	0
лора	46	0
месаш	46	0
пхерчий	46	0
тоха	46	0
хӏиттийна	46	0
эпрат	46	1
юкъа	46	0
юуш	46	0
ямартло	46	0
ярушалаймана	46	1
ӏесачу	46	1
уьтталгӏа	46	0
яй	46	0
ахӏароне	45	1
буьзна	45	0
вирзина	45	0
герз	45	0
догӏуш	45	0
жӏарах	45	0
ибрахӏима	45	1
кортош	45	0
кхочушдийр	45	0
лаьтто	45	0
пхиъ	45	0
пхьегӏаш	45	0
стигалш	45	0
хьаьжна	45	0
хӏорра	45	0
яхьъя	45	1
ӏелам	45	1
дегӏан	45	0
дитина	45	0
кхелхина	45	0
ун	45	0
белхар	44	0
болчаьрга	44	0
галилай	44	1
галӏад	44	1
гӏерта	44	0
дархьама	44	0
дӏавоьллира	44	0
йохийна	44	0
кӏелхьара	44	0
ларам	44	0
молуш	44	0
пурба	44	0
стагах	44	0
хуьлура	44	0
хьоьгуш	44	0
хӏораннан	44	0
хӏоттийра	44	0
цӏечу	44	0
амин	44	0
бакъонаш	44	0
бахархошна	44	0
вовшийн	44	0
гайтира	44	0
гӏудалкхаш	44	0
доггах	44	0
кхайкхира	44	0
левихойн	44	0
мостагӏаша	44	0
набахти	44	0
нанас	44	0
раабанан	44	1
сайх	44	0
тӏемаш	44	0
хьанна	44	0
юург	44	0
пӏелг	44	0
буй	43	0
четаран	43	0
бетал	43	1
веача	43	0
веш	43	0
гӏаланашна	43	0
дегӏа	43	0
делаца	43	0
динера	43	0
зудабераш	43	0
куьйгашца	43	0
кхидолчу	43	0
ладугӏуш	43	0
наб	43	0
онда	43	0
сакхт	43	0
теш	43	0
устаз	43	0
харцонаш	43	0
хӏаллакбина	43	0
валар	43	0
вешин	43	0
коьман	43	0
шуьйра	43	0
амци	42	1
бӏогӏамаш	42	0
вехар	42	0
вовшашна	42	0
вуьйр	42	0
гойту	42	0
детих	42	0
доьзалийн	42	0
дууш	42	0
кийрахь	42	0
кхозлагӏчу	42	0
кхойкхуш	42	0
лергаш	42	0
леринчу	42	0
марем	42	1
моьтту	42	0
паччахьийн	42	0
стигалийн	42	0
тӏорказна	42	0
хетар	42	0
хьаькамо	42	0
хӏа	42	0
чан	42	0
гена	42	0
кхераме	42	0
яьсса	42	0
мерза	42	0
бевдда	41	0
бохху	41	0
гӏуллакхна	41	0
даго	41	0
долчуьра	41	0
ешаӏ	41	1
зудчуьнга	41	0
зудчуьнца	41	0
керлачу	41	0
кхетар	41	0
къоман	41	0
кӏадих	41	0
кӏело	41	0
лелачу	41	0
лелла	41	0
лоьху	41	0
масала	41	0
нийсонца	41	0
схьаийцира	41	0
хуьлуьйтур	41	0
цахилар	41	0
шамъала	41	1
атта	41	0
воьду	41	0
диттан	41	0
кӏайн	41	0
байина	40	0
баьчча	40	0
духарш	40	0
йоаба	40	1
лиира	40	0
мисарара	40	1
мостагӏех	40	0
нийсачу	40	0
оьгӏазвахара	40	0
тхаьш	40	0
хазахетарца	40	0
цӏийне	40	0
яхьъяс	40	1
ах	40	0
воцу	40	0
гӏаж	40	0
дӏатесна	40	0
геланчаш	40	0
дарба	40	0
дуткъачу	40	0
йиъ	40	0
кхузара	40	0
къиза	40	0
левихоша	40	0
лом	40	0
меттигашкахь	40	0
стигалан	40	0
таро	40	0
тӏедиллира	40	0
тӏекхаьчча	40	0
хӏиттина	40	0
цхьаннан	40	0
чухула	40	0
ӏийсаца	40	1
олаллин	40	0
айина	39	0
алссам	39	0
берийн	39	0
боданехь	39	0
вайга	39	0
векалш	39	0
вукхо	39	0
декъий	39	0
зен	39	0
йора	39	0
кхидолу	39	0
къамелаш	39	0
къинхетаме	39	0
мохо	39	0
оццул	39	0
тӏамца	39	0
тӏаьххье	39	0
шинна	39	0
яхӏудхой	39	0
керт	39	0
вукхара	38	0
гали	38	0
дайшка	38	0
дешнашца	38	0
доьгӏна	38	0
кечдина	38	0
левихошна	38	0
массеран	38	0
муабахойн	38	0
синах	38	0
тӏейогӏучу	38	0
хазачу	38	0
цӏергахь	38	0
цӏеро	38	0
юккъера	38	0
ӏаса	38	1
ӏийна	38	1
аби	37	1
алахь	37	0
баа	37	0
берах	37	0
вогӏу	37	0
вуьш	37	0
генахь	37	0
гуттара	37	0
гӏан	37	0
даьхкина	37	0
дийнат	37	0
диъ	37	0
дохко	37	0
йистера	37	0
йоӏа	37	0
кегий	37	0
куьйгаша	37	0
кхаба	37	0
кхаьчча	37	0
къен	37	0
кӏантах	37	0
лаьттана	37	0
левин	37	1
маца	37	0
оьгӏазло	37	0
тхайна	37	0
тӏаьхьенашна	37	0
узарш	37	0
хьовса	37	0
шайх	37	0
шамъал	37	1
шортта	37	0
яьккхира	37	0
яьхна	37	0
ӏалашо	37	1
ӏожалла	37	1
ӏохкуш	37	1
вевза	37	0
чов	37	0
аренга	37	0
байа	37	0
гергара	37	0
говза	37	0
дезарг	37	0
долчунна	37	0
къаной	37	0
лаьмнашкахь	37	0
лекхачу	37	0
мика	37	1
нийсса	37	0
тӏекхаьчна	37	0
тӏемалойн	37	0
хьеха	37	0
ший	37	0
ӏамминхойн	37	1
вежарийн	37	0
яӏ	36	0
безамца	36	0
вежарша	36	0
гадин	36	1
дайтархьама	36	0
данан	36	1
детташ	36	0
дуьйцура	36	0
жуьгтий	36	0
йозанаш	36	0
кевнаш	36	0
кехаташ	36	0
когашка	36	0
къайла	36	0
къаьсттина	36	0
къилахь	36	0
лаьттира	36	0
лору	36	0
массанхьа	36	0
пайхамаран	36	0
паччахьаша	36	0
самукъадаьлла	36	0
сатуьйсуш	36	0
тӏамехь	36	0
хеза	36	0
хезар	36	0
хиъча	36	0
хӏордана	36	0
цхьаболчара	36	0
эмархойн	36	0
юй	36	0
ӏе	36	1
деган	36	0
исс	36	0
ахӏаронна	35	1
бӏаьрзе	35	0
ваийтина	35	0
гати	35	1
дацахь	35	0
дитта	35	0
доьзалхо	35	0
доьлхуш	35	0
ечу	35	0
исбаьхьа	35	0
йоцучу	35	0
кхайкхош	35	0
кхочушдеш	35	0
лакхарчу	35	0
летийначу	35	0
маттахь	35	0
олхазарш	35	0
охьахиира	35	0
оьцуш	35	0
сийлахьчу	35	0
схьаваьлла	35	0
тамашийначу	35	0
тарх	35	0
тийшира	35	0
той	35	0
хашадхойн	35	0
цора	35	1
цхьатерра	35	0
шаулна	35	1
яло	35	0
аьрха	35	0
во	35	0
доьзал	35	0
адамо	34	0
бавеле	34	1
баьхна	34	0
буха	34	0
ваьлча	34	0
гоьмукъ	34	0
гӏирс	34	0
дежийлаш	34	0
динчух	34	0
дукъ	34	0
жимачу	34	0
зударша	34	0
исраилхойх	34	0
кӏелхьар	34	0
лара	34	0
маӏаш	34	0
нецара	34	1
паччахьашна	34	0
туьраца	34	0
ха	34	0
хьанан	34	1
хьокхий	34	0
четарш	34	0
якъубана	34	1
пенан	34	0
телхина	34	0
ӏаьржа	34	1
юх	34	0
ӏад	34	1
ахьаб	34	1
бетташ	34	0
ваӏда	34	0
гӏарбаш	34	0
дехкина	34	0
доху	34	0
дуьйгӏира	34	0
дуьненахь	34	0
дуьсур	34	0
куьйгалхоша	34	0
ливанун	34	1
мегаш	34	0
мухӏар	34	0
неӏарш	34	0
саца	34	0
хатта	34	0
хиларца	34	0
хуьлучу	34	0
хӏиттира	34	0
цӏарца	34	0
шаршу	34	0
юккъехула	34	0
ялхитта	34	0
аьчка	33	0
бежанаш	33	0
болчаьрца	33	0
бухахь	33	0
буьртигаш	33	0
вайх	33	0
гайта	33	0
гойтуш	33	0
гулдина	33	0
гӏаролхойн	33	0
дегайовхо	33	0
дӏахӏиттира	33	0
кура	33	0
кхайкха	33	0
къобалвинчунна	33	0
къобалвинчуьнца	33	1
кӏелхьарвоккхур	33	0
лаца	33	0
лелийначу	33	0
луъург	33	0
мичара	33	0
ор	33	0
пхийтта	33	0
севцира	33	0
сол	33	0
талла	33	0
тӏамана	33	0
тӏелата	33	0
тӏелетира	33	0
узуш	33	0
халкъаша	33	0
хьаькхира	33	0
чоь	33	0
чӏагӏйина	33	0
ширачу	33	0
элий	33	0
элишаӏ	33	1
тӏема	32	0
баьккхира	32	0
бирзина	32	0
вало	32	0
догӏмаш	32	0
дохур	32	0
дӏадоккхур	32	0
лаций	32	0
меттигехь	32	0
нуьцкъалчу	32	0
пайхамарша	32	0
сайга	32	0
тесира	32	0
хьоьгара	32	0
чкъуран	32	0
чӏагӏ	32	0
шераш	32	0
ӏа	32	1
кхоалгӏа	32	0
хьоме	32	0
адан	31	1
безаш	31	0
веанчу	31	0
гебаӏ	31	1
гӏаттий	31	0
гӏудалкх	31	0
гӏуллакхашна	31	0
далош	31	0
далур	31	0
дехарш	31	0
къора	31	0
лаахь	31	0
маликаш	31	0
меттиган	31	0
пенна	31	0
самукъане	31	0
уллохула	31	0
хица	31	0
хьенан	31	0
чаккхе	31	0
яхӏуната	31	1
ӏазар	31	1
маьӏӏера	31	0
оьшург	31	0
кхокха	31	0
байтлахам	30	1
берда	30	0
биъ	30	0
бошмаш	30	0
боьлхуш	30	0
генарчу	30	0
гӏолехь	30	0
даниал	30	1
дийцина	30	0
догӏур	30	0
доттагӏа	30	0
дӏахӏиттийна	30	0
зудчух	30	0
йинера	30	0
кхоьллинчу	30	0
кхузткъа	30	0
къайле	30	0
кӏеззиг	30	0
лаамаш	30	0
лардеш	30	0
ле	30	0
мисархойн	30	0
сингаттаман	30	0
стигалшкара	30	0
тухуш	30	0
хӏоттор	30	0
хӏуттур	30	0
цхьаболу	30	0
яхана	30	0
яхӏушапти	30	1
яьлча	30	0
ӏачу	30	1
гонахара	30	0
хӏуманан	30	0
кӏеда	30	0
арахьа	30	0
ахьи	30	1
баккха	30	0
гӏай	30	1
гӏайгӏанехь	30	0
гӏаланах	30	0
дезде	30	0
дийнан	30	0
дийне	30	0
диннарг	30	0
диц	30	0
долчо	30	0
дохор	30	0
дуур	30	0
дӏакхийтира	30	0
исхьакх	30	1
йоккхачу	30	0
кхиболу	30	0
къубба	30	0
лелор	30	0
меттиге	30	0
нецар	30	1
пирӏун	30	0
сийсаз	30	0
сирла	30	0
стерчий	30	0
стигална	30	0
тайпанийн	30	0
тобанна	30	0
тускар	30	0
тхов	30	0
хьийзош	30	0
цуьнгахула	30	0
цӏастанах	30	0
чӏагӏонаш	30	0
эдоман	30	1
юхавирзира	30	0
ярбаӏама	30	1
ӏабди	30	1
ӏебархойн	30	1
дин	30	0
еха	30	0
бай	29	0
сарахь	29	0
акхарой	29	0
аравелира	29	0
ахьабан	29	1
беар	29	1
вайца	29	0
гайтина	29	0
гӏуда	29	0
дийнатийн	29	0
диллира	29	0
дита	29	0
довла	29	0
доллучу	29	0
дуьйцург	29	0
дуьтур	29	0
дӏабелира	29	0
дӏахезча	29	0
дӏаяздина	29	0
зуламечу	29	0
йохалла	29	0
кӏелхьарваккхахьа	29	0
лелахь	29	0
летта	29	0
мурд	29	0
паччахьца	29	0
собар	29	0
схьаэцна	29	0
турсаш	29	0
тӏаьхьо	29	0
халкъийн	29	0
цаьргара	29	0
цийонан	29	1
чевнаш	29	0
чӏерий	29	0
шаре	29	0
яго	29	0
баьпкан	29	0
ирс	29	0
башан	28	1
беанера	28	0
бинера	28	0
богӏу	28	0
вашас	28	0
вовшах	28	0
вонаш	28	0
воцучу	28	0
вуно	28	0
гайтархьама	28	0
гӏуллакхашка	28	0
девза	28	0
диканна	28	0
дукхахберш	28	0
дӏахеца	28	0
жинаш	28	0
кечйина	28	0
куралла	28	0
кхечарна	28	0
кхоалгӏачу	28	0
лаьмнийн	28	0
мисархошна	28	0
моз	28	0
мусан	28	1
пулата	28	1
сагӏанах	28	0
сема	28	0
сийначу	28	0
соьгахь	28	0
стогар	28	0
суждане	28	0
тӏехулара	28	0
халкъаца	28	0
хиллал	28	0
хиллачул	28	0
хиллера	28	0
хьайца	28	0
эдом	28	1
элиӏазар	28	1
ярбаӏам	28	1
ярташ	28	0
ӏадат	28	1
гӏап	28	0
коьртаниг	28	0
кхуьу	28	0
маликийн	28	0
гӏаш	28	0
седа	28	0
алсам	27	0
байира	27	0
белларш	27	0
бууш	27	0
векал	27	0
ворхӏазза	27	0
гадӏана	27	1
гӏора	27	0
даьсса	27	0
декъаза	27	0
дера	27	0
дохийна	27	0
доьзалехь	27	0
дӏаелира	27	0
еара	27	0
жуьгташна	27	0
ибрахӏимна	27	1
исхьакха	27	1
йохор	27	0
кевнан	27	0
кийрара	27	0
кхиръят	27	1
къаьхьа	27	0
кӏорга	27	0
ладогӏалаш	27	0
леладо	27	0
ломан	27	0
луьйш	27	0
некъан	27	0
совсаза	27	0
таханлерчу	27	0
турс	27	0
тӏевеана	27	0
уггаре	27	0
хьажахьа	27	0
цергаш	27	0
цӏан	27	0
чоьнаш	27	0
эдина	27	0
яхӏудхоша	27	0
мангал	27	0
дада	27	0
кхоьру	27	0
меца	27	0
сих	27	0
малар	27	0
сийна	27	0
сагал	27	0
баккхий	27	0
букъ	27	0
бӏаьрса	27	0
висира	27	0
вистхилира	27	0
вуьсур	27	0
гӏарол	27	0
гӏу	27	0
декхар	27	0
дерриш	27	0
дилха	27	0
доггӏург	27	0
дӏахӏотто	27	0
дӏахӏоьттина	27	0
етта	27	0
забулан	27	1
зударшна	27	0
исхьакхан	27	1
йиттина	27	0
кечам	27	0
кхойкху	27	0
къаноша	27	0
лахара	27	0
лаьттарчу	27	0
лоцуш	27	0
луьра	27	0
малика	27	1
малки	27	1
мисархой	27	0
мусагахула	27	1
нур	27	0
сегӏаз	27	0
суьйранна	27	0
хьалагӏатта	27	0
хьалхахь	27	0
шатайпа	27	0
шимӏин	27	1
юьзна	27	0
заманчохь	26	0
мерз	26	0
пачхьалкхан	26	0
ямарта	26	0
бет	26	0
могуш	26	0
ахьаш	26	1
ашаран	26	1
аьзнаш	26	0
богӏур	26	0
болчохь	26	0
бохийна	26	0
бохур	26	0
валий	26	0
велча	26	0
воккхавеш	26	0
гадал	26	1
гечдийр	26	0
гӏаролхой	26	0
дарца	26	0
дахаре	26	0
дешнех	26	0
жуьгташа	26	0
исраилхо	26	0
йоккхур	26	0
латтор	26	0
озаца	26	0
пайденна	26	0
пайхамарехула	26	0
сакъералуш	26	0
сецна	26	0
синай	26	1
тергам	26	0
тиллина	26	0
тӏаме	26	0
уьтталгӏачу	26	0
хьесап	26	0
хӏетахь	26	0
цхьаболчу	26	0
эскарна	26	0
ӏиндагӏ	26	1
ӏуьйре	26	1
беана	26	0
ӏу	26	1
нӏаьна	25	0
абушалам	25	1
аренгахула	25	0
асайпан	25	1
бахийтина	25	0
бахьаш	25	0
бевлира	25	0
вайшиъ	25	0
валийна	25	0
ве	25	0
вешина	25	0
вийр	25	0
вовшашца	25	0
гу	25	0
гӏуллакхийн	25	0
дагна	25	0
дахарехь	25	0
доллу	25	0
дохучу	25	0
дӏабигира	25	0
дӏавигира	25	0
дӏадаккха	25	0
дӏахьаьжча	25	0
дӏахьедар	25	0
дӏаязде	25	0
еа	25	0
ерихон	25	1
жимаха	25	0
жин	25	0
ишттачу	25	0
йоаб	25	1
йоцург	25	0
кертан	25	0
когийн	25	0
куьйго	25	0
кхеташ	25	0
кхиъна	25	0
кхочушде	25	0
къастор	25	0
лелочу	25	0
лучу	25	0
маданхойн	25	0
маликашна	25	0
мелла	25	0
мер	25	0
меттаматтана	25	0
мехкашкара	25	0
мисарахь	25	1
пал	25	0
пӏелаштамхошна	25	0
рамат	25	1
седарчий	25	0
тухур	25	0
тхьамданаш	25	0
тӏулгех	25	0
хоьттура	25	0
хьалкхи	25	1
хьамат	25	1
хьекъалца	25	0
хьовсал	25	0
хӏаллакдан	25	0
хӏаъ	25	0
ча	25	0
шозза	25	0
эсала	25	0
эскархой	25	0
юсупна	25	1
юьйхина	25	0
ялхочуьнга	25	0
дихкина	25	0
тӏулган	25	0
хийра	25	0
герга	25	0
баланехь	24	0
буржалш	24	0
верриг	24	0
воккхачу	24	0
воллушехь	24	0
волчуьнга	24	0
воьжна	24	0
гӏаланашкара	24	0
дахарна	24	0
доьхка	24	0
дугӏура	24	0
дӏадахара	24	0
дӏакъастийна	24	0
дӏахаийта	24	0
зе	24	0
исраилхошца	24	0
йогуш	24	0
коча	24	0
кхайкхам	24	0
кхаьрдаш	24	0
къинах	24	0
къобал	24	0
къола	24	0
кӏур	24	0
лардан	24	0
лахь	24	0
левихо	24	0
лоькхуш	24	0
малике	24	0
мицӏпа	24	1
муабин	24	1
мурдашна	24	0
напталан	24	1
сагӏанашна	24	0
седам	24	1
синна	24	0
сонтачу	24	0
тептарш	24	0
тоьллачу	24	0
тӏекхочуш	24	0
урхалла	24	0
хьанал	24	0
хьаьнга	24	0
хьоьжу	24	0
хӏаллакдина	24	0
хӏинццалц	24	0
цинцаш	24	0
цӏийх	24	0
цӏоз	24	0
шауле	24	1
шолгӏаниг	24	0
шуьгара	24	0
эскарехь	24	0
яр	24	0
яхӏудхошна	24	0
ӏезар	24	1
ӏесав	24	1
ӏесаван	24	1
ӏийсагахула	24	1
ӏуналла	24	1
бат	24	0
ваьш	24	0
пхьегӏа	24	0
дуьхь	24	0
арамхой	23	0
ашера	23	1
баьхкинчу	23	0
бохамаш	23	0
боьдучу	23	0
гуламе	23	0
гучу	23	0
гӏанта	23	0
дагар	23	0
даржехь	23	0
дахара	23	0
дахьийтира	23	0
даше	23	0
декъе	23	0
дер	23	0
диканца	23	0
догцӏена	23	0
дой	23	0
доллушехь	23	0
дуьххьал	23	0
йолчохь	23	0
йоӏстаг	23	0
кертара	23	0
кийра	23	0
куьйгах	23	0
кховдийна	23	0
кхочушдина	23	0
къилбаседехьара	23	0
ладугӏур	23	0
ларамаза	23	0
леринарг	23	0
ловш	23	0
малхбалехьара	23	0
махках	23	0
муьлхачу	23	0
охьатаьӏира	23	0
оьгӏазвахана	23	0
оьзда	23	0
пенашна	23	0
пхеа	23	0
схьабевлла	23	0
тешарца	23	0
тосур	23	0
тӏедехкина	23	0
уьстагӏийн	23	0
халонаш	23	0
хьехамашна	23	0
хьехамийн	23	0
цамгарх	23	0
чӏагӏдина	23	0
эчиг	23	0
эшийра	23	0
яздо	23	0
ялийна	23	0
яхӏунатас	23	1
яхӏушаптис	23	1
ӏамор	23	1
ӏесанаш	23	1
аренан	23	0
геннара	23	0
йоӏан	23	0
цец	23	0
сахь	23	0
арахула	23	0
баланех	23	0
баӏалан	23	1
берех	23	0
бешахь	23	0
бойла	23	0
вахийтина	23	0
вехира	23	0
дайа	23	0
далийта	23	0
даьккхинчу	23	0
дилла	23	0
доьалгӏачу	23	0
доьзалхочух	23	0
дуьйхина	23	0
дӏадаха	23	0
дӏакъевлина	23	0
ен	23	0
зуьйш	23	0
ибрам	23	1
йогӏуш	23	0
йоккху	23	0
коканийн	23	0
кхайкхор	23	0
кхуьнан	23	0
къаьмнаша	23	0
кӏелхьардовлар	23	0
кӏенташка	23	0
кӏентех	23	0
кӏорнеш	23	0
мисаран	23	1
мосазза	23	0
нунин	23	1
олаллехь	23	0
пайхамарийн	23	0
парушхоша	23	0
пӏелаштамхоша	23	0
совгӏатна	23	0
стенга	23	0
схьало	23	0
тарраш	23	0
туьрах	23	0
тӏекхачале	23	0
харцделанашна	23	0
харцо	23	0
хоьтту	23	0
хьаьжча	23	0
хьоста	23	0
хьоькхуш	23	0
цӏийца	23	0
эзарнаш	23	0
юйла	23	0
юур	23	0
ялош	23	0
ялхошна	23	0
ӏеха	23	1
кест	23	0
оьцу	23	0
пондар	23	0
собаре	23	0
ялхойн	23	0
араваьлла	22	0
арара	22	0
ахчанах	22	0
аюба	22	1
багахь	22	0
белаш	22	0
беллачарна	22	0
берхӏитта	22	0
битина	22	0
буйла	22	0
вацахь	22	0
ваьшна	22	0
вешан	22	0
гергга	22	0
гинарг	22	0
гӏишло	22	0
дагца	22	0
даздина	22	0
дахьара	22	0
дегӏах	22	0
деланийн	22	0
делахьара	22	0
довлий	22	0
доуьйту	22	0
дӏахӏоьттича	22	0
дӏахӏуьттур	22	0
еллера	22	0
жаш	22	0
иблис	22	0
иллеш	22	0
иссарханан	22	1
канаӏанхой	22	0
коьртара	22	0
коьртехь	22	0
куьйган	22	0
кхузза	22	0
къахьоьгуш	22	0
кӏади	22	0
ларлолаш	22	0
латтош	22	0
лаьхкина	22	0
лецира	22	0
мекара	22	0
накъостий	22	0
нанна	22	0
ната	22	1
нигат	22	0
орамаш	22	0
пайхамаре	22	0
пачхьалкхехь	22	0
похӏма	22	0
пунт	22	0
сеӏир	22	1
сихонца	22	0
сулима	22	1
суьйре	22	0
тобанаш	22	0
токхе	22	0
тхьамданаша	22	0
тӏулгах	22	0
хаарш	22	0
хилларш	22	0
хьехар	22	0
хӏадад	22	1
хӏаллакбира	22	0
цӏаста	22	0
цӏеношкахь	22	0
чӏогӏачу	22	0
шамаӏи	22	1
шегара	22	0
шегахь	22	0
эхарте	22	0
юшаӏе	22	1
яман	22	1
ярташкахь	22	0
ӏабади	22	1
ворхӏалгӏа	22	0
говр	22	0
абушалама	21	1
акха	21	0
бакъахьа	21	0
безамах	21	0
бенъяхӏу	21	1
бераша	21	0
боьзна	21	0
валийра	21	0
гӏевттина	21	0
даккхар	21	0
даьллачу	21	0
дехира	21	0
дешна	21	0
дешнашка	21	0
дирзина	21	0
доуьйтур	21	0
доьзалан	21	0
доьзалшка	21	0
дӏаваха	21	0
дӏакхайкхор	21	0
дӏакхоллур	21	0
дӏалаьцна	21	0
дӏахазахьа	21	0
етташ	21	0
ира	21	0
канаӏанхойн	21	0
кхахӏатан	21	1
кхаш	21	0
кхелахо	21	0
кхеле	21	0
кхойтта	21	0
кхоъ	21	0
лакхахь	21	0
лепаш	21	0
летош	21	0
лун	21	0
маликан	21	0
мархаш	21	0
меттахь	21	0
мехкарий	21	0
наний	21	0
нил	21	1
совца	21	0
схьавола	21	0
схьакхайкхира	21	0
тайпано	21	0
тӏебаьхкина	21	0
тӏемалоша	21	0
хазна	21	0
хезнера	21	0
хьагӏ	21	0
хьайх	21	0
хьаькамаша	21	0
хьеврон	21	1
хьолах	21	0
хӏусамдас	21	0
хӏусамехь	21	0
цуьнгахь	21	0
чкъургаш	21	0
чӏуг	21	0
шаршуш	21	0
шеко	21	0
шерачу	21	0
юшайн	21	1
яха	21	0
ӏамминхой	21	1
вуьрхӏитта	21	0
коч	21	0
чӏара	21	0
адамашка	20	0
адамех	20	0
аренашкахь	20	0
багахула	20	0
балиӏам	20	1
балиӏама	20	1
бархьама	20	0
баӏална	20	1
бевллера	20	0
бертал	20	0
богуш	20	0
бой	20	0
болчарах	20	0
боу	20	0
валале	20	0
варелаш	20	0
варраш	20	0
вижина	20	0
геч	20	0
гулам	20	0
гӏенах	20	0
далийна	20	0
дехкира	20	0
дийцар	20	0
дозанна	20	0
дугӏуш	20	0
дуьххьарлерчу	20	0
дӏахӏоттийначу	20	0
жоьпе	20	0
йийсарехь	20	0
йиллина	20	0
йитина	20	0
къера	20	0
лабана	20	1
лан	20	0
лараме	20	0
леларна	20	0
массаьрца	20	0
мерарин	20	1
мостагӏалла	20	0
оьхуш	20	0
пхоьалгӏачу	20	0
сахьт	20	0
такхаран	20	0
тхешан	20	0
тӏаьхьенаш	20	0
тӏедуьллу	20	0
хишна	20	0
хьожуш	20	0
хьоьгу	20	0
цигарчу	20	0
цӏерах	20	0
чӏагӏйинчу	20	0
шадерг	20	0
шира	20	0
шишша	20	0
эццахь	20	0
язйина	20	0
яла	20	0
ӏаршана	20	1
ӏейн	20	1
гӏум	20	0
кхачанан	20	0
маржа	20	1
сагӏин	20	0
даар	20	0
у	20	0
абунар	20	1
аьллачунна	20	0
аюб	20	1
байракх	20	0
бакъдолу	20	0
балхана	20	0
беллачу	20	0
берг	20	0
бохучух	20	0
боцурш	20	0
вежаршка	20	0
винчу	20	0
волий	20	0
гаранаш	20	0
гергарчу	20	0
гуламехь	20	0
дайтира	20	0
дари	20	1
дезара	20	0
делха	20	0
денлур	20	0
диттана	20	0
дозаллаш	20	0
долчун	20	0
доттагӏий	20	0
дохура	20	0
дошлой	20	0
дуьззина	20	0
дӏадаьккхина	20	0
дӏалуш	20	0
дӏахезира	20	0
ибрахӏиме	20	1
израӏал	20	1
ийпад	20	0
исмаьӏал	20	1
йоабан	20	1
кенаш	20	0
кхочушбан	20	0
къобалвинчух	20	0
кӏелхьардохург	20	0
лакхарниг	20	0
латтаде	20	0
лаьттахула	20	0
малхбалехь	20	0
мехах	20	0
нахера	20	0
некха	20	0
новкъарло	20	0
озе	20	0
озо	20	0
омрица	20	0
парушхой	20	0
пирӏуне	20	0
схьавогӏуш	20	0
таьлланг	20	0
тийжаш	20	0
томмагӏа	20	0
тоьшаллин	20	0
тӏаьхьарчу	20	0
тӏелетар	20	0
урамашкахь	20	0
хаийта	20	0
хьажийна	20	0
хьакхарш	20	0
хьовсалаш	20	0
хьогах	20	0
хӏаллакйийр	20	0
хӏинцале	20	0
хӏуъа	20	0
шиммо	20	0
эсирата	20	1
язъян	20	0
ялийра	20	0
ялхошка	20	0
ярбаӏаман	20	1
ӏеламчу	20	1
ӏесачеран	20	1
дайна	20	0
дов	20	0
доьалгӏа	20	0
зезаг	20	0
малхбалера	20	0
пхоьалгӏа	20	0
цхьадолу	20	0
ялтин	20	0
буьйсанан	19	0
гӏа	19	0
хӏетал	19	0
хӏай	19	0
арахьарчу	19	0
бакъахьара	19	0
бакъонца	19	0
баланийн	19	0
баххаш	19	0
беркат	19	0
бехира	19	0
богӏуш	19	0
боккхуш	19	0
воккхур	19	0
воллу	19	0
геланча	19	0
гӏуллакхашца	19	0
девзаш	19	0
дисинчу	19	0
догуш	19	0
доха	19	0
дӏадаьхьира	19	0
дӏалецира	19	0
заза	19	0
йийсарера	19	0
йозанашкахь	19	1
йоӏана	19	0
кедаш	19	0
кепара	19	0
кхиссина	19	0
къаьстина	19	0
къегаш	19	0
кӏелхьарваккха	19	0
латийначу	19	0
лахахь	19	0
лен	19	0
лой	19	0
ломана	19	0
маннаша	19	1
меттах	19	0
мехкада	19	0
мурдашца	19	0
олаллех	19	0
олхазарша	19	0
паччахьаллехь	19	0
паччахьах	19	0
пондарш	19	0
сел	19	0
сонталла	19	0
стол	19	0
сулиман	19	1
сунтбаза	19	0
тайпанашца	19	0
тийна	19	0
тоьар	19	0
тӏам	19	0
тӏаьхьалонна	19	0
тӏевахара	19	0
тӏедуьллуш	19	0
тӏеийцира	19	0
тӏекхочур	19	0
тӏулга	19	0
хевшина	19	0
хийца	19	0
хиларо	19	0
хино	19	0
хьажор	19	0
хьарчийна	19	0
хьаькамашна	19	0
хьирама	19	1
хӏусам	19	0
царуятан	19	1
элиӏазаран	19	1
эххар	19	0
юкъ	19	0
юхаметтахӏоттор	19	0
якхам	19	1
яхьъян	19	1
бодане	19	0
куц	19	0
кӏелара	19	0
маьӏӏехь	19	0
меттигера	19	0
негӏар	19	0
сингаттаме	19	0
аьрзу	19	0
арабевлира	18	0
бахархойн	18	0
бехачу	18	0
боллушехь	18	0
вахийта	18	0
вовшех	18	0
воьдучу	18	0
га	18	0
гонахарчу	18	0
гулбина	18	0
гураш	18	0
гӏаланашка	18	0
гӏишлош	18	0
гӏоьнца	18	0
даздан	18	0
далийтархьама	18	0
дахьа	18	0
дегазчу	18	0
детта	18	0
дийначу	18	0
дийраш	18	0
догӏучу	18	0
дукхазза	18	0
дӏавоьдуш	18	0
дӏадохур	18	0
дӏахаийтира	18	0
дӏахьур	18	0
екъа	18	0
жинаша	18	0
зайтдаьттанца	18	0
ижу	18	0
ийцира	18	0
йозанча	18	0
кхобуш	18	0
къечу	18	0
къинна	18	0
къобалвинчо	18	1
кӏелхьардохур	18	0
лата	18	0
латталур	18	0
латто	18	0
лойла	18	0
маннаш	18	1
мардахай	18	1
массаьрга	18	0
маӏсей	18	1
мостагӏчун	18	0
набатӏан	18	1
нунав	18	1
охьахевшира	18	0
пайхамаршна	18	0
рахьбуӏам	18	1
суьртехь	18	0
схьаоьцур	18	0
таса	18	0
тӏоьрмаг	18	0
уллораниг	18	0
хаьржинчу	18	0
хаьржира	18	0
хьалхаваьлла	18	0
хьокхур	18	0
хьун	18	0
хӏаллакьхилла	18	0
хӏумано	18	0
цӏерга	18	0
цӏуйн	18	0
шабаӏ	18	1
шехем	18	1
эшийна	18	0
юхаверза	18	0
юьхьанца	18	0
ягор	18	0
яздинарг	18	0
яйта	18	0
якъубе	18	1
яссийна	18	0
ӏариба	18	1
ӏаьржачу	18	1
басахь	18	0
бӏов	18	0
инжиран	18	0
кхозлагӏа	18	0
лелийнарг	18	0
лоьман	18	0
ножан	18	0
таханлера	18	0
юххе	18	0
ӏуьйренан	18	1
арнон	17	1
ахьазан	17	1
байта	17	0
балакха	17	1
баьхкича	17	0
бежана	17	0
бех	17	0
боккху	17	0
болчуьра	17	0
боьршачу	17	0
боьхачу	17	0
бӏаьргашца	17	0
витина	17	0
воьлхуш	17	0
вукхунна	17	0
гӏигӏ	17	0
гӏиршанан	17	1
даийтина	17	0
даре	17	0
дашца	17	0
декхарийлахь	17	0
делларг	17	0
деллера	17	0
дийнатан	17	0
диснарг	17	0
доьссира	17	0
дуьллуш	17	0
дӏаваккха	17	0
дӏавала	17	0
дӏадаьлла	17	0
дӏахьош	17	0
жуьгти	17	0
кеда	17	0
кечде	17	0
кечъе	17	0
кхаьчнера	17	0
кхелахой	17	0
къасто	17	0
къизачу	17	0
къинтӏера	17	0
къоначу	17	0
кӏантаца	17	0
кӏелхьардоккхур	17	0
кӏоргачу	17	0
лакхалла	17	0
лаьмнашка	17	0
лаьтте	17	0
луур	17	0
майрачу	17	0
майрачунна	17	0
меженаш	17	0
меттигашка	17	0
надаб	17	1
ницкъах	17	0
ондачу	17	0
охьаэгна	17	0
пайхамаршка	17	0
паргӏато	17	0
рим	17	1
сатуьйсийла	17	0
сийлаллех	17	0
сингаттам	17	0
синпаргӏато	17	0
схьадуьйла	17	0
тайпанаш	17	0
тешачийн	17	0
тодира	17	0
тоьхча	17	0
тукхамашка	17	0
турба	17	0
тхи	17	0
тӏаьхьара	17	0
тӏевеара	17	0
тӏеэца	17	0
уллорачу	17	0
уръяхӏу	17	1
хазалла	17	0
хаийтархьама	17	0
хинкеман	17	0
хуьлуьйту	17	0
хьалаайина	17	0
хьаналчу	17	0
хьехаме	17	0
хьожур	17	0
хӏарод	17	1
хӏетте	17	0
хӏинцца	17	0
хӏотто	17	0
хӏуманашна	17	0
царал	17	0
цӏеяхана	17	0
чкъор	17	0
чухуларчу	17	0
чӏагӏдийр	17	0
шайгара	17	0
шамшона	17	1
экъанаш	17	0
эмархой	17	0
эпрайм	17	1
ядаӏа	17	1
ядаӏан	17	1
ялхочунна	17	0
ярташца	17	0
ӏадийна	17	1
ӏанийна	17	1
бухара	17	0
зоьзан	17	0
зударийн	17	0
кегийра	17	0
лерг	17	0
сахьтехь	17	0
цомгушниг	17	0
ӏоман	17	1
вей	17	0
гӏайба	17	0
арадаьхна	17	0
аренгара	17	0
бакъвина	17	0
бахийта	17	0
безаман	17	0
билгалъяьккхинчу	17	0
бога	17	0
бод	17	0
боккхур	17	0
буьхьиг	17	0
веллачул	17	0
вигира	17	0
воьссина	17	0
гечдехьа	17	0
гой	17	0
гӏоьнча	17	0
даккхархьама	17	0
даккхийдеш	17	0
далар	17	0
далийра	17	0
дассийна	17	0
дахарх	17	0
даьхнина	17	0
девр	17	0
дегош	17	0
демах	17	0
денвелла	17	0
дераллица	17	0
дисира	17	0
дитташна	17	0
доьзалера	17	0
дуьхьалваьлла	17	0
еттар	17	0
зовкх	17	0
иблисо	17	0
йиира	17	0
йогӏучу	17	0
йоьзна	17	0
кечйира	17	0
коьллаш	17	0
кхаби	17	0
кхадеш	17	1
кхоьллинарг	17	0
къемат	17	0
къемате	17	0
къизалла	17	0
лаьмнашна	17	0
леви	17	0
лутӏа	17	1
маликана	17	0
маьхза	17	0
мехала	17	0
мехкашна	17	0
молу	17	0
мостагӏчо	17	0
мурдех	17	0
муьлха	17	0
нене	17	0
неӏалташ	17	0
нохьа	17	1
оьцур	17	0
пачхьалкхаш	17	0
сагӏанел	17	0
саннарг	17	0
совсазчу	17	0
схьавалийра	17	0
схьавеана	17	0
схьадеара	17	0
схьалаца	17	0
схьалецира	17	0
тешам	17	0
то	17	0
тобанашка	17	0
токхечу	17	0
тосуш	17	0
тӏаьхьахӏоьттина	17	0
тӏаьхьено	17	0
тӏуби	17	1
тӏуналла	17	0
хетта	17	0
хуьлий	17	0
хьалагӏаьттира	17	0
хьега	17	0
хьоьхуш	17	0
хӏаллакбан	17	0
хӏаллаквийр	17	0
хӏаллакдира	17	0
хӏоттийначу	17	0
хӏуманийн	17	0
цхьайтта	17	0
цӏадукъа	17	1
цӏийн	17	0
цӏунна	17	0
четарца	17	0
чим	17	0
шамшон	17	1
шеба	17	1
шел	17	0
шул	17	0
экха	17	0
эрзийн	17	1
эша	17	0
юхабирзира	17	0
юхалург	17	0
ӏази	17	1
ӏаь	17	1
ӏиндагӏехь	17	1
ӏоьттина	17	1
ӏуьллучу	17	1
деанарг	16	0
кхетаме	16	0
пхьар	16	0
суьйренан	16	0
схьадаьлла	16	0
цхьанхьа	16	0
чухулара	16	0
ворда	16	0
мерзаниг	16	0
агӏонна	16	0
артахь	16	1
баран	16	0
бевлча	16	0
беша	16	0
бита	16	0
болчийн	16	0
борхӏалгӏачу	16	0
буьсур	16	0
вастехь	16	0
вевзаш	16	0
векалша	16	0
вилхира	16	0
висна	16	0
вистхила	16	0
воцийла	16	0
гавӏон	16	1
гайтахьа	16	0
гахь	16	0
говзалла	16	0
гӏийла	16	0
деанчу	16	0
дегӏана	16	0
декъалдина	16	0
дерригенах	16	0
дийцинарг	16	0
дитира	16	0
диттах	16	0
догӏахь	16	0
доккхура	16	0
дӏабаха	16	0
дӏадахаран	16	0
дӏадийца	16	0
дӏаелла	16	0
дӏакхаьчча	16	0
дӏатосур	16	0
елаш	16	0
еллачу	16	0
закъалтана	16	0
йоу	16	0
йоха	16	0
курс	16	0
кхиберш	16	0
кхочушбеш	16	0
кхочушдархьама	16	0
къаношка	16	0
ларъеш	16	0
лачкъийна	16	0
левихойх	16	0
лорур	16	0
лоцу	16	0
лоьмо	16	0
мазах	16	0
майрра	16	0
маьӏӏе	16	0
меттанаш	16	0
некъашца	16	0
оба	16	0
озор	16	0
олахочун	16	0
олийла	16	0
охьахиъна	16	0
парсихойн	16	0
пенах	16	0
пулат	16	1
пхьор	16	0
пӏаьлдиг	16	0
рахьал	16	1
рахьбуӏама	16	1
садоӏу	16	0
сама	16	0
саьрмик	16	0
тамара	16	1
телхар	16	0
тергал	16	0
тешарехула	16	0
тешарна	16	0
тилла	16	0
тоам	16	0
тӏедерза	16	0
тӏееана	16	0
тӏееача	16	0
тӏеюху	16	0
хабарш	16	0
харцдалла	16	0
хезнарг	16	0
хилархьама	16	0
хинкеманна	16	0
хьанах	16	0
хьегна	16	0
хьекъалечу	16	0
хьехамаша	16	0
хьирам	16	1
хӏоттош	16	0
хӏоьттинчу	16	0
хӏусамда	16	0
хӏух	16	0
хӏуьттур	16	0
чоьш	16	0
шайгахь	16	0
шуьрех	16	0
элашна	16	0
юхадерза	16	0
юьрта	16	0
яккхий	16	0
ялале	16	0
яххьаш	16	0
ӏара	16	1
ӏожаллина	16	1
байна	16	0
дехнарг	16	0
йихкина	16	0
кхоан	16	0
нийсонан	16	0
пайден	16	0
ягийна	16	0
комарийн	16	0
пхьагал	15	0
агӏо	15	0
аравала	15	0
арам	15	1
ахьаба	15	1
аьшпаш	15	0
байтархьама	15	0
бертахь	15	0
беха	15	0
биллина	15	0
бӏаьрхиш	15	0
бӏогӏамашна	15	0
везар	15	0
воллуш	15	0
гергарнаш	15	0
говрийн	15	0
гул	15	0
гӏаланийн	15	0
гӏант	15	0
гӏенаш	15	0
гӏепаш	15	0
даалаш	15	0
дагадеара	15	0
дагор	15	0
дагош	15	0
дайина	15	0
дамасакх	15	1
деанера	15	0
декъалдийр	15	0
денвина	15	0
деца	15	0
дешин	15	0
дийнатех	15	0
диканах	15	0
дикаха	15	0
дисна	15	0
доцийла	15	0
дугӏу	15	0
дуьйло	15	1
дӏавелира	15	0
дӏадер	15	0
дӏалохкур	15	0
дӏатоха	15	0
дӏахӏиттор	15	0
етт	15	0
иблисан	15	0
ирча	15	0
йита	15	0
кармал	15	1
кевнехула	15	0
кема	15	0
кечбе	15	0
кечдира	15	0
куьйгалхочо	15	0
куьйгалхошна	15	0
кхайкхийна	15	0
кхелхира	15	0
кхочушхилира	15	0
кхочушхир	15	0
кхоьссина	15	0
кхоьссира	15	0
къилбехьара	15	0
къовсам	15	0
къу	15	0
кӏелхьардаккха	15	0
лаамех	15	0
ларде	15	0
латош	15	0
лаьхьа	15	0
лиъна	15	0
локхуш	15	0
малхбалерчу	15	0
мардахайс	15	1
марема	15	1
маршаллаш	15	0
мачаш	15	0
мӏерий	15	0
олахочунна	15	0
олхазар	15	0
орамашца	15	0
оьгӏазаллица	15	0
пайхамаршкахула	15	0
пилап	15	1
сарат	15	1
сацор	15	0
секхаӏад	15	0
собарца	15	0
соцур	15	0
стен	15	0
схьакхаьчча	15	0
тайпанашна	15	0
тоьшаллаш	15	0
тӏаьхьенийн	15	0
тӏеэцна	15	0
тӏулгийн	15	0
хало	15	0
хастор	15	0
хаьий	15	0
хетара	15	0
хиллачух	15	0
хинкема	15	0
холчу	15	0
хоуьйтуш	15	0
хьалаойур	15	0
хьехаман	15	0
хьехамашца	15	0
хьешбон	15	1
хьийзаш	15	0
хьол	15	0
хӏаллакдеш	15	0
хӏаллакьхилар	15	0
хӏаман	15	1
хӏуманашца	15	0
цӏадан	15	1
цӏарна	15	0
чӏагарш	15	0
шушан	15	1
эмгаралла	15	0
эмкалш	15	0
эскарца	15	0
юаш	15	1
юшаӏан	15	1
ягош	15	0
яйтира	15	0
ярра	15	0
ярхьама	15	0
яхара	15	0
яхӏунатин	15	1
ӏамалекхахой	15	1
ӏесава	15	1
ӏуьрг	15	1
вахар	15	0
гӏорасиза	15	0
дагийна	15	0
диллинарг	15	0
кеп	15	0
кхийра	15	0
ламанан	15	0
тӏеоьцу	15	0
ӏуьллу	15	1
заманан	15	0
борз	15	0
гӏар	15	0
ӏовдал	15	1
гарт	15	0
топ	15	0
алу	14	0
бавелхойн	14	0
баркаллаш	14	0
бартбаран	14	0
бевза	14	0
бетта	14	0
буьззина	14	0
бӏогӏамна	14	0
вежарех	14	0
велларг	14	0
веха	14	0
винарг	14	0
вуьтур	14	0
галӏадан	14	1
гара	14	0
генна	14	0
геннахь	14	0
гиначу	14	0
гобаьккхина	14	0
гулделла	14	0
гӏаланех	14	0
даран	14	0
дарх	14	0
даудаца	14	1
дахийтина	14	0
дегара	14	0
дийнаххьий	14	0
догӏанаш	14	0
догӏий	14	0
долчарна	14	0
доӏан	14	0
доӏанна	14	0
дӏакхелхира	14	0
дӏалоцу	14	0
дӏаэца	14	0
зударшца	14	0
ирсе	14	0
исхьакхана	14	1
йистерачу	14	0
йиъна	14	0
йогӏур	14	0
йорам	14	1
йоьхна	14	0
кевне	14	0
кхайкхо	14	0
кхерабелла	14	0
кхерчаш	14	0
кхечунна	14	0
кхорахьан	14	1
кхоьрура	14	0
кхунах	14	0
кхунна	14	0
кӏелхьардаха	14	0
лахиш	14	1
лаӏзар	14	1
леларг	14	0
лоьмийн	14	0
мапи	14	1
матан	14	1
мацалло	14	0
машулим	14	1
маӏан	14	0
муабахой	14	0
мукх	14	0
муьлш	14	0
негӏаб	14	1
неӏарехь	14	0
орам	14	0
пайхамарна	14	0
пачхьалкхана	14	0
пондаршца	14	0
пха	14	0
пхьераша	14	0
сагӏанийн	14	0
сайгара	14	0
синехула	14	0
сонтаниг	14	0
стагаца	14	0
суьртана	14	0
схьадевлла	14	0
схьакхайкха	14	0
тайпанех	14	0
таррашца	14	0
тимапи	14	1
тобанехь	14	0
тоъал	14	0
тӏаьхьаваьлла	14	0
тӏаьхьахӏиттина	14	0
тӏехиъна	14	0
тӏеюха	14	0
хазни	14	0
хилий	14	0
хуьлуьйтуш	14	0
хӏумане	14	0
циггахь	14	0
цхьаьний	14	0
цӏадукъин	14	1
чоьхьарчу	14	0
экханан	14	0
экханна	14	0
экъа	14	0
эса	14	0
юашан	14	1
юсупе	14	1
юхавоьрзур	14	0
юьхьӏаьржо	14	0
яхӏушаптин	14	1
ӏазап	14	1
ӏам	14	1
ӏатал	14	1
ӏахаран	14	1
ӏахарий	14	1
безаме	14	0
бере	14	0
вийнарг	14	0
гӏуллакхан	14	0
даьлларг	14	0
куьйгалхойн	14	0
кхиор	14	0
машаре	14	0
старгӏин	14	0
хьалхалера	14	0
хьомениг	14	0
газа	14	0
метал	14	0
бес	14	0
башха	14	0
гӏам	14	0
адаме	13	0
акхароша	13	0
ахьаза	13	1
бажа	13	0
бакъволу	13	0
бакъдолчух	13	0
бакъдолчуьнца	13	0
бакъду	13	0
биснарш	13	0
богӏучу	13	0
бохучунна	13	0
бӏаьвнаш	13	0
вас	13	0
ваьхна	13	0
везарг	13	0
везий	13	0
вехийла	13	0
висина	13	0
воккхаха	13	0
гаранашна	13	0
гезарий	13	0
гӏудалкхийн	13	0
дажош	13	0
даийта	13	0
дайшца	13	0
далор	13	0
дегнашкахь	13	0
дезткъе	13	0
делча	13	0
дешнаша	13	0
довлуш	13	0
дозанехь	13	0
дотта	13	0
доьдий	13	0
дузур	13	0
дӏабала	13	0
дӏабелла	13	0
дӏадаьлча	13	0
дӏатоьхна	13	0
дӏахӏотта	13	0
дӏахӏоттийнера	13	0
ерзина	13	0
зуламна	13	0
зуламхо	13	0
йижарий	13	0
йистехула	13	0
йогучу	13	0
йоьрзу	13	0
кеста	13	0
кхабанаш	13	0
кхерабелира	13	0
кхочура	13	0
кхуллу	13	0
кхуллур	13	0
къевлина	13	0
къуббанна	13	0
латор	13	0
луург	13	0
мазал	13	0
малхбалехьарчу	13	0
матто	13	0
машшаш	13	0
меттахӏотторан	13	0
меттигах	13	0
мукъана	13	0
омранаш	13	0
оьгӏазаллин	13	0
пахӏале	13	1
пенийн	13	0
пӏелаштамхо	13	0
сайца	13	0
самукъадалар	13	0
сари	13	1
сацо	13	0
саьлнаш	13	0
сийлаллица	13	0
схьавеара	13	0
схьадолу	13	0
тойне	13	0
турбанаш	13	0
туху	13	0
туьха	13	0
тӏаьхьахӏотта	13	0
тӏедилла	13	0
тӏемалошна	13	0
уьстагӏашна	13	0
хаалаш	13	0
хаархьама	13	0
хазахеташ	13	0
хевшира	13	0
хедийна	13	0
хийцира	13	0
хилале	13	0
хили	13	0
хилийтира	13	0
хоьцур	13	0
хурма	13	0
хьекъалаллица	13	0
хьехамча	13	0
хьокхам	13	0
хьокху	13	0
хьоменаш	13	0
хьуо	13	0
хӏордкеманаш	13	0
хӏотта	13	0
цхьаннах	13	0
цӏийна	13	0
чуволлучохь	13	0
шекхале	13	0
шимӏа	13	1
эмкалшна	13	0
эхангах	13	0
юшаӏана	13	1
явсайхой	13	0
яьккхинчу	13	0
ӏазапехь	13	1
ӏебар	13	1
ӏекхран	13	1
ӏуй	13	1
беркате	13	0
еанарг	13	0
жим	13	0
йоза	13	0
кхоалгӏаниг	13	0
лаьхьанан	13	0
наггахь	13	0
стеран	13	0
схьаоьцу	13	0
бецан	13	0
бур	13	0
абунара	13	1
адамашкара	13	0
акацих	13	0
амар	13	1
амнан	13	1
араваьккхира	13	0
ашдод	13	1
баларца	13	0
балхах	13	0
барна	13	0
бахкийтина	13	0
баьччанаша	13	0
белшаш	13	0
берашца	13	0
бовлуш	13	0
божаршна	13	0
боьхна	13	0
буьйлуш	13	0
буьрса	13	0
вагарвинарг	13	0
валлалц	13	0
вижа	13	0
вирзира	13	0
возалла	13	0
гадӏан	13	1
гуламна	13	0
гӏайре	13	0
гӏертар	13	0
гӏогӏ	13	0
гӏуллакхаша	13	0
дагадаийтахьа	13	0
дагийра	13	0
далале	13	0
даниала	13	1
дахьар	13	0
даӏ	13	0
девнаш	13	0
дели	13	0
детин	13	0
дечунна	13	0
деша	13	0
дешнийн	13	0
динехь	13	0
динчунна	13	0
доьхур	13	0
духалург	13	0
дуьненара	13	0
дуьхьалбевлла	13	0
дӏакхайкхо	13	0
дӏакъаста	13	0
дӏалачкъа	13	0
дӏахьо	13	0
дӏаязйина	13	0
еанчу	13	0
ерш	13	0
зерхьама	13	0
иш	13	1
йисинчу	13	0
йоабе	13	1
кеч	13	0
кипе	13	1
кхачаме	13	0
кхаьънаш	13	0
кхерамаш	13	0
кхочушхилийтархьама	13	0
къар	13	0
къена	13	0
къилбехь	13	0
лардо	13	0
левихошка	13	0
лекхира	13	0
леха	13	0
лехна	13	0
лийча	13	0
лохуш	13	0
лоьхура	13	0
малхбузерчу	13	0
мекхан	13	0
мехкашкахула	13	0
микин	13	1
могӏарехь	13	0
моьттура	13	0
нойш	13	0
озабезам	13	0
пайхамарех	13	0
пасахь	13	1
пачхьалкхашна	13	0
рабба	13	1
садоӏуш	13	0
сатийсар	13	0
сахиллалц	13	0
синтеме	13	0
соцуш	13	0
соьгахула	13	0
сурсаташ	13	0
суьпа	13	0
схьагулдийр	13	0
тайпанара	13	0
таьллангаш	13	0
теттина	13	0
тешарехь	13	0
тогӏин	13	0
тогӏина	13	0
томмагӏаш	13	0
тукхамаш	13	0
туьллур	13	0
тӏаргӏа	13	0
тӏаьхьенашкара	13	0
тӏекхайкхира	13	0
тӏеоьцур	13	0
уьйр	13	0
харжа	13	0
харцонца	13	0
хетарг	13	0
хецна	13	0
хийтира	13	0
хьалаволучу	13	0
хьалхалерчу	13	0
хьаькамашка	13	0
хьаькаме	13	0
хьевронехь	13	1
хьекъалх	13	0
хьехамна	13	0
хьокхамаш	13	0
хӏиттош	13	0
цӏаро	13	0
цӏийно	13	0
чӏагӏдеш	13	0
шарна	13	0
эккхор	13	0
элаша	13	0
элишаӏана	13	1
эсий	13	0
эсират	13	1
эскаро	13	0
юкъарчу	13	0
ялхочун	13	0
яманхойн	13	0
ярна	13	0
ӏаламат	13	1
ӏарш	13	1
везаниг	13	0
вихкина	13	0
жоьжахатин	13	0
исбаьхьалла	13	0
коканан	13	0
лааме	13	0
маса	13	0
наран	13	0
юьртара	13	0
тата	12	0
кӏорни	12	0
ламаз	12	0
цӏениг	12	0
акхарошна	12	0
алахьа	12	0
арадаьккхина	12	0
арамхоша	12	0
асас	12	1
асиа	12	1
ахдол	12	0
баганаш	12	0
багарбича	12	0
балийна	12	0
балиӏаме	12	1
баттара	12	0
бахархойх	12	0
бахьаненна	12	0
баьччанашна	12	0
бевзаш	12	0
бегош	12	0
беллачуьра	12	0
билгалдаьккхина	12	0
бисинарш	12	0
божарша	12	0
бойур	12	0
боллуш	12	0
боххург	12	0
боццушехь	12	0
боьттина	12	0
бӏаьргех	12	0
веанера	12	0
везткъе	12	0
вехачу	12	0
вистхуьлуш	12	0
вогӏучу	12	0
галӏадарчу	12	1
гибаӏ	12	1
голаш	12	0
гоьмукъаш	12	0
гулбеллачу	12	0
гӏаттахьа	12	0
гӏоьртина	12	0
даздеш	12	0
даздира	12	0
дало	12	0
девлира	12	0
декъалдар	12	0
декъна	12	0
дехачу	12	0
диира	12	0
догӏура	12	0
дуззалц	12	0
дуьйлий	12	0
дуьненах	12	0
дуьрачу	12	0
дуьтуш	12	0
дӏабехира	12	0
дӏакхаьллира	12	0
дӏакъастор	12	0
еанера	12	0
евза	12	0
жинашца	12	0
зайтдаьттанах	12	0
зийна	12	0
зударех	12	0
йозанаша	12	1
йойла	12	0
йолхалгӏачу	12	0
йохкаэцар	12	0
карах	12	0
кегийчу	12	0
кораш	12	0
коьртах	12	0
куьйгаллехь	12	0
куьцехь	12	0
кхалор	12	0
кхачийтархьама	12	0
кхерамехь	12	0
кхойкхур	12	0
къано	12	0
къаношна	12	0
къонах	12	0
къуьданаш	12	0
кӏадеш	12	0
кӏелхьардаьхна	12	0
ладогӏахь	12	0
ладогӏахьа	12	0
лазарш	12	0
ларбеш	12	0
лардийр	12	0
лаьий	12	0
леас	12	1
лергашна	12	0
ломахь	12	0
майрачо	12	0
майрачун	12	0
масал	12	0
мекарлонца	12	0
меттанашкахь	12	0
меттигашна	12	0
мехкашкахь	12	0
милла	12	0
миччанхьа	12	0
мукъамехь	12	0
набахтехь	12	0
набузар	12	1
назманаш	12	0
натан	12	1
наӏаман	12	1
ойур	12	0
охьадиллира	12	0
оьллина	12	0
пайхамаралла	12	0
паччахьашка	12	0
поппарх	12	0
пхьегӏи	12	0
пӏелга	12	0
рахьала	12	1
римун	12	1
римхойн	12	0
рицкъа	12	0
сагӏанех	12	0
садаӏа	12	0
самукъадаларца	12	0
сатийсам	12	0
сатуьйсу	12	0
сийлаллина	12	0
стенца	12	0
схьавалаве	12	0
схьалур	12	0
таршаш	12	1
техьа	12	0
тешарх	12	0
тешнабехк	12	0
тийжар	12	0
тирца	12	1
ткъес	12	0
тӏебаьхкира	12	0
тӏедиллинера	12	0
тӏейогӏуш	12	0
тӏекхайкхина	12	0
тӏелаьцна	12	0
тӏеоьцуш	12	0
тӏерачу	12	0
уллорачун	12	0
хазахетта	12	0
хаьттина	12	0
хезначу	12	0
хетийла	12	0
хилахьа	12	0
хозуьйтуш	12	0
хоттур	12	0
хьетахойн	12	0
хьийза	12	0
хьоьгур	12	0
хӏаллакйина	12	0
хӏиттийра	12	0
хӏиттор	12	0
хӏордах	12	0
хӏусамдена	12	0
цабезам	12	0
цаьргахь	12	0
чагӏаро	12	0
чам	12	0
чӏоггӏа	12	0
шамаӏин	12	1
шамъале	12	1
шера	12	0
шура	12	0
элиӏазара	12	1
эрначу	12	0
эхье	12	0
юал	12	1
юкъаметтиг	12	0
ягайора	12	0
ядаӏ	12	1
ярушалаймах	12	1
ярушалаймерчу	12	1
яхьаш	12	0
яхӏуда	12	1
яхӏудхошка	12	0
ӏезаран	12	1
ӏийначу	12	1
ӏин	12	1
алар	12	0
газанан	12	0
гал	12	0
йийна	12	0
маж	12	0
марс	12	0
пийлан	12	0
хӏусамден	12	0
шовданан	12	0
шозлагӏа	12	0
марта	12	1
серлонан	12	0
пхьарс	12	0
букар	12	0
гӏура	12	0
йаӏ	12	0
йилбаз	12	1
котам	12	0
маьркӏаж	12	0
пхьу	12	0
стун	12	0
тӏакӏ	12	0
хьа	12	0
адамах	11	0
айдина	11	0
араделира	11	0
астагӏа	11	0
аьрхачу	11	0
баийтина	11	0
бакъдолчу	11	0
баркаллин	11	0
бацахь	11	0
баьрзнаш	11	0
беа	11	0
бедах	11	0
безамо	11	0
бекъа	11	0
беллачийн	11	0
белхалой	11	0
берзийна	11	0
билгалонна	11	0
бинарг	11	0
бича	11	0
боьду	11	0
боӏаза	11	1
вахархо	11	0
ваьхьар	11	0
вейтта	11	0
верзина	11	0
волчух	11	0
гай	11	0
гархьама	11	0
гергарло	11	0
говзачу	11	0
гулдинарг	11	0
гурашна	11	0
гӏел	11	0
гӏирсаш	11	0
гӏоттур	11	0
гӏуна	11	0
дагадаийта	11	0
даккхийде	11	0
даллал	11	0
даллалц	11	0
дахийтархьама	11	0
дахка	11	0
дашах	11	0
даьккхича	11	0
даьссачу	11	0
деа	11	0
деача	11	0
декъалвира	11	0
дечарна	11	0
дитто	11	0
диъна	11	0
дозанаш	11	0
долий	11	0
доьдура	11	0
доьттина	11	0
доьхкина	11	0
дукхахболчара	11	0
дустар	11	0
духкуш	11	0
дуьхьалвелира	11	0
дӏабоьлхуш	11	0
дӏавоккхур	11	0
дӏакхайкхаде	11	0
дӏакъаьстина	11	0
дӏакъовлур	11	0
дӏалоцур	11	0
дӏатеттина	11	0
дӏахӏиттийнера	11	0
дӏахӏуттуш	11	0
дӏовш	11	0
ехаш	11	0
жамӏ	11	0
жена	11	0
жино	11	0
жовхӏарш	11	0
захало	11	0
зерахьан	11	1
ибрама	11	1
илли	11	0
йоккхучу	11	0
кирхьанна	11	0
куьйгахь	11	0
кхайкхича	11	0
кхачанах	11	0
кхиамаш	11	0
кхиийна	11	0
къаста	11	0
къечарна	11	0
лазар	11	0
ларвеш	11	0
ларлуш	11	0
латадахь	11	0
леладе	11	0
лелайо	11	0
леларш	11	0
леллачу	11	0
лелориг	11	0
лешна	11	0
лоллехь	11	0
маӏха	11	1
меттигашкара	11	0
мисканаш	11	0
неран	11	1
нохьин	11	1
нуьцкъалалла	11	0
оза	11	0
оьгӏазвахар	11	0
парз	11	0
пахӏална	11	1
поппар	11	0
пӏелаштамхойх	11	0
ребикха	11	1
секхаӏедаш	11	0
стелахаьштиг	11	0
схьабаьхкира	11	0
схьаваллалц	11	0
талорхо	11	0
татол	11	0
тешаро	11	0
тобане	11	0
тхаьшна	11	0
тӏаьрсиган	11	0
тӏаьхьене	11	0
тӏаьхьенех	11	0
тӏедогӏуш	11	0
тӏейогӏу	11	0
тӏекхача	11	0
уллоранаш	11	0
уллорачунна	11	0
хаар	11	0
хаставе	11	0
хаттахь	11	0
хилийша	11	0
хиллехьара	11	0
холчохь	11	0
хуша	11	1
хьадид	11	1
хьадида	11	1
хьалаайа	11	0
хьалавелира	11	0
хьалагӏовтта	11	0
хьалхарниг	11	0
хьалхе	11	0
хьацар	11	0
хьацор	11	1
хьашби	11	1
хьаькхначу	11	0
хьехамах	11	0
хьехамашка	11	0
хьехамчаш	11	0
хьокхуш	11	0
хьоькхура	11	0
хӏарода	11	1
хӏоттийнера	11	0
хӏусамаш	11	0
цаьргахула	11	0
цецбевлла	11	0
цхьажимма	11	0
цӏастанан	11	0
чекхдаьлча	11	0
чекхдер	11	0
чекхдовллалц	11	0
чоьнийн	11	0
чувоьллина	11	0
шалум	11	1
шапанин	11	1
шед	11	0
шехеман	11	1
шовда	11	0
эпас	11	1
эскарш	11	0
этӏийна	11	0
этӏийра	11	0
эха	11	0
юьстах	11	0
юьсур	11	0
яздира	11	0
ялар	11	0
ялхошца	11	0
яхь	11	0
яхӏудана	11	1
ӏалаш	11	1
ӏама	11	1
ӏанатот	11	1
ӏедал	11	1
ӏийсагара	11	1
ӏовраш	11	1
ӏома	11	1
горга	11	0
гӏаролан	11	0
жинийн	11	0
жолам	11	0
колл	11	0
ладугӏу	11	0
механ	11	0
паччахьаллин	11	0
петӏамат	11	0
товратан	11	0
чоьнан	11	0
хенан	11	0
шабар	11	0
шар	11	0
гӏим	11	0
дух	11	0
агӏонгахь	10	0
адар	10	1
айдинчу	10	0
аренна	10	0
ахьикхаман	10	1
аьллачуьнга	10	0
бавелна	10	1
байлахь	10	0
баланах	10	0
бахьанина	10	0
баьхкинера	10	0
бежанех	10	0
безара	10	0
белха	10	0
белхалошна	10	0
берашка	10	0
бешана	10	0
бисинчарна	10	0
битира	10	0
боганаш	10	0
бойнаш	10	0
болчех	10	0
боцучарна	10	0
бошатан	10	1
боьлху	10	0
буьгуш	10	0
ваккха	10	0
валаран	10	0
валош	10	0
ваьккхира	10	0
велха	10	0
веше	10	0
витира	10	0
виц	10	0
вовшашлахь	10	0
вохуьйту	10	0
воьллина	10	0
вуьйжира	10	0
галгал	10	1
гечдина	10	0
гулделлачу	10	0
гурана	10	0
гӏалат	10	0
гӏожаца	10	0
гӏораш	10	0
гӏудалкхашца	10	0
гӏунаш	10	0
далийтина	10	0
далуш	10	0
дашна	10	0
даьхьна	10	0
дезарх	10	0
декхарш	10	0
дех	10	0
дийнаташна	10	0
долчара	10	0
дохку	10	0
доццушехь	10	0
доьду	10	0
доьзална	10	0
доьзалш	10	0
доьзалшца	10	0
доьссина	10	0
доӏанца	10	0
дуьзира	10	0
дуьйла	10	0
дуьсу	10	0
дуьсуш	10	0
дуьхьалкхийтира	10	0
дӏавахана	10	0
дӏавижа	10	0
дӏаволавелира	10	0
дӏайоккхур	10	0
дӏакховдийра	10	0
дӏакъастийра	10	0
дӏасадаьржина	10	0
дӏахоьцур	10	0
дӏахӏиттина	10	0
дӏаьвше	10	0
дӏаэлира	10	0
дӏаяла	10	0
дӏаяьхьира	10	0
епунин	10	1
ерзийна	10	0
ехьа	10	0
заман	10	0
заманашкахь	10	0
заманна	10	0
зуламех	10	0
зӏенаш	10	0
ийпадан	10	0
илланчаш	10	0
йийраш	10	0
йийсар	10	0
йовтам	10	1
йозанца	10	0
йоьжна	10	0
йоӏе	10	0
карзах	10	0
каро	10	0
кертана	10	0
кибарчигаш	10	0
килабан	10	1
комаьрша	10	0
коша	10	0
куьйгалхошка	10	0
кхалораш	10	0
кхарна	10	0
кхаьчначу	10	0
кхералаш	10	0
кхесрин	10	1
кхечуьнга	10	0
кхиболчу	10	0
кхосса	10	0
кхочун	10	0
кхочушдар	10	0
кхочушдо	10	0
кхоьлина	10	0
кхоьрур	10	0
кхуллуш	10	0
кхуьуш	10	0
къаӏила	10	1
къематан	10	0
къилбехьарчу	10	0
къобалвира	10	0
къоьлла	10	0
кӏегий	10	0
кӏеззигчу	10	0
кӏелхьарвалар	10	0
кӏелхьарвоккху	10	0
кӏорггера	10	0
ладуьйгӏира	10	0
лахарчу	10	0
лаьмнашкахула	10	0
лаьттина	10	0
ледара	10	0
леларца	10	0
лелораш	10	0
лохкур	10	0
лохур	10	0
мадайхойн	10	0
майданахь	10	0
маларш	10	0
марзо	10	0
миска	10	0
мостагӏашка	10	0
моьттуш	10	0
наптал	10	1
некъана	10	0
некъах	10	0
нецаран	10	1
ницкъашна	10	0
новкъара	10	0
охьахевшина	10	0
пардо	10	0
рама	10	1
репахойн	10	0
сакхат	10	1
серлонах	10	0
сибат	10	0
стенах	10	0
стерчийн	10	0
стигалшка	10	0
схьаваьллачу	10	0
схьавеача	10	0
схьакхечира	10	0
схьаоьцуш	10	0
схьаяьккхина	10	0
тайпанчу	10	0
талор	10	0
терго	10	0
тешийтархьама	10	0
тийжам	10	0
тобанийн	10	0
тобано	10	0
толур	10	0
тоьлур	10	0
тулгӏенаш	10	0
туххуш	10	0
тховса	10	0
тхьамда	10	0
тхьамданашка	10	0
тӏамах	10	0
тӏаьхьенаша	10	0
тӏедирзина	10	0
тӏедуха	10	0
тӏетоха	10	0
тӏетуьйхира	10	0
уче	10	0
ученна	10	0
хаийтира	10	0
халкъашка	10	0
хиша	10	0
хьайбанаш	10	0
хьарамчу	10	0
хьаьвихой	10	0
хьаькамех	10	0
хьевронан	10	1
хьетахо	10	0
хьолехь	10	0
хьостанаш	10	0
хьоьгахула	10	0
хьоьжур	10	0
хьоьжура	10	0
хьоьшур	10	0
хӏаллакьхилира	10	0
хӏуттуш	10	0
цхьаболчарна	10	0
цхьайолу	10	0
цӏерана	10	0
цӏушца	10	0
чагӏарх	10	0
чӏагӏйира	10	0
шапат	10	1
шашта	10	1
элкхан	10	1
эшна	10	0
юучу	10	0
юьртахь	10	0
юьстича	10	0
ягийра	10	0
яруб	10	1
яхьъяга	10	1
яхӏуаша	10	1
яхӏурам	10	1
ӏаламаташ	10	1
ӏанор	10	1
ӏар	10	1
ӏахаро	10	1
ӏейлам	10	1
ӏен	10	1
ӏесалла	10	1
ӏовгӏа	10	1
ӏожаллех	10	1
ӏожалло	10	1
дарц	10	0
дийнна	10	0
жайна	10	0
лаа	10	0
маьӏ	10	0
муьста	10	0
набахтин	10	0
олхазарийн	10	0
оьгӏазе	10	0
терза	10	0
тӏорказан	10	0
цӏенойн	10	0
ӏесаниг	10	1
роггӏана	10	0
турпалхо	10	0
тӏаьхь	10	0
агӏонгара	10	0
амосан	10	1
арабевлла	10	0
асин	10	1
бавелехь	10	1
баккхийбеш	10	0
бакъдар	10	0
бакъдолчунна	10	0
балабе	10	0
балакх	10	1
балиӏамна	10	1
баннаш	10	0
барташ	10	0
бахамах	10	0
бахархошка	10	0
бахьа	10	0
баьпкаш	10	0
беара	10	0
бедаран	10	0
бежанийн	10	0
бейша	10	0
бенъяхӏус	10	1
берта	10	0
беттанаш	10	0
бешара	10	0
била	10	0
боӏаз	10	1
буссехь	10	0
буьрсачу	10	0
бӏаьвнна	10	0
варуша	10	1
васт	10	0
вахча	10	0
везткъа	10	0
векалшна	10	0
вешаш	10	0
вовза	10	0
воккханиг	10	0
волавелла	10	0
вуьгур	10	0
гайтинчу	10	0
гатде	10	0
гойла	10	0
грекийн	10	0
гулбелира	10	0
гӏалех	10	0
гӏортор	10	0
гӏортораш	10	0
гӏоьртира	10	0
дагадогӏур	10	0
дарбанаш	10	0
дезий	10	0
дейтталгӏачу	10	0
дейша	10	0
декъана	10	0
дераллин	10	0
дикалла	10	0
динари	10	0
догӏург	10	0
дойур	10	0
доу	10	0
доьттира	10	0
дузу	10	0
дузуш	10	0
дукхах	10	0
дуткъа	10	0
дуьзначу	10	0
дуьллу	10	0
дуьллур	10	0
дуьхьалбевлира	10	0
дӏавижира	10	0
дӏадигначул	10	0
дӏадиллина	10	0
дӏадовла	10	0
дӏаер	10	0
дӏалаца	10	0
дӏахӏитта	10	0
емал	10	0
ер	10	0
еримати	10	1
ерриш	10	0
жимах	10	0
жовхӏар	10	0
жӏаьлеша	10	0
забди	10	1
йийриг	10	0
йойтуш	10	0
йоура	10	0
йохийра	10	0
йохьан	10	1
кевнах	10	0
кеман	10	0
кеманна	10	0
килаба	10	1
кицанаш	10	0
когашна	10	0
коьрте	10	0
куьйгийн	10	0
кхачийта	10	0
кхаьрдар	10	0
кхералур	10	0
кхерарна	10	0
кхисса	10	0
кхозуш	10	0
кхуьссур	10	0
къайленаш	10	0
къастош	10	0
къийса	10	0
къилбаседе	10	0
къинхетамца	10	0
къомо	10	0
къоркхокха	10	0
къуьда	10	0
кӏад	10	0
кӏелхьарваьккхина	10	0
кӏелхьардахар	10	0
кӏора	10	0
лабан	10	1
ладоьгӏуш	10	0
лалийна	10	0
ларвийр	10	0
латтадора	10	0
леларх	10	0
лийхира	10	0
лолаш	10	0
луъучу	10	0
макиран	10	1
малхбузехь	10	0
мара	10	0
марханаш	10	0
мархашна	10	0
мархина	10	0
машаран	10	0
машарца	10	0
мелира	10	0
мича	10	0
мостагӏчунна	10	0
нааб	10	1
назархо	10	0
некъахула	10	0
нохьас	10	1
нускал	10	0
охьаоьгур	10	0
оьций	10	0
пена	10	0
пондарийн	10	0
пхьераш	10	0
рутис	10	1
сали	10	1
самукъадолуш	10	0
сатесна	10	0
седарчийн	10	0
сисра	10	1
сихьонан	10	1
совдегарша	10	0
соьгахьа	10	0
схьагулбелира	10	0
схьада	10	0
схьадиллина	10	0
тайна	10	0
талораш	10	0
талхош	10	0
тархана	10	0
тархах	10	0
татолаш	10	0
тахханалц	10	0
таьжнаш	10	0
терахь	10	0
тешачу	10	0
тешо	10	0
тӏаьхьенашка	10	0
тӏаьхьенашкахь	10	0
тӏевеанчунна	10	0
тӏедогӏу	10	0
тӏедогӏур	10	0
тӏедогӏучу	10	0
тӏейогӏур	10	0
тӏемалочо	10	0
тӏемалочунна	10	0
тӏехьожуш	10	0
тӏийраг	10	0
уллорачарна	10	0
уьссалгӏачу	10	0
хазнаш	10	0
халачу	10	0
харцахьа	10	0
хаттарш	10	0
хезара	10	0
хеннахь	10	0
хиина	10	0
хилалахь	10	0
хиллалц	10	0
хиллий	10	0
хиндолчу	10	0
хиндолчух	10	0
хьайба	10	0
хьежа	10	0
хьекха	10	0
хьермон	10	1
хьовсур	10	0
хьомечу	10	0
хьоькхур	10	0
хӏоразза	10	0
хӏоьттича	10	0
чалба	10	0
черма	10	0
чӏагарех	10	0
чӏагӏлуш	10	0
шилун	10	1
шиннан	10	0
эскарх	10	0
эхартан	10	0
эцахь	10	0
юнус	10	1
юхавеара	10	0
юхавирзича	10	0
юхадоьрзур	10	0
юхаэца	10	0
яздинера	10	0
якхаман	10	1
яллалц	10	0
ялтех	10	0
ямартлонца	10	0
яссор	10	0
яхин	10	1
яхӏураман	10	1
ӏайтархьама	10	1
ӏамминхоша	10	1
ӏела	10	1
ӏойла	10	1
ӏуша	10	1
акацин	9	0
багийна	9	0
бейтта	9	0
белхан	9	0
берхӏитталгӏа	9	0
бӏаьрган	9	0
веанарг	9	0
воьалгӏаниг	9	0
зуламхойн	9	0
йолхалгӏа	9	0
кхелина	9	0
кхозлагӏниг	9	0
кӏоршаме	9	0
мӏара	9	0
тай	9	0
толаман	9	0
уьстагӏан	9	0
хенара	9	0
хьеран	9	0
яйна	9	0
ӏелин	9	1
вахь	9	0
хӏаваан	9	0
абушаламан	9	1
адана	9	1
акхачу	9	0
аминан	9	1
антиохе	9	1
арадала	9	0
аренашкара	9	0
ашкхилун	9	1
аьллачух	9	0
байтина	9	0
баккъал	9	0
балийра	9	0
балош	9	0
барраб	9	1
батта	9	0
бацар	9	0
баӏша	9	1
бежанашна	9	0
бехар	9	0
бехдина	9	0
бехкаш	9	0
биира	9	0
бисинчу	9	0
бисира	9	0
биъна	9	0
бовлура	9	0
богӏура	9	0
боданах	9	0
боданечу	9	0
бос	9	0
бохучу	9	0
бохуьйтур	9	0
бошат	9	1
бошхап	9	0
буур	9	0
бӏаьргашкахь	9	0
бӏогӏамийн	9	0
варрашна	9	0
вевзина	9	0
вежаршца	9	0
вирана	9	0
вита	9	0
вогӏий	9	0
воккхачун	9	0
воккху	9	0
воккхуш	9	0
вола	9	0
ворхӏе	9	0
воьллира	9	0
вуьтуш	9	0
гаранах	9	0
готта	9	0
гун	9	0
гӏазар	9	1
гӏалане	9	0
гӏантана	9	0
гӏелделла	9	0
гӏодаюкъ	9	0
дазде	9	0
дакъаделла	9	0
дассор	9	0
даудах	9	1
дахийтира	9	0
дахнера	9	0
дашочу	9	0
даьхкича	9	0
даьхначу	9	0
даьхних	9	0
дегадо	9	0
дей	9	0
декъалвийр	9	0
декъалвина	9	0
декъалвойла	9	0
декъан	9	0
дерзина	9	0
деттар	9	0
дехка	9	0
довр	9	0
дойтуш	9	0
доккхадеш	9	0
долийна	9	0
долийра	9	0
долчуьнга	9	0
дохка	9	0
дохкуш	9	0
дохош	9	0
дохуьйтур	9	0
доцурш	9	0
дуьхьалара	9	0
дуьхьалхӏоьттинчу	9	0
дӏабохур	9	0
дӏабуьгур	9	0
дӏавига	9	0
дӏадахьа	9	0
дӏадирзина	9	0
дӏадолу	9	0
дӏакхаччалц	9	0
дӏакъевлира	9	0
дӏалечкъийла	9	0
дӏалора	9	0
дӏатесира	9	0
дӏахезар	9	0
дӏахийцира	9	0
дӏахьажийра	9	0
дӏаязбина	9	0
дӏаязвира	9	0
дӏаяха	9	0
емалвеш	9	0
ехкина	9	0
жӏара	9	0
заьӏап	9	0
зенаш	9	0
зуламах	9	0
ийгира	9	0
инжираш	9	0
иракара	9	0
исмаьӏалан	9	1
исраила	9	1
йисира	9	0
йистошка	9	0
йитта	9	0
йовтама	9	1
йоккхаха	9	0
йолчо	9	0
йолчуьра	9	0
йоьдуш	9	0
йоьссина	9	0
кевнера	9	0
кевнийн	9	0
кирхьа	9	0
кога	9	0
когех	9	0
кортошна	9	0
кураллаш	9	0
куьйгех	9	0
кхайкхамаш	9	0
кхелаш	9	0
кхеравелира	9	0
кхерамечу	9	0
кхерамца	9	0
кховдийра	9	0
кхоош	9	0
кхочушдайтархьама	9	0
кхочушдахь	9	0
кхочушхилла	9	0
кхуссур	9	0
къаьрхьин	9	1
къилбаседехьарчу	9	0
къилбе	9	0
къобалваран	9	0
къобалдина	9	0
къуреша	9	1
къушин	9	1
кӏелхьарвоккхург	9	0
лаамийн	9	0
ладогӏал	9	0
ладугӏийла	9	0
лайна	9	0
ларделаш	9	0
лах	9	0
лаьттинчу	9	0
лелалаш	9	0
леллара	9	0
лелорна	9	0
лена	9	0
летар	9	0
летийнарш	9	0
ливанунан	9	1
лиъча	9	0
лохха	9	0
лоьцуш	9	0
маликаша	9	0
маликех	9	0
малхбузера	9	0
марехь	9	0
массарах	9	0
меттаматтал	9	0
меттехула	9	0
мисархоша	9	0
мискачарна	9	0
мусаца	9	1
муххале	9	0
набу	9	1
накха	9	0
некъашкахула	9	0
низам	9	0
нуӏмата	9	1
олахочо	9	0
пайнехьас	9	1
парасан	9	1
парси	9	1
пахӏалан	9	1
пхуьйтталгӏачу	9	0
пхьеро	9	0
пӏелаштамхошца	9	0
рамли	9	1
рути	9	1
садоӏучу	9	0
самукъа	9	0
сийсазъяьккхина	9	0
сихьон	9	1
сонехь	9	0
сулиме	9	1
схьагулбира	9	0
схьадан	9	0
схьадогӏуш	9	0
схьайоккхур	9	0
схьаяьлла	9	0
текхаргаш	9	0
тешначийн	9	0
ткъайоьсна	9	0
тобанашца	9	0
тодеш	9	0
тхоьгара	9	0
тӏаьххьарчу	9	0
тӏаьхьабевлла	9	0
тӏаьхьахӏитта	9	0
тӏаьхьахӏоьттира	9	0
тӏебахара	9	0
тӏегӏерташ	9	0
тӏедеанчу	9	0
тӏедожийра	9	0
тӏепаза	9	0
уллу	9	0
хааме	9	0
хазий	9	0
халахетар	9	0
харцлуьйш	9	0
хетахь	9	0
хилийтар	9	0
хилийтина	9	0
хуьйцуш	9	0
хьалаайира	9	0
хьанас	9	1
хьацрани	9	1
хьаьжира	9	0
хьаьшна	9	0
хьевроне	9	1
хьекъалалле	9	0
хьехамех	9	0
хьеший	9	0
хьогалла	9	0
хьоькху	9	0
хьоьху	9	0
хьоьшуш	9	0
хӏаллакбе	9	0
хӏаллаквира	9	0
хӏаллакдо	9	0
хӏанох	9	1
хӏинам	9	1
хӏинан	9	0
хӏор	9	1
хӏордо	9	0
хӏусаме	9	0
цамгарш	9	0
цистина	9	0
цӏевнаш	9	0
цӏийнера	9	0
цӏуйх	9	0
чекхволуш	9	0
чӏир	9	0
шамранан	9	1
шерашкахь	9	0
шимин	9	1
шиннах	9	0
шовкъ	9	0
эдомхойн	9	0
элиӏазарна	9	1
эрз	9	0
эскаре	9	0
эскархойн	9	0
эхарта	9	0
эчигах	9	0
эшор	9	0
юкъах	9	0
юхабоьрзур	9	0
юхавеача	9	0
юьстира	9	0
яйтархьама	9	0
яккхийта	9	0
яманхой	9	0
ярх	9	0
яхьа	9	0
яцахь	9	0
ӏаббалц	9	1
ӏади	9	1
ӏалашонаш	9	1
ӏахарца	9	1
ӏемина	9	1
ӏесавана	9	1
ӏинна	9	1
ӏуьллур	9	1
акхаройн	9	0
банин	9	0
бусий	9	0
бӏаьргийн	9	0
ворхӏалгӏаниг	9	0
даларан	9	0
даьржина	9	0
деман	9	0
дерзийна	9	0
дошлойн	9	0
кеманан	9	0
койн	9	0
кхераделла	9	0
кхокханан	9	0
лерган	9	0
лов	9	0
оьзна	9	0
оьху	9	0
пхоьалгӏаниг	9	0
тӏергӏан	9	0
х	9	0
хьаькаман	9	0
чудерзо	9	0
буьртиг	9	0
духа	9	0
рогӏ	9	0
тап	9	0
айдар	9	0
ахӏи	9	0
аштаркх	9	0
аьхьа	9	0
бесо	9	0
буржуазно	9	0
же	9	0
комар	9	0
кхаьлла	9	1
морзах	9	0
москал	9	1
нохч	9	0
пӏелган	9	0
пӏелганиг	9	0
секха	9	0
сохь	9	0
социал	9	0
тӏох	9	0
цӏаза	9	0
чай	9	0
шах	9	0
шурул	9	0
абигӏал	8	1
азалера	8	0
алапа	8	0
апа	8	1
арабехира	8	0
араволучу	8	0
ахчанна	8	0
ахьтубин	8	1
ахьъяхӏу	8	1
бавелера	8	1
багар	8	0
байтира	8	0
бакъонех	8	0
бало	8	0
балор	8	0
барух	8	1
бассор	8	0
башанан	8	1
бедаршна	8	0
безар	8	0
берана	8	0
бергаш	8	0
беӏаран	8	1
билгал	8	0
бист	8	0
бохор	8	0
буьгур	8	0
буьйцу	8	0
буьйцуш	8	0
бӏаьрга	8	0
бӏаьргара	8	0
бӏозза	8	0
вазвина	8	0
валлал	8	0
ваханчу	8	0
ваьллачул	8	0
верза	8	0
верзий	8	0
верриге	8	0
вигна	8	0
виснарг	8	0
вогӏийла	8	0
войла	8	0
воллучохь	8	0
вохуьйтуш	8	0
воццушехь	8	0
вужур	8	0
гадӏане	8	1
галеш	8	0
галӏадерачу	8	1
гаьнна	8	0
гаьннашна	8	0
гойтура	8	0
гулдира	8	0
гуна	8	0
гӏарбашаш	8	0
гӏовттий	8	0
гӏоьнна	8	0
гӏудалкха	8	0
гӏудалкхана	8	0
гӏуллакхе	8	0
гӏунна	8	0
дагардина	8	0
дайира	8	0
дайтина	8	0
даладо	8	0
дамасакхехь	8	1
дахийта	8	0
даьӏнаш	8	0
дегнашца	8	0
деккъа	8	0
декъалдира	8	0
деллехь	8	0
дерзий	8	0
дехарна	8	0
дийнатна	8	0
дийцахьа	8	0
динчул	8	0
дирзира	8	0
довзийтина	8	0
дойтур	8	0
доттагӏашна	8	0
дохалла	8	0
дохийра	8	0
доьлху	8	0
доьхкуш	8	0
дӏабахийта	8	0
дӏавахийтира	8	0
дӏадахархьама	8	0
дӏадевр	8	0
дӏадехира	8	0
дӏадигна	8	0
дӏадийшира	8	0
дӏадоккху	8	0
дӏакхайкхош	8	0
дӏакхетар	8	0
дӏакхехьа	8	0
дӏакхоллу	8	0
дӏасадаржийна	8	0
дӏасадаржор	8	0
дӏасадекъа	8	0
дӏатеттира	8	0
дӏатоттур	8	0
дӏахьакхавелларг	8	0
дӏахӏиттабе	8	0
дӏахӏутту	8	0
дӏаяккха	8	0
екъаелла	8	0
елларг	8	0
ерихонан	8	1
жуьгташка	8	0
зуламашна	8	0
зӏе	8	0
изабала	8	1
исмаьӏала	8	1
ишттаниг	8	0
йийсархой	8	0
йирзина	8	0
йиттира	8	0
йоабана	8	1
йовтаман	8	1
йоккхура	8	0
йоллушехь	8	0
йолчун	8	0
йорданал	8	1
йохийначу	8	0
йохо	8	0
йохош	8	0
йохуш	8	0
йоьлху	8	0
йоьлхуш	8	0
йоӏаршна	8	0
карийча	8	0
кемсех	8	0
керташкахь	8	0
кечйинчу	8	0
кешнаш	8	0
кипина	8	1
когашца	8	0
кхелхинчул	8	0
кхерамо	8	0
кхеташонехь	8	0
кхечара	8	0
кхидрун	8	1
кхиссира	8	0
кхоллам	8	0
кхочуьйтур	8	0
кхуьнга	8	0
къилбаседерчу	8	0
къинойн	8	0
къуббанаш	8	0
къуша	8	0
кӏелхьарбехира	8	0
кӏелхьардахахьа	8	0
кӏелхьардаьккхина	8	0
лаар	8	0
ларво	8	0
лардар	8	0
лаьмнашкара	8	0
лаьхьано	8	0
лелийначунна	8	0
лиънарг	8	0
лозуш	8	0
лоьхур	8	0
лург	8	0
магийна	8	0
магийтина	8	0
мало	8	0
малхан	8	0
мардахайна	8	1
массарал	8	0
махана	8	0
меже	8	0
мехкаш	8	0
мешак	8	1
микас	8	1
мисара	8	1
мисархо	8	0
мисканиг	8	0
мутта	8	0
нага	8	1
негӏарна	8	0
неӏаран	8	0
неӏаре	8	0
нох	8	0
нуьцкъалчо	8	1
орамат	8	0
охьабахккалц	8	0
охьаийгира	8	0
охьахаийра	8	0
охьахуур	8	0
падан	8	1
паргӏатдаьккхина	8	0
парзашца	8	0
перезахой	8	0
пеша	8	0
раабан	8	1
рахьбуӏамна	8	1
резахиларца	8	0
резахилира	8	0
садеӏар	8	0
сарата	8	1
саццаза	8	0
серлонгахь	8	0
сехьа	8	0
совдегарш	8	0
старана	8	0
старгӏица	8	0
стогарна	8	0
стоьла	8	0
сунт	8	0
схьадаккха	8	0
схьадаьккхира	8	0
схьадеана	8	0
схьалаьцна	8	0
схьахезаш	8	0
схьаяккха	8	0
схьаяьккхира	8	0
тархашна	8	0
теллина	8	0
терахье	8	0
тешамечу	8	0
тешара	8	0
тешаран	8	0
тийжа	8	0
тобанашкахь	8	0
тобанашна	8	0
товш	8	0
тосу	8	0
тоьлуш	8	0
тоьшаллина	8	0
тукхам	8	0
тутмакхаш	8	0
туьйсуш	8	0
тӏаьхьенца	8	0
тӏевирзина	8	0
тӏедеара	8	0
тӏедуьйла	8	0
хаалахь	8	0
хазахь	8	0
хеда	8	0
хестор	8	0
хилахьара	8	0
хинйолчу	8	0
хуьлучул	8	0
хьакхар	8	0
хьариб	8	1
хьаьвзира	8	0
хьаькамийн	8	0
хьаькамна	8	0
хьаькхча	8	0
хьаьтта	8	0
хьетахой	8	0
хьех	8	0
хьоле	8	0
хьоьгахь	8	0
хьоьгучу	8	0
хьоьхур	8	0
хӏаллакбо	8	0
хӏаллакван	8	0
хӏаллакьян	8	0
хӏаран	8	1
цамгаран	8	0
цамгарех	8	0
царех	8	0
цӏеношна	8	0
чекхдаллалц	8	0
чекхдевлла	8	0
чераш	8	0
четаршна	8	0
чехка	8	0
чкъурана	8	0
чкъург	8	0
чудерзочу	8	0
чӏагӏбина	8	0
чӏагӏвелла	8	0
чӏагӏдира	8	0
чӏагӏонах	8	0
шабаӏе	8	1
шадрак	8	1
шалуман	8	1
шалхо	8	0
шамаӏ	8	1
шилунехь	8	1
шораллехь	8	0
шорто	8	0
шунамхо	8	0
шуьгахь	8	0
эгна	8	0
эсалчу	8	0
эцначу	8	0
эшар	8	0
юаша	8	1
юкъана	8	0
юхаберзор	8	0
юхадерзор	8	0
юьйцина	8	0
яиран	8	1
яйтина	8	0
ялийначу	8	0
яппи	8	1
яптахьа	8	1
ярийн	8	0
ятӏари	8	1
яхийтира	8	0
яхӏуаш	8	1
яхӏудхойх	8	0
яхӏух	8	1
яхӏуца	8	1
ӏада	8	1
ӏалашдеш	8	1
ӏалашдийр	8	1
ӏамминадабан	8	1
ӏамо	8	1
ӏаруӏер	8	1
ӏасахӏал	8	1
ӏедан	8	1
баьсса	8	0
бесара	8	0
бовха	8	0
виран	8	0
гӏишлойн	8	0
гӏожан	8	0
дарий	8	0
дехна	8	0
дешан	8	0
дуьххьарлераниг	8	0
жӏаьлийн	8	0
йишин	8	0
йолхалгӏаниг	8	0
ламин	8	0
саьхьан	8	0
совнаха	8	0
тидаме	8	0
тӏама	8	0
уьссалгӏа	8	0
хьолан	8	0
хӏуш	8	0
церг	8	0
шаршун	8	0
аьчк	8	0
жий	8	0
нуьйр	8	0
хӏуй	8	0
абал	7	1
абихӏу	7	1
абушаламна	7	1
адамашца	7	0
айп	7	0
алийта	7	0
амал	7	0
араваьлча	7	0
аравер	7	0
арадехира	7	0
арадолуш	7	0
арбаӏ	7	1
ашурхой	7	0
аьллехь	7	0
аьрзнаш	7	0
аюбан	7	1
бакъдолчун	7	0
бакъйолу	7	0
балур	7	0
бартах	7	0
баруха	7	1
барх	7	0
бассийна	7	0
баьпках	7	0
баьччанех	7	0
бегийра	7	0
бедарх	7	0
бешаш	7	0
бийриг	7	0
билгалъяьккхина	7	0
бовлу	7	0
божарех	7	0
боцучеран	7	0
боьлхучу	7	0
булаӏ	7	1
буьйсанаш	7	0
буьххье	7	0
бӏаьрзенаш	7	0
ваийтинчу	7	0
вайшиммо	7	0
вале	7	0
валийта	7	0
варуш	7	1
вехьа	7	0
виркхелаш	7	0
воллучу	7	0
воуьйтур	7	0
гечдан	7	0
ги	7	0
гинера	7	0
гулдеш	7	0
гулдийр	7	0
гӏаролхо	7	0
гӏирсашца	7	0
гӏойла	7	0
гӏолахь	7	0
гӏудалкхашна	7	0
гӏуллакхах	7	0
гӏутакх	7	0
дагадеана	7	0
даладе	7	0
даханера	7	0
даьӏахкех	7	0
девдда	7	0
девлча	7	0
дегнаша	7	0
дегӏаца	7	0
дедда	7	0
дейтта	7	0
декъалбина	7	0
декъах	7	0
декъачу	7	0
декъех	7	0
делилас	7	1
делкъахенахь	7	0
дешил	7	0
дешица	7	0
дешнашна	7	0
диг	7	0
дийзира	7	0
дийнах	7	0
дийцинчух	7	0
дикане	7	0
дист	7	0
дистина	7	0
довза	7	0
догӏмашна	7	0
дойн	7	0
долийла	7	0
долучу	7	0
доьзалца	7	0
доькъуш	7	0
дукхачу	7	0
дума	7	0
дуьгур	7	0
дуьйцучух	7	0
дуьхьалбевлларш	7	0
дӏабахийтира	7	0
дӏаваьккхира	7	0
дӏавижахь	7	0
дӏавуьжучу	7	0
дӏагайта	7	0
дӏадаа	7	0
дӏадаьккхира	7	0
дӏадовллалц	7	0
дӏадуьйцур	7	0
дӏакхайкхийра	7	0
дӏакхаьллина	7	0
дӏакхаьчна	7	0
дӏакхечира	7	0
дӏакховдийна	7	0
дӏакъаьстар	7	0
дӏатийна	7	0
дӏахезна	7	0
дӏахоуьйту	7	0
дӏахӏитто	7	0
дӏахӏоттош	7	0
дӏаяханчу	7	0
дӏаяхара	7	0
евзаш	7	0
евлла	7	0
едда	7	0
ехкира	7	0
жине	7	0
зевадин	7	1
зезагаш	7	0
инжирийн	7	0
инзар	7	0
инзаречу	7	0
итамар	7	1
йича	7	0
йовр	7	0
йовхо	7	0
йоккхаеш	7	0
йолаелира	7	0
йорама	7	1
кана	7	0
карош	7	0
катоьхна	7	0
кечдинчу	7	0
кир	7	0
кира	7	0
кица	7	0
корах	7	0
куьйгалхочун	7	0
куьйгалхочунна	7	0
кхайкхадо	7	0
кхаьллина	7	0
кхелахочо	7	0
кхетча	7	0
кхийрачу	7	0
кхиссарш	7	0
кхобу	7	0
кхойкхура	7	0
кхочушдора	7	0
къениг	7	0
къехка	7	0
къизаллица	7	0
къилбаседехь	7	0
къонахой	7	0
къорза	7	0
кӏадинан	7	0
кӏедачу	7	0
кӏелхьарвер	7	0
кӏелхьардевр	7	0
кӏохцалш	7	0
лаамашна	7	0
лакхенашкахь	7	0
ларвехьа	7	0
латтадо	7	0
латтанашна	7	0
латтий	7	0
лаьттийла	7	0
лаьхкира	7	0
леа	7	1
лергашца	7	0
лерира	7	0
летадайтинчу	7	0
летадора	7	0
леторна	7	0
лечу	7	0
либна	7	1
лийлира	7	0
ломара	7	0
лоцур	7	0
магдалера	7	1
майранаш	7	0
малхбузе	7	0
малхо	7	0
мархин	7	0
махарчий	7	0
мекха	7	0
меллаша	7	0
меттаматте	7	0
меттахӏоттор	7	0
меттигийн	7	0
мехкийн	7	0
микаал	7	1
муабахоша	7	0
мукъам	7	0
мутт	7	0
мухӏарца	7	0
набахтера	7	0
надаба	7	1
нери	7	1
неӏаршна	7	0
нигаташ	7	0
нислур	7	0
ницкъаш	7	0
ницкъо	7	0
нус	7	0
охка	7	0
охьавуьйжира	7	0
охьадоьттира	7	0
охьахаа	7	0
оьгӏазаллех	7	0
оьла	7	0
парушхойн	7	0
парушхошна	7	0
пачхьалкхийн	7	0
пилапа	7	1
пхеаннах	7	0
пхьаьрсаца	7	0
рабила	7	1
ребикхас	7	1
сагӏанца	7	0
сара	7	0
сардамаш	7	0
сацийна	7	0
севцина	7	0
селхана	7	0
сеца	7	0
сийнна	7	0
сихло	7	0
сонтачун	7	0
сутара	7	0
схьабалабе	7	0
схьабалор	7	0
схьабевллачу	7	0
схьабогӏуш	7	0
схьаваьккхира	7	0
схьагулбийр	7	0
схьадер	7	0
схьадоккхур	7	0
тайпанарчу	7	0
тайпанашка	7	0
тарлора	7	0
тарлур	7	0
тарлуш	7	0
тасалур	7	0
тасий	7	0
тачанаш	7	0
таӏийна	7	0
текхаш	7	0
тешаре	7	0
тешахь	7	0
тиладелла	7	0
тогӏеш	7	0
тохий	7	0
тоххара	7	0
тоьхначу	7	0
тукхамашца	7	0
тӏамера	7	0
тӏедеана	7	0
тӏедиллинчу	7	0
тӏееара	7	0
тӏелаца	7	0
уьттазза	7	0
хаало	7	0
хадо	7	0
хадор	7	0
хазахетарх	7	0
харцделанийн	7	0
хатт	7	0
хашадхой	7	0
хене	7	0
хетачу	7	0
хиллачара	7	0
хуьйцур	7	0
хьайгара	7	0
хьалаваьлла	7	0
хьаша	7	0
хьекъалаллех	7	0
хьекъалаллин	7	0
хьехамашкахь	7	0
хьехамца	7	0
хьехаш	7	0
хьожу	7	0
хьор	7	0
хьорон	7	1
хьошура	7	0
хьоьгахьа	7	0
хьоьжучу	7	0
хьоькхучу	7	0
хӏаллакдархьама	7	0
хӏаллакьхила	7	0
хӏаллакьхуьлу	7	0
хӏиттийначу	7	0
хӏонсах	7	0
хӏуманца	7	0
хӏутту	7	0
хӏуттура	7	0
хӏушаӏ	7	1
хӏушаӏа	7	1
цапни	7	1
цаца	7	0
цигахула	7	0
цин	7	1
цкъачунна	7	0
цхьайтталгӏачу	7	0
цӏанло	7	0
цӏанлур	7	0
цӏарула	7	0
цӏентӏехь	7	0
цӏерца	7	0
цӏийнаца	7	0
цӏинлучу	7	0
цӏогӏа	7	0
цӏока	7	0
чекхдаккха	7	0
ченах	7	0
чӏагӏдархьама	7	0
чӏагӏделла	7	0
чӏоьнаш	7	0
шабаӏа	7	1
шалам	7	1
шамӏин	7	1
шатӏа	7	1
шидин	7	1
шима	7	1
шуьйтталгӏачу	7	0
эккхийна	7	0
элиаб	7	1
элиал	7	1
элиӏазаре	7	1
эмкал	7	0
эсирате	7	1
эскарийн	7	0
эхӏ	7	1
эшош	7	0
юзабди	7	1
юккъерачу	7	0
ягае	7	0
ялур	7	0
яптахь	7	1
ярушалаймхой	7	0
яӏарим	7	1
яӏзир	7	1
яӏиал	7	1
ӏамасаъ	7	1
ӏамийна	7	1
ӏамихӏудан	7	1
ӏенош	7	1
ӏесачун	7	1
ӏожалле	7	1
ӏомана	7	1
ӏотта	7	1
ӏузиал	7	1
ӏузин	7	1
ӏумари	7	1
ӏуьно	7	1
аьгна	7	0
аьхкенан	7	0
аьхкина	7	0
баьржина	7	0
бийна	7	0
борхӏалгӏаниг	7	0
даьккхинарг	7	0
дицделла	7	0
заьнгала	7	0
зуламениг	7	0
йист	7	0
кор	7	0
коьртан	7	0
кхерзина	7	0
лайн	7	0
мин	7	0
некхан	7	0
суьртан	7	0
туьран	7	0
уьтталгӏаниг	7	0
хурмин	7	0
хӏо	7	0
белхалойн	7	0
кӏез	7	0
сацар	7	0
абушай	6	1
агӏарипа	6	1
агӏонаш	6	0
апар	6	1
арабаха	6	0
арадаьккхира	6	0
арадаьлла	6	0
арадевлла	6	0
аренийн	6	0
асар	6	0
ахтайпанан	6	0
ашуран	6	1
аьрхалла	6	0
баганца	6	0
базаран	6	0
балха	6	0
бани	6	1
бахь	6	0
бахьар	6	0
башхо	6	0
баьпкаца	6	0
бевллачу	6	0
бевр	6	0
безамна	6	0
бекъна	6	0
бел	6	1
беллачеран	6	0
белхалоша	6	0
беран	6	0
бехйина	6	0
бецаш	6	0
бигна	6	0
билгалдаьккхинчу	6	0
билгалдаьккхира	6	0
билгалдаьхна	6	0
биц	6	0
бодано	6	0
бойту	6	0
бохамах	6	0
бохийра	6	0
бохурш	6	0
бохь	6	0
бошмашкахь	6	0
боьссира	6	0
бузуьйтуш	6	0
буьйсанний	6	0
буьтуш	6	0
ваийтира	6	0
ваккхахьа	6	0
валахь	6	0
варелахь	6	0
варушан	6	1
ваьхча	6	0
вейта	6	0
веккъа	6	0
веллачу	6	0
веллачун	6	0
веших	6	0
вийнера	6	0
вича	6	0
вовзар	6	0
вовшахтоьхна	6	0
вогӏура	6	0
воккхачунна	6	0
вонах	6	0
вонна	6	0
ворта	6	0
воха	6	0
вукхарна	6	0
вуьгуш	6	0
гада	6	1
гадӏанан	6	1
галгала	6	1
гаранашца	6	0
гезарийн	6	0
гергарчарна	6	0
гечдар	6	0
гиний	6	0
гинчу	6	0
говрашна	6	0
гуламо	6	0
гулбелла	6	0
гулде	6	0
гулдо	6	0
гӏайхьази	6	1
гӏанташ	6	0
гӏарар	6	1
гӏаролхоша	6	0
гӏахь	6	0
гӏийлачу	6	0
гӏуллакхо	6	0
дагавала	6	0
дагаде	6	0
дагадоуьйтур	6	0
дагах	6	0
дайшкара	6	0
даккхахь	6	0
даккхийта	6	0
дарже	6	0
дахарца	6	0
даша	6	0
даьллачунна	6	0
даьллера	6	0
даьхкира	6	0
деба	6	0
дегнашна	6	0
дегор	6	0
дезахь	6	0
декъалвар	6	0
декъашхой	6	0
деланех	6	0
дерзор	6	0
деттина	6	0
дехалаш	6	0
дехарца	6	0
дехча	6	0
дечеран	6	0
дечигна	6	0
дибар	6	1
дигира	6	0
дигна	6	0
дийкъира	6	0
дийцийта	6	0
дикачух	6	0
диллий	6	0
динах	6	0
дитташа	6	0
дихкира	6	0
довлалаш	6	0
догӏанан	6	0
дойту	6	0
доладелира	6	0
долуьйту	6	0
долчул	6	0
доттарца	6	0
дохковаьлла	6	0
дошлошца	6	0
доьхура	6	0
доӏаха	6	0
дугӏур	6	0
дустарш	6	0
дуттуш	6	0
дуьйлуш	6	0
дуьйцучуьнга	6	0
дуьненаюккъерчу	6	1
дуьхьалвала	6	0
дуьхьалдаьлла	6	0
дӏабевлла	6	0
дӏабига	6	0
дӏабигна	6	0
дӏабоккхур	6	0
дӏаваллалц	6	0
дӏаваьккхина	6	0
дӏавирзина	6	0
дӏаволла	6	0
дӏавоьрзур	6	0
дӏадаьхна	6	0
дӏадигира	6	0
дӏаийцира	6	0
дӏайохур	6	0
дӏакъасто	6	0
дӏаоьцур	6	0
дӏасабевдира	6	0
дӏасаяржийна	6	0
дӏатотту	6	0
дӏахӏоттабе	6	0
дӏахӏоттийнарг	6	0
дӏахӏоьтти	6	0
дӏахӏоьттинчу	6	0
дӏахӏуьтту	6	0
дӏаяздеш	6	0
дӏаяллалц	6	0
дӏаяхьа	6	0
забул	6	1
зезагийн	6	0
зерахь	6	1
зоь	6	0
зуламхошна	6	0
зӏийдигаш	6	0
ибраман	6	1
ибрахӏимца	6	1
ийпадна	6	0
йига	6	0
йисна	6	0
йиснарг	6	0
йистош	6	0
йитира	6	0
йиц	6	0
йишица	6	0
йоццуш	6	0
кабар	6	1
кан	6	0
кегаш	6	0
кемалелорхой	6	0
кепехь	6	0
кескаш	6	0
коган	6	0
когашкахь	6	0
кочар	6	0
курачу	6	0
куьйгалхойх	6	0
кхаима	6	1
кхайкхаде	6	0
кхайкхале	6	0
кхалхар	6	0
кхахьпа	6	0
кхачам	6	0
кхачош	6	0
кхаьрда	6	0
кхаьчнарг	6	0
кхелах	6	0
кхерамах	6	0
кхетамца	6	0
кхеташоне	6	0
кхеттачу	6	0
кхир	6	1
кхойкхучу	6	0
кхоллале	6	0
кхочушбийр	6	0
кхочушдайта	6	0
кхочушделаш	6	0
кхоьллинчунна	6	0
кхоьллира	6	0
кхуьссуш	6	0
къастийначу	6	0
къахьегна	6	0
къаьмнашкара	6	0
къаьсташ	6	0
къеггина	6	0
къийсамаш	6	0
къилбера	6	0
къиноша	6	0
къиношца	6	0
къобалбина	6	0
къобалвинчуьнгахула	6	1
кӏажаш	6	0
кӏелхьарбоху	6	0
кӏелхьарваьккхира	6	0
кӏомсарех	6	0
лабанна	6	1
ладогӏийша	6	0
лазарша	6	0
лами	6	0
ларбо	6	0
ларлолахь	6	0
латийнехь	6	0
латкъам	6	0
латтийра	6	0
лачкъа	6	0
лелайора	6	0
лелачарна	6	0
лепар	6	0
лере	6	0
лестош	6	0
ломах	6	0
лорура	6	0
лоцучу	6	0
лоьхург	6	0
лурбоьлла	6	0
магӏидда	6	1
маданхой	6	0
маданхошна	6	0
майданашкахь	6	0
малийра	6	0
малончо	6	0
малор	6	0
малхбузехьара	6	0
мархи	6	0
маршо	6	0
маттаца	6	0
махке	6	0
махьли	6	1
мацаллех	6	0
мацах	6	0
машарехь	6	0
маӏун	6	1
мекарчу	6	0
мискачунна	6	0
мозий	6	0
мукъа	6	0
набал	6	1
набутин	6	1
назарт	6	1
накхош	6	0
накъосташна	6	0
настарш	6	0
нахьир	6	1
нахьиран	6	1
нахьми	6	1
негӏарш	6	0
некъашкахь	6	0
неӏарна	6	0
неӏсагӏина	6	0
нийсоно	6	0
нис	6	0
нисде	6	0
олалле	6	0
олий	6	0
олхазаран	6	0
олхазарех	6	0
оникс	6	0
охьавоьссира	6	0
охьатаӏийра	6	0
охьаховшор	6	0
оьгӏазваханчу	6	0
оьгӏазвахханчохь	6	0
оьхура	6	0
пади	6	1
паран	6	1
парас	6	1
паргӏатбаха	6	0
парушхо	6	0
паччахьал	6	0
раме	6	1
сагатдеш	6	0
садолу	6	0
сакъерадалар	6	0
самаваьлча	6	0
сардам	6	0
сарет	6	1
силам	6	0
синкъераме	6	0
сихо	6	0
совдаьккхина	6	0
сонтачо	6	0
стелахаьштигаш	6	0
стогаран	6	0
стоьмех	6	0
сунтвина	6	0
схьабогӏур	6	0
схьавогӏур	6	0
схьадалор	6	0
схьаеара	6	0
схьакхойкхур	6	0
схьалуш	6	0
талхийна	6	0
тар	6	0
тасарца	6	0
таӏзарх	6	0
таӏзарш	6	0
тешнарш	6	0
тобира	6	0
тойнехь	6	0
тохахь	6	0
туьре	6	0
тхевнна	6	0
тхойшиъ	6	0
тхоьгахь	6	0
тхьамданашна	6	0
тӏаьхьахӏиттира	6	0
тӏебоьдучу	6	0
тӏевеанчу	6	0
тӏегӏоьртира	6	0
тӏедеача	6	0
тӏедехкинчу	6	0
тӏекхечира	6	0
тӏемалошца	6	0
тӏетовжа	6	0
тӏеттӏа	6	0
тӏеюьйхира	6	0
уллорчу	6	0
урамаш	6	0
урамашкахула	6	0
уьно	6	0
хаахь	6	0
хазахетаран	6	0
хазахийтира	6	0
хаийна	6	0
хаийтина	6	0
халла	6	0
хамталлаш	6	0
хаьржинарш	6	0
хенаш	6	0
хеттарг	6	0
хеттарш	6	0
хийцалур	6	0
хийцина	6	0
хилийтахьа	6	0
хиндолу	6	0
ховша	6	0
хуъушехь	6	0
хьагай	6	1
хьажахь	6	0
хьажий	6	0
хьазиал	6	1
хьакхавелларг	6	0
хьалаайинчу	6	0
хьанат	6	1
хьахор	6	0
хьехамо	6	0
хьехарш	6	0
хьешашна	6	0
хьовсийша	6	0
хьолана	6	0
хьур	6	0
хӏажар	6	1
хӏаллакдар	6	0
хӏаллакьхуьлуш	6	0
хӏаманан	6	1
хӏоаш	6	0
хӏоккху	6	0
хӏордкема	6	0
хӏоттий	6	0
хӏуьттуш	6	0
цалпихьадан	6	1
цахиларна	6	0
цоьстур	6	0
цура	6	1
цхьаалла	6	0
цхьаццаммо	6	0
цхьаьнга	6	0
цӏандийр	6	0
цӏов	6	0
цӏоӏар	6	1
цӏуша	6	0
чевнашна	6	0
чекхдаьккхира	6	0
чо	6	0
чоьнашна	6	0
чуволучу	6	0
чулацам	6	0
чӏагӏонца	6	0
шалтаалан	6	1
шалха	6	0
шалхалла	6	0
шамъална	6	1
шараб	6	1
шаршуна	6	0
шаулах	6	1
шек	6	0
шекхалан	6	0
шерет	6	0
шийла	6	0
шок	6	0
шуьне	6	0
элишаӏе	6	1
элкханан	6	1
элъякъим	6	1
эпраймхоша	6	0
эпрам	6	1
эхарт	6	0
эшам	6	0
юхаметтахӏоттийра	6	0
юхахьаьжча	6	0
юххерчу	6	0
юххехула	6	0
юьзира	6	0
юьтур	6	0
юьтуш	6	0
явеш	6	1
явсайхойн	6	0
яга	6	0
ягар	6	0
яийта	6	0
ялийта	6	0
ярбаӏамна	6	1
ярохьаман	6	1
ярташка	6	0
ярца	6	0
яхьиал	6	1
яхӏугахула	6	1
ӏадаташ	6	1
ӏадин	6	1
ӏадор	6	1
ӏамминхошна	6	1
ӏамминхошца	6	1
ӏамош	6	1
ӏапру	6	1
ӏаьр	6	1
ӏедалехь	6	1
ӏезара	6	1
ӏейламан	6	1
ӏелас	6	1
ӏохку	6	1
ӏоьттира	6	1
ата	6	0
вагийна	6	0
вар	6	0
ветанан	6	0
гатанан	6	0
гӏиртина	6	0
гӏожмаш	6	0
дарбане	6	0
дейтталгӏа	6	0
еакӏов	6	0
ехна	6	0
карийнарг	6	0
кхахьпалла	6	0
кхеллин	6	0
кӏайделла	6	0
кӏалд	6	0
маьлхан	6	0
молха	6	0
тептаран	6	0
тӏара	6	0
уьссалгӏаниг	6	0
хьуьнаре	6	0
цхьайтталгӏаниг	6	0
чарх	6	0
чӏеран	6	0
шибар	6	0
юхадеана	6	0
яьржина	6	0
ахархойн	6	0
баба	6	0
дацар	6	0
жӏов	6	0
кар	6	0
мела	6	0
ш	6	0
шича	6	0
абушайс	6	1
адамехула	6	0
айдеш	6	0
айлон	6	1
алалур	6	0
аларна	6	0
алийша	6	0
амиран	6	1
арабаьхна	6	0
арадаьхначу	6	0
арадовла	6	0
арамхошна	6	0
арарчу	6	0
арданг	6	0
аренгарчу	6	0
асайп	6	1
асаран	6	0
астагӏнаш	6	0
ахаша	6	1
ахӏуд	6	1
аьтта	6	0
багийра	6	0
багор	6	0
бакъболу	6	0
бакъдина	6	0
балабо	6	0
баллалц	6	0
барра	6	0
барухе	6	1
басар	6	0
батто	6	0
бахархошца	6	0
бахкийтира	6	0
бахьанаш	6	0
баьллачу	6	0
баьхначу	6	0
баьччанийн	6	0
бевлларш	6	0
бедаршца	6	0
бежанна	6	0
безарх	6	0
бенаш	6	0
бета	6	0
бехачарна	6	0
бинехь	6	0
бихрин	6	1
бовла	6	0
боданан	6	0
бозбунчаш	6	0
болар	6	0
боллу	6	0
бохаман	6	0
бохуьйтуш	6	0
боцург	6	0
бошата	6	1
боьалгӏачу	6	0
боьрзу	6	0
бузур	6	0
бун	6	0
буьзира	6	0
буьту	6	0
бӏаьста	6	0
бӏобулуш	6	0
вазваран	6	0
ваийта	6	0
ваийтинарг	6	1
варий	6	0
ваьлларг	6	0
ваьллачу	6	0
вевзира	6	0
вегош	6	0
векалийн	6	0
велахьара	6	0
весеташка	6	0
вехна	6	0
вийначунна	6	0
виркхела	6	0
водахь	6	0
волура	6	0
волчуьнца	6	0
воуьйту	6	0
воцучо	6	0
вочунна	6	0
воьлуш	6	0
воьлхур	6	0
воьхна	6	0
галилайра	6	1
гаранна	6	0
гатихо	6	0
геланчаша	6	0
гиначух	6	0
говрашкахь	6	0
гулбеллачарна	6	0
гулвина	6	0
гулйина	6	0
гулъеш	6	0
гунашна	6	0
гуро	6	0
гучудер	6	0
гӏагӏ	6	0
гӏайгӏанаш	6	0
гӏаланашкахула	6	0
гӏашло	6	0
гӏенан	6	0
гӏерталаш	6	0
гӏертара	6	0
гӏолаш	6	0
гӏопахь	6	0
гӏуллакха	6	0
гӏулч	6	0
даза	6	0
даздар	6	0
даийтира	6	0
даккхийчу	6	0
дакъошка	6	0
дакъошна	6	0
даларна	6	0
далахь	6	0
дамасакхе	6	1
даниална	6	1
дарж	6	0
дассаделла	6	0
дахархьама	6	0
дахахьа	6	0
дахча	6	0
даъал	6	0
даьхьира	6	0
девллачу	6	0
дегнийн	6	0
дежийла	6	0
дезарна	6	0
дезийла	6	0
дезна	6	0
дезткъа	6	0
декхаш	6	0
декъалво	6	0
декъо	6	0
дел	6	0
деланаша	6	0
деланашка	6	0
делехь	6	1
делкъахан	6	0
деношна	6	0
дестар	6	0
дечо	6	0
дечуьра	6	0
дибон	6	1
дийцича	6	0
диканан	6	0
дила	6	0
динарш	6	0
диттех	6	0
довзийта	6	0
довзийтархьама	6	0
догъэца	6	0
дозуш	6	0
дойуш	6	0
долчуьнца	6	0
дохо	6	0
доьжна	6	0
доькъур	6	0
доьрзур	6	0
доьхначу	6	0
доьхург	6	0
доьшуш	6	0
доӏанашна	6	0
дуйнаш	6	0
дуста	6	0
дуура	6	0
дуьйцучу	6	0
дуьхьалвахара	6	0
дуьхьалхӏоьттира	6	0
дӏабаханчу	6	0
дӏабаьлла	6	0
дӏабаьхна	6	0
дӏабевдира	6	0
дӏабевр	6	0
дӏавада	6	0
дӏаведира	6	0
дӏавер	6	0
дӏаволало	6	0
дӏавоьду	6	0
дӏавоьллина	6	0
дӏавуьгур	6	0
дӏадахьийтира	6	0
дӏадаьккхича	6	0
дӏадаьллачул	6	0
дӏаден	6	0
дӏадуьгур	6	0
дӏайиллира	6	0
дӏайойур	6	0
дӏасабаржор	6	0
дӏасадаьржира	6	0
дӏатаса	6	0
дӏатосургаш	6	0
дӏахозийла	6	0
дӏахоийла	6	0
дӏахӏиттош	6	0
дӏаэр	6	0
дӏаяздира	6	0
дӏаяьккхина	6	0
евр	6	0
езаелла	6	0
ерзинчу	6	0
ерихонна	6	1
еттара	6	0
еттарца	6	0
ехира	6	0
еӏуш	6	1
жижигах	6	0
жинашна	6	0
жӏаран	6	0
зимари	6	1
зударшка	6	0
зурбабел	6	1
зурбабелан	6	1
зурма	6	0
зурманийн	6	0
ибрамна	6	1
исхьакхе	6	1
йийкъира	6	0
йинехь	6	0
йогу	6	0
йозанашна	6	1
йойур	6	0
йокъа	6	0
йорданан	6	1
йорданна	6	1
йохка	6	0
йохур	6	0
йоьду	6	0
йоӏарша	6	0
йоӏаца	6	0
каравахь	6	0
карадо	6	0
каш	6	0
кевнашкахь	6	0
кевнашна	6	0
керланиг	6	0
кечъян	6	0
килик	6	1
кипий	6	1
когара	6	0
кочара	6	0
коьллех	6	0
кураллех	6	0
кучамаш	6	0
кхайкхинчу	6	0
кхарда	6	0
кхардам	6	0
кхачамалла	6	0
кхачор	6	0
кхедаш	6	1
кхетий	6	0
кхетийтархьама	6	0
кхехкаш	6	0
кхечаьрца	6	0
кхиам	6	0
кхиамца	6	0
кхоа	6	0
кхокхарчий	6	0
кхорахь	6	1
кхочийла	6	0
кхочушбе	6	0
кхочушдарца	6	0
кхочуьйтуш	6	0
кхоьллинчо	6	0
кхоьхьуш	6	0
къаим	6	1
къаьмнашкахула	6	0
къаьхьачу	6	0
къечунна	6	0
къилбаседера	6	0
къобалдира	6	0
кӏелхьарваларан	6	0
кӏелхьарваьккхи	6	0
кӏелхьардаккхар	6	0
кӏелхьардовла	6	0
кӏелхьардовларан	6	0
кӏелхьардоху	6	0
кӏира	6	0
кӏоргге	6	0
лаамашца	6	0
лабанан	6	1
ладугӏура	6	0
лакхенаш	6	0
ларар	6	0
лардахь	6	0
ларъе	6	0
лаьмнех	6	0
лекхча	6	0
леларан	6	0
лелийра	6	0
лелийтархьама	6	0
лемакӏ	6	1
летира	6	0
лиънера	6	0
лодди	6	1
локху	6	0
локхур	6	0
лоллин	6	0
лоргуш	6	0
лулахой	6	0
лутӏас	6	1
лутӏин	6	1
майданна	6	0
майрачух	6	0
македон	6	1
малийна	6	0
маликна	6	1
маргӏал	6	0
марнанна	6	0
масална	6	0
маттана	6	0
маттах	6	0
маттит	6	1
махко	6	0
машшашца	6	0
маьршачу	6	0
маьттаза	6	0
маьхьаршца	6	0
маӏех	6	0
мекарло	6	0
меттаматтара	6	0
меттаматтахь	6	0
меттаметтанаш	6	0
меттанашца	6	0
мискачу	6	0
миччахьа	6	0
могуьйтур	6	0
могӏа	6	0
молура	6	0
муьйлуш	6	0
нааба	6	1
набути	6	1
назартера	6	1
напха	6	0
натунаил	6	1
негӏаршца	6	0
нийсонах	6	0
ной	6	0
нукха	6	1
нуп	6	1
нуьцкъалниг	6	0
ойланаша	6	0
олаллица	6	0
олахочуьнга	6	0
олхазаршна	6	0
оруш	6	0
охьадилла	6	0
охьаоьхуш	6	0
охьатаӏийна	6	0
охьаховша	6	0
оьгӏазвахийтира	6	0
оьрнаш	6	0
оьшур	6	0
пайдехь	6	0
пайнехьасан	6	1
парзашна	6	0
парзийн	6	0
пачхьалкхера	6	0
перезахойн	6	0
пеш	6	0
пхьидарчий	6	0
пӏелгаца	6	0
пӏелгаш	6	0
рагӏ	6	0
рахбин	6	1
резабоцуш	6	0
речӏанна	6	0
риман	6	1
садаьӏира	6	0
садукъой	6	0
сай	6	0
самукъадаккха	6	0
сашортехь	6	0
селахь	6	1
сецча	6	0
сийсазалла	6	0
син	6	0
синера	6	0
сири	6	1
сисрин	6	1
сихьонна	6	1
совсийна	6	0
совцура	6	0
стогарш	6	0
сунтбина	6	0
схьабалийра	6	0
схьабаьхкина	6	0
схьабаьхкинчу	6	0
схьабохур	6	0
схьагулде	6	0
схьагулдира	6	0
схьагулъеш	6	0
схьадаьккхинчух	6	0
схьаделира	6	0
схьаделла	6	0
схьадийца	6	0
схьадиллира	6	0
схьадолучу	6	0
схьакхаьчна	6	0
схьакъастийна	6	0
схьаялае	6	0
схьаяха	6	0
тайра	6	0
такха	6	0
талхор	6	0
тарделла	6	0
тассалник	6	1
ташацар	6	1
таӏзаран	6	0
телхинчу	6	0
теман	6	1
тешалаш	6	0
тешачарна	6	0
тийса	6	0
тилабелла	6	0
тимапис	6	1
тита	6	1
товийр	6	0
товина	6	0
толамаш	6	0
толамца	6	0
тоьлу	6	0
тулгӏенаша	6	0
тупала	6	1
туьйсинчу	6	0
туьйсу	6	0
туьра	6	0
тхайх	6	0
тӏадамаш	6	0
тӏахьир	6	1
тӏебеача	6	0
тӏевалийра	6	0
тӏеваха	6	0
тӏегӏа	6	0
тӏедерзийна	6	0
тӏедоьхуш	6	0
тӏекаре	6	0
тӏекхочу	6	0
тӏекӏел	6	0
тӏемалошка	6	0
тӏемийн	6	0
тӏулгашна	6	0
уллорачеран	6	0
устазо	6	0
уьдуш	6	0
хаддаза	6	0
хазийта	6	0
халчу	6	0
харцонашна	6	0
харцпайхамарш	6	0
хастаман	6	0
хезначух	6	0
хенашкахь	6	0
хестош	6	0
хине	6	0
хинкеманаш	6	0
хоьттуш	6	0
хушин	6	1
хьажийра	6	0
хьазиала	6	1
хьалавала	6	0
хьалаваьккхина	6	0
хьалаваьлча	6	0
хьалххехь	6	0
хьамин	6	1
хьармин	6	1
хьаьгна	6	0
хьаьтт	6	0
хьаьттахь	6	0
хьекъалчаш	6	0
хьераваьлла	6	0
хьийзор	6	0
хьокхучу	6	0
хьостамаш	6	0
хьошалгӏа	6	0
хьоьшу	6	0
хьул	6	0
хьуьлла	6	0
хьуьнхахь	6	0
хӏажара	6	1
хӏаллакбархьама	6	0
хӏаллаквина	6	0
хӏаллакьхуьлийла	6	0
хӏамана	6	1
хӏиттича	6	0
хӏоз	6	0
хӏокхо	6	0
хӏусамдега	6	0
цакхелагӏ	6	1
цамгаро	6	0
цийоне	6	1
цхьабосса	6	0
цхьаьнакхетар	6	0
цӏадакъин	6	1
цӏаданхойн	6	0
цӏазан	6	0
цӏазана	6	0
цӏазо	6	0
цӏанваран	6	0
цӏандан	6	0
цӏандеш	6	0
цӏенкъа	6	0
цӏенойх	6	0
цӏийнехь	6	0
чекхвер	6	0
чекхдахийта	6	0
чекхдевлча	6	0
чекхдовла	6	0
чекхдолура	6	0
чена	6	0
чоьхьа	6	0
чудахна	6	0
чӏагӏдо	6	0
чӏагӏлой	6	0
шавуӏот	6	1
шама	6	1
шамаш	6	1
шамӏе	6	1
шарера	6	0
шахьар	6	0
шаьшшиъ	6	0
шихан	6	1
шовданна	6	0
шуьгахьа	6	0
эгор	6	0
эгӏаза	6	0
эдомехь	6	1
эдомхо	6	0
эзарна	6	0
экхано	6	0
эладита	6	0
элашка	6	0
элихӏу	6	1
эмкалийн	6	0
энош	6	1
эпраймхой	6	0
этӏа	6	0
эцалаш	6	0
эцар	6	0
эшарийн	6	0
юнуса	6	1
юста	6	0
юучунна	6	0
юхабаьхкира	6	0
юхавогӏур	6	0
юхаерза	6	0
юхаметтахӏоттийна	6	0
юху	6	0
юххера	6	0
юшайс	6	1
ябаб	6	1
яди	6	1
яздан	6	0
язъяйта	6	0
яккхарца	6	0
якхама	6	1
якъаелла	6	0
ялае	6	0
ялхойх	6	0
ялхочуьнца	6	0
ярад	6	1
яран	6	0
яссалур	6	0
яханчу	6	0
яхьар	6	0
яхьъяй	6	1
яхӏац	6	1
яхӏунате	6	1
яхӏурама	6	1
яхӏушаптига	6	1
яьллачу	6	0
ӏами	6	1
ӏамрам	6	1
ӏана	6	1
ӏандар	6	1
ӏанош	6	1
ӏаси	6	1
ӏатрут	6	1
ӏахарийн	6	1
ӏахарна	6	1
ӏейбал	6	1
ӏелаш	6	1
ӏесачарна	6	1
ӏесачо	6	1
ӏехош	6	1
ӏохкур	6	1
ӏоьттинарг	6	1
ӏуцӏа	6	1
айаделла	6	0
ахчанан	6	0
аьрзун	6	0
аьттан	6	0
божарийн	6	0
борхӏалгӏа	6	0
боьалгӏаниг	6	0
воьалгӏа	6	0
даима	6	0
дак	6	0
даьттанан	6	0
дӏатеснарг	6	0
жен	6	0
йозанан	6	0
йозанчин	6	0
кошан	6	0
кханалера	6	0
кхерийна	6	0
кӏадин	6	0
кӏуьран	6	0
ораматан	6	0
поппаран	6	0
туьхан	6	0
харш	6	0
хоржу	6	0
хуьллу	6	0
хьайниг	6	0
хьакхин	6	0
хӏуьнан	6	0
цхьайтталгӏа	6	0
южу	6	0
аьрда	6	0
бедаш	6	0
берса	6	0
бецаниг	6	0
беци	6	0
биен	6	1
боьмашниг	6	0
бӏаьллинг	6	0
в	6	0
валалай	6	0
валлахӏ	6	1
ведана	6	1
вуон	6	1
вуьр	6	0
герг	6	0
гуци	6	0
гӏалгӏайн	6	0
гӏалгӏайниг	6	0
гӏалмакх	6	0
гӏанчӏ	6	1
гӏезаш	6	0
даца	6	0
демократически	6	0
дирш	6	0
жамӏат	6	0
жоьра	6	0
заманниг	6	0
йух	6	1
карзахе	6	0
кечал	6	0
комарийниг	6	0
куй	6	0
культурно	6	0
кхиетош	6	1
кӏайниг	6	0
кӏалц	6	0
кӏахь	6	0
луьнга	6	0
маза	6	0
маьждиг	6	0
маьрс	6	0
мезг	6	0
мимша	6	0
можо	6	0
морзалла	6	0
невре	6	1
ненаниг	6	0
нир	6	0
орга	6	1
пар	6	0
пурх	6	0
салт	6	0
сахьтан	6	0
сахьтаниг	6	0
саьхьар	6	0
суьйлиг	6	0
тигри	6	0
тӏапа	6	0
тӏаьхьалла	6	0
тӏелг	6	0
уьхьа	6	0
фай	6	0
хазехь	6	0
хутал	6	0
хуш	6	0
хушт	6	1
хьаьрк	6	0
хьаьркаш	6	0
хӏавааниг	6	0
хӏурдан	6	0
цугӏаш	6	0
цхьалго	6	0
цхьанхьара	6	0
цӏазам	6	0
цӏийцӏ	6	0
чабакх	6	0
чӏам	6	0
чӏаьнти	6	1
чӏов	6	0
шаха	6	0
шахалатар	6	0
шахаязден	6	0
шахаяздерг	6	0
шехтоамбийриг	6	0
ӏалхан	6	1
ӏуь	6	1
ӏуьӏӏаре	6	1
абинадаб	5	1
абушайга	5	1
абушаламе	5	1
агӏонашкахь	5	0
алалахь	5	0
аларца	5	0
алийтархьама	5	0
амнана	5	1
арабевллачу	5	0
арабевлча	5	0
араваккха	5	0
арадовлуш	5	0
араелира	5	0
араман	5	1
арамхо	5	0
аренашка	5	0
арпахшад	5	1
арсаш	5	0
ахаш	5	1
ахтайпанна	5	0
ахьимаӏац	5	1
аьхке	5	0
багарбира	5	0
багош	5	0
базбеш	5	0
базбина	5	0
байинчеран	5	0
баккхийчу	5	0
бакъболчу	5	0
балакхе	5	1
баллал	5	0
балуш	5	0
баракх	5	1
бараме	5	0
барз	5	0
барца	5	0
басенаш	5	0
бахийтархьама	5	0
бахка	5	0
баххьаш	5	0
баьччанан	5	0
баӏала	5	1
баӏшин	5	1
беанчу	5	0
бевллачарна	5	0
бедарна	5	0
бежанан	5	0
бежаш	5	0
безамехь	5	0
белахьара	5	0
берзина	5	0
беро	5	0
бесни	5	0
бете	5	0
беттара	5	0
бехказа	5	0
бигира	5	0
бийла	5	0
бийшина	5	0
билгалъяьхначу	5	0
билла	5	0
боданера	5	0
боданна	5	0
божан	5	0
бозбунчалла	5	0
бойура	5	0
бона	5	0
ботт	5	0
боуьйтур	5	0
боха	5	0
бохо	5	0
бохуьйтура	5	0
бошхепаш	5	0
боьлхур	5	0
боьлхура	5	0
боӏазан	5	1
буста	5	0
бухӏа	5	0
буьсун	5	0
буьтур	5	0
вагӏахь	5	0
вайгахь	5	0
валаве	5	0
валарна	5	0
варра	5	0
вахача	5	0
ваьхначу	5	0
ваьӏна	5	0
ваӏданца	5	0
вейтархьама	5	0
весетех	5	0
вигина	5	0
вийзира	5	0
виллира	5	0
виса	5	0
виситас	5	1
воккхах	5	0
воккхачо	5	0
волалахь	5	0
волучо	5	0
волчуьнгара	5	0
вора	5	0
воцучунна	5	0
воцчунна	5	0
воьдийла	5	0
вуьйш	5	0
гайтинарг	5	0
гар	5	0
геланчашка	5	0
гергарчара	5	0
гергахьа	5	0
герзаца	5	0
герзашца	5	0
гулделира	5	0
гурах	5	0
гучувелира	5	0
гӏараваьлла	5	0
гӏаьгӏнаш	5	0
гӏаьттира	5	0
гӏирсаца	5	0
гӏиртира	5	0
гӏиршан	5	1
гӏовгӏанаш	5	0
гӏопе	5	0
гӏота	5	0
гӏудалкхех	5	0
дагадо	5	0
дагалаьцнарг	5	0
дагочу	5	0
дагӏонан	5	1
дажор	5	0
даз	5	0
дайталаш	5	0
даккхийдерца	5	0
дали	5	1
дамасакхера	5	1
даниале	5	1
дахьачу	5	0
даьттанца	5	0
даьхнех	5	0
даьхнин	5	0
деанчух	5	0
дебира	5	1
девзина	5	0
дегӏе	5	0
дежаш	5	0
дежийлашкахь	5	0
дезаделира	5	0
деззара	5	0
декъалвеш	5	0
декъахь	5	0
декъехь	5	0
делкъе	5	0
денвалар	5	0
дендийр	5	0
денойн	5	0
дераллах	5	0
дерачу	5	0
дерза	5	0
дерзахь	5	0
деттара	5	0
дехкий	5	0
дехха	5	0
деххара	5	0
дехьавелира	5	0
дешаш	5	0
дийцахь	5	0
диканаш	5	0
диллинера	5	0
дилханах	5	0
диначух	5	0
динехьара	5	0
динийла	5	0
дисахь	5	0
дисийтархьама	5	0
дитте	5	0
дицделлера	5	0
дицлур	5	0
догцӏеналлица	5	0
догӏийла	5	0
догӏмийн	5	0
дойу	5	0
доккхург	5	0
докъана	5	0
докъах	5	0
долалуш	5	0
долччул	5	0
доттагӏчунна	5	0
дохадо	5	0
дохаллехь	5	0
дохк	5	0
дохкана	5	0
дохуьйтуш	5	0
доца	5	0
доьдуш	5	0
доьзалшкара	5	0
доьзалшкахь	5	0
доьлуш	5	0
доьналлех	5	0
доьрзий	5	0
доьрзу	5	0
доьрзуш	5	0
доьхкира	5	0
доӏанашкахь	5	0
доӏанашца	5	0
доӏанехь	5	0
дузуьйтуш	5	0
дукхавезаш	5	0
дукхахболчарна	5	0
дутту	5	0
духий	5	0
духӏиш	5	0
дуьгуш	5	0
дуьло	5	1
дуьнено	5	0
дуьра	5	0
дуьхьалвер	5	0
дӏабахана	5	0
дӏабаьхьира	5	0
дӏабер	5	0
дӏабирзина	5	0
дӏабирзира	5	0
дӏабоьхкинчу	5	0
дӏабухкур	5	0
дӏавелла	5	0
дӏавижча	5	0
дӏавуьжу	5	0
дӏагойту	5	0
дӏагойтур	5	0
дӏадаллалц	5	0
дӏадахана	5	0
дӏадахча	5	0
дӏадели	5	0
дӏаделлера	5	0
дӏадехка	5	0
дӏадига	5	0
дӏадоьдуш	5	0
дӏадоьлхуш	5	0
дӏаийна	5	0
дӏайигира	5	0
дӏайоккху	5	0
дӏакхалха	5	0
дӏакхетта	5	0
дӏакховдор	5	0
дӏакхуьссур	5	0
дӏакъовлуш	5	0
дӏалаьхкина	5	0
дӏаоьхура	5	0
дӏаоьхуш	5	0
дӏасабаржийна	5	0
дӏасадаьржаш	5	0
дӏасакхуьссур	5	0
дӏахезаш	5	0
дӏахиира	5	0
дӏахиъча	5	0
дӏахуур	5	0
дӏахьажийна	5	0
дӏахьочу	5	0
дӏахьулдина	5	0
дӏахӏиттий	5	0
дӏахӏоттаде	5	0
дӏахӏоьттинера	5	0
дӏахӏуттийла	5	0
дӏаэцахьа	5	0
дӏаяьлла	5	0
евзина	5	0
ейтта	5	0
ел	5	0
ехар	5	0
ехкий	5	0
ечарна	5	0
жашна	5	0
жӏаьла	5	0
жӏаьлеш	5	0
забад	5	1
закхур	5	1
заманаш	5	0
зарахь	5	1
зезаган	5	0
зикра	5	1
зип	5	1
зӏакарш	5	0
зӏийдаг	5	0
зӏийдагаш	5	0
ибраме	5	1
ибрахӏимах	5	1
ижуна	5	0
илланчашна	5	0
илланчийн	5	0
иллешкахь	5	0
инзарбевлла	5	0
исбаьхьаниг	5	0
исбаьхьачу	5	0
исраилна	5	1
иссархан	5	1
ицхьаран	5	1
йилбазмох	5	0
йистошкара	5	0
йогӏура	5	0
йолана	5	0
йолах	5	0
йоуьйту	5	0
йоуьйтур	5	0
йохаллехь	5	0
йоьрзуш	5	0
йоьӏан	5	0
йоӏах	5	0
каг	5	0
карадора	5	0
карзахдаьлла	5	0
карийначу	5	0
кармалхо	5	0
кечбелира	5	0
кечбина	5	0
кечдеш	5	0
кечйинера	5	0
кечло	5	0
кийчча	5	0
килаб	5	1
корнил	5	1
коьмана	5	0
коьмаца	5	0
крит	5	1
кхаим	5	1
кхайкхочу	5	0
кхара	5	0
кхахӏат	5	1
кхахӏатхойн	5	0
кхачанна	5	0
кхачийна	5	0
кхелли	5	0
кхеравелла	5	0
кхерар	5	0
кхетамехь	5	0
кхечарал	5	0
кхечеран	5	0
кхечи	5	0
кхечо	5	0
кхийолу	5	0
кхиош	5	0
кхоах	5	0
кховдош	5	0
кхоор	5	0
кхочушбарца	5	0
кхочушдийриг	5	0
кхочушйийр	5	0
кхочушхилча	5	0
кхоьш	5	0
кхуьссу	5	0
кхуьур	5	0
къамелах	5	0
къамеле	5	0
къан	5	0
къастийра	5	0
къенаш	5	0
къино	5	0
къобалвеш	5	0
къобалво	5	0
къоме	5	0
къонахчо	5	0
къоцин	5	1
къуьйсуш	5	0
кӏадина	5	0
кӏадинах	5	0
кӏезигчу	5	0
кӏелхьарбаха	5	0
кӏелхьарбохур	5	0
кӏелхьардаккхахьа	5	0
кӏелхьардахалур	5	0
кӏелхьарйоккхур	5	0
кӏоргга	5	0
кӏошт	5	0
ладогӏар	5	0
ладогӏахьара	5	0
лазам	5	0
лаккха	5	0
ларбе	5	0
ларбийр	5	0
лардархьама	5	0
ларло	5	0
латийнарг	5	0
латийра	5	0
лато	5	0
латтабе	5	0
лаьмнаша	5	0
лаьцча	5	0
левихочо	5	0
лелае	5	0
леларе	5	0
леларо	5	0
лелорах	5	0
лелочеран	5	0
лелча	5	0
лено	5	0
лерича	5	0
леса	5	1
летор	5	0
леточуьра	5	0
лехча	5	0
лечкъош	5	0
лилхина	5	0
ловр	5	0
лолахь	5	0
лоручу	5	0
лоху	5	0
лоькху	5	0
лоьмаша	5	0
луз	5	1
магош	5	0
майранашна	5	0
малхана	5	0
малхбузехьарчу	5	0
мардахайга	5	1
маремана	5	1
мареша	5	1
матта	5	0
матушалахь	5	1
махкаца	5	0
махьаллал	5	1
махьлин	5	1
мегара	5	0
мегачу	5	0
мерг	5	0
мериба	5	1
месех	5	0
милло	5	1
мисархочо	5	0
михула	5	1
молханаш	5	0
моьттира	5	0
муабахо	5	0
натига	5	1
натӏупатхо	5	0
наху	5	1
некъаца	5	0
ненах	5	0
нехаш	5	0
нисвелларг	5	0
нисделла	5	0
нисдеш	5	0
нисдина	5	0
ноткъа	5	0
нуц	5	0
нуьро	5	0
обанаш	5	0
озийна	5	0
охуш	5	0
охьавиллира	5	0
охьадиллина	5	0
охьадотта	5	0
охьатаьӏар	5	0
охьаховшийра	5	0
оьгур	5	0
оьгӏазвахийтина	5	0
оьгӏазвахча	5	0
оьхур	5	0
палагӏ	5	1
палти	5	1
парзех	5	0
парушхойх	5	0
пенуал	5	1
пикхахьи	5	1
пулатана	5	1
рабби	5	1
рапи	5	1
рахьаб	5	1
рахьбуӏаман	5	1
ребикхин	5	1
саида	5	1
санхьариб	5	1
санхьариба	5	1
саппир	5	0
сацаде	5	0
сацийра	5	0
саьмгал	5	0
саьнгар	5	0
синхьаам	5	0
сихлохьа	5	0
старгӏанийн	5	0
старгӏина	5	0
стелаӏад	5	0
стерчашна	5	0
стигаллий	5	0
стигалша	5	0
сужда	5	0
сулимна	5	1
сунтбинарш	5	0
сунтваза	5	0
суьртах	5	0
схьаала	5	0
схьабаьхкича	5	0
схьабевлларш	5	0
схьавалавайтира	5	0
схьавеанчу	5	0
схьавогӏу	5	0
схьагулбе	5	0
схьадаьккхина	5	0
схьадохур	5	0
схьаеана	5	0
схьаелира	5	0
схьаехира	5	0
схьакхайкхина	5	0
схьакъастор	5	0
схьахаржа	5	0
схьахетарехь	5	0
схьаэцначу	5	0
схьая	5	0
табур	5	1
тайпане	5	0
такхоӏ	5	1
талорхой	5	0
талорхойн	5	0
тамарас	5	1
тамна	5	1
тапа	5	1
тахьпанхьас	5	1
таьлланго	5	0
тесаш	5	0
теси	5	0
тешамца	5	0
тилийна	5	0
тир	5	0
тобанах	5	0
толлуш	5	0
тосура	5	0
тосучу	5	0
тохар	5	0
тохара	5	0
тоьхнарг	5	0
тубал	5	1
тукарш	5	0
турпалш	5	0
туьйсина	5	0
туьтеш	5	0
тӏамарш	5	0
тӏараш	5	0
тӏаьхьавелира	5	0
тӏаьхьаделира	5	0
тӏебалийра	5	0
тӏебогӏу	5	0
тӏебогӏуш	5	0
тӏебоьду	5	0
тӏеван	5	0
тӏегӏанна	5	0
тӏедаьхкина	5	0
тӏедоьлхучу	5	0
тӏедуьллург	5	0
тӏекховдийначу	5	0
тӏелеташ	5	0
тӏелеттачу	5	0
тӏехволуш	5	0
тӏехӏоттийна	5	0
тӏома	5	0
уллучу	5	0
урим	5	1
уьрсаца	5	0
уьстагӏех	5	0
хааделира	5	0
хадийна	5	0
хазахета	5	0
хаззара	5	0
халкъех	5	0
халонех	5	0
ханан	5	1
ханнаш	5	0
харцдела	5	0
харцхаамаш	5	0
хаставейша	5	0
хашадхоша	5	0
хаъара	5	0
хаьржинарг	5	0
хедор	5	0
хезийла	5	0
хен	5	0
хенал	5	0
хершнаш	5	0
хеттачу	5	0
хилийталаш	5	0
хилийтахь	5	0
хиллачо	5	0
хиллачунна	5	0
хиллийла	5	0
хирг	5	0
ховшур	5	0
хоуьйтур	5	0
хуург	5	0
хуучу	5	0
хушахо	5	0
хушахой	5	0
хьажалахь	5	0
хьажархьама	5	0
хьайбанашна	5	0
хьакхало	5	0
хьакхарчийн	5	0
хьакхий	5	0
хьалагӏевттира	5	0
хьаладузур	5	0
хьаладуьзна	5	0
хьалаюзур	5	0
хьалдолчунна	5	0
хьалхабевлла	5	0
хьанани	5	1
хьаьжнаш	5	0
хьаьнца	5	0
хьекъалалло	5	0
хьекъална	5	0
хьехана	5	0
хьеххара	5	0
хьийзийна	5	0
хьийзо	5	0
хьовзийра	5	0
хьоран	5	1
хьостам	5	0
хьошур	5	0
хьоьгуьйту	5	0
хьоьгуьйтур	5	0
хьоьхура	5	0
хьуьнар	5	0
хӏайман	5	1
хӏаллакбеш	5	0
хӏаллакде	5	0
хӏаллакдинчу	5	0
хӏаллакьхиларан	5	0
хӏаллакьхили	5	0
хӏародан	5	1
хӏилла	5	0
хӏина	5	1
хӏинцалерчу	5	0
хӏитта	5	0
хӏиттабе	5	0
хӏиттийнера	5	0
хӏоранга	5	0
хӏордаш	5	0
хӏордкеманна	5	0
хӏоттабе	5	0
хӏоттар	5	0
хӏоьттинера	5	0
хӏусамера	5	0
цийонехь	5	1
ципуран	5	1
цоӏан	5	1
цубас	5	1
цхьаерш	5	0
цӏанде	5	0
цӏанйина	5	0
цӏано	5	0
чекхбоху	5	0
чекхвелира	5	0
чекхдолуш	5	0
ченаш	5	0
чиркх	5	0
чоко	5	0
чорпа	5	0
чуволу	5	0
чудерзоран	5	0
чӏагӏде	5	0
чӏагӏлур	5	0
чӏагӏъелла	5	0
шайл	5	0
шамшоне	5	1
шамӏас	5	1
шанӏар	5	1
шарал	5	0
шарон	5	1
шийлачу	5	0
шинга	5	0
шур	5	1
шуьшиъ	5	0
эдреӏи	5	1
эзарнашкахь	5	0
экхан	5	0
элийн	5	0
элисат	5	1
элишаӏан	5	1
элишубан	5	1
эпраймхойн	5	0
эхартахь	5	0
эшалур	5	0
юхавирзина	5	0
юхадирзира	5	0
юхатеттина	5	0
юхуш	5	0
юьхьигаш	5	0
яар	5	0
язбина	5	0
язде	5	0
язйийр	5	0
яккхар	5	0
якъубца	5	1
яманна	5	1
яманхо	5	0
яманхошна	5	0
ямартлонаш	5	0
япат	5	1
япатан	5	1
ясакх	5	0
яссаелла	5	0
ятӏарин	5	1
яхалла	5	0
яхийта	5	0
яхьат	5	1
яхьъяна	5	1
яхӏушаптина	5	1
яшаӏ	5	1
яьллера	5	0
яьхьна	5	0
ӏабайд	5	1
ӏабдани	5	1
ӏадулам	5	1
ӏайта	5	1
ӏалашдан	5	1
ӏалашонна	5	1
ӏамминадаб	5	1
ӏамраман	5	1
ӏаьбна	5	1
ӏаьнакхан	5	1
ӏаьрби	5	1
ӏебархой	5	1
ӏедална	5	1
ӏемар	5	1
ӏесачара	5	1
ӏехадо	5	1
ӏецйон	5	1
ӏидун	5	1
ӏовгӏин	5	1
ӏузиалан	5	1
ӏуьйренга	5	1
авив	5	1
ангалин	5	0
аьллий	5	0
баьццара	5	0
бихкина	5	0
бугӏанан	5	0
бӏогӏаман	5	0
ваьсса	5	0
вуьрхӏитталгӏа	5	0
гӏайренан	5	0
дико	5	0
дилханан	5	0
доттагӏаллин	5	0
зене	5	0
ирх	5	0
йовха	5	0
кегарин	5	0
кхелан	5	0
кхетош	5	0
кхехкийна	5	0
кхойтталгӏа	5	0
кӏадделла	5	0
ладам	5	0
мажделла	5	0
масаран	5	0
махьаран	5	0
месала	5	0
пака	5	0
расха	5	0
сазз	5	0
седанан	5	0
стоьмийн	5	0
схьадаьлларг	5	0
тохарлера	5	0
тоьлушха	5	0
тукхаман	5	0
туьтанан	5	0
тӏетевжа	5	0
харцонан	5	0
хьалдерг	5	0
хьаьдда	5	0
хьаьрса	5	0
хьийзина	5	0
хьозийн	5	0
ченан	5	0
чӏоьнан	5	0
шайтӏанан	5	0
ялхалгӏа	5	0
абаде	4	0
абаделлалц	4	0
абунаран	4	1
абунарна	4	1
абушаламах	4	1
агӏаг	4	1
адамал	4	0
адани	4	1
айа	4	0
алуно	4	0
амат	4	0
аматехь	4	0
ана	4	1
арабаьхначу	4	0
арабохур	4	0
араволуш	4	0
арадаьккхинчу	4	0
арадевллачу	4	0
арадолу	4	0
арахьара	4	0
арпад	4	1
ахай	4	1
ахӏуда	4	1
ашар	4	1
аьрзунан	4	0
аьхка	4	0
аьшнаш	4	0
аюбана	4	1
аюбе	4	1
баган	4	0
багарбина	4	0
багах	4	0
баз	4	0
баийта	4	0
байинарш	4	0
байинчу	4	0
баккхар	4	0
баккхийнаш	4	0
бакъволчу	4	0
бакъонна	4	0
балабай	4	0
баланашкахь	4	0
балане	4	0
балар	4	0
балахь	4	0
барза	4	0
барзалайн	4	1
барий	4	0
бартана	4	0
баттана	4	0
бахамна	4	0
бахамца	4	0
бахийтинарш	4	0
бахкийта	4	0
бахьара	4	0
бацалиал	4	1
бацалиала	4	1
баьккхинчу	4	0
баьлча	4	0
баьрччехь	4	0
баьхкинчарна	4	0
баьччанашка	4	0
баьшна	4	0
беакӏов	4	0
бевдира	4	0
бевзина	4	0
бегор	4	0
белхарца	4	0
бенъяхӏун	4	1
беснеш	4	0
бетах	4	0
беттар	4	0
бехдийр	4	0
бехкана	4	0
бехкевар	4	0
бешах	4	0
бийраш	4	0
бийца	4	0
билина	4	0
биллира	4	0
бинарш	4	0
бинчул	4	0
бисинчарах	4	0
богучу	4	0
бойнан	4	0
бойтура	4	0
болучу	4	0
бохуьйту	4	0
боххье	4	0
боххьехь	4	0
бохча	4	0
боцийла	4	0
боьлуш	4	0
боьрзур	4	0
буза	4	0
буттий	4	0
буьллур	4	0
буьсу	4	0
буьххьера	4	0
бӏаьрзениг	4	0
бӏаьрзечарна	4	0
бӏаьрхишца	4	0
бӏо	4	0
вада	4	0
ваз	4	0
вайшинна	4	0
валалур	4	0
валахьа	4	0
валийтархьама	4	0
валлара	4	0
ваханарг	4	0
ваханера	4	0
вахийтархьама	4	0
вахош	4	0
ваьллачун	4	0
ваьхьна	4	0
вевзар	4	0
везарх	4	0
везахь	4	0
вел	4	0
верхьама	4	0
вехь	4	0
вига	4	0
вийначул	4	0
виллина	4	0
винера	4	0
висита	4	1
вистхилла	4	0
вичхьана	4	0
вовшахкхийтира	4	0
вогӏун	4	0
возаллин	4	0
вой	4	0
воккхаверца	4	0
волучу	4	0
вохуьйтур	4	0
воьрзу	4	0
воьрзуш	4	0
воьхуш	4	0
вукхуьнан	4	0
вуур	4	0
вуьту	4	0
габитун	4	1
гадахойн	4	0
гадур	4	1
гайтар	4	0
гайти	4	0
галбевлла	4	0
гарра	4	0
гаӏал	4	1
герканаш	4	0
гилбаӏ	4	1
гихьон	4	1
говрашца	4	0
гулдар	4	0
гулделча	4	0
гуллучу	4	0
гунна	4	0
гучувер	4	0
гучуьра	4	0
гушшехь	4	0
гӏад	4	0
гӏайгӏанех	4	0
гӏайхьазис	4	1
гӏалано	4	0
гӏалахула	4	0
гӏарбашан	4	0
гӏаролехь	4	0
гӏаролхошна	4	0
гӏат	4	0
гӏаттийна	4	0
гӏашан	4	1
гӏертарг	4	0
гӏиллакхаш	4	0
гӏовгӏанах	4	0
гӏодаюкъах	4	0
гӏулчаш	4	0
дагаваийтахьа	4	0
дагавелира	4	0
дагадеанарг	4	0
дагадогӏу	4	0
дажо	4	0
даздийр	4	0
даийтинчу	4	0
дакхош	4	0
дакъаза	4	0
даладора	4	0
далаза	4	0
далархьама	4	0
дале	4	0
дамасакхан	4	1
даржадо	4	0
дарик	4	0
дахалаш	4	0
дахкийтина	4	0
дахьийта	4	0
даьккхинера	4	0
даьллехь	4	0
даьржаш	4	0
даьӏахк	4	0
даьӏахкашна	4	0
дебор	4	0
девзар	4	0
дезаниг	4	0
дезза	4	0
декъалалла	4	0
декъалбеш	4	0
декъалдайтархьама	4	0
декъалдо	4	0
делладелла	4	0
деллачунна	4	0
денваларх	4	0
денвийр	4	0
денвира	4	0
дераллех	4	0
дерзаде	4	0
дерригенна	4	0
дерстина	4	0
детица	4	0
дечарах	4	0
деъна	4	0
диина	4	0
дийнатца	4	0
дийначеран	4	0
дийцаре	4	0
диначул	4	0
динчуьнга	4	0
дисийта	4	0
дисинарг	4	0
дитинчу	4	0
дицдийр	4	0
довда	4	0
довлийта	4	0
довлу	4	0
догдохийла	4	0
догӏано	4	0
дозаллех	4	0
дозанашкахь	4	0
доийла	4	0
долийнарг	4	0
долура	4	0
долчаьрга	4	0
дор	4	1
дохий	4	0
доьгӏуш	4	0
доьдучу	4	0
доьзалх	4	0
доьзалхой	4	0
доьхкарш	4	0
дуттур	4	0
дуучу	4	0
дуьйлу	4	0
дуьйцийла	4	0
дуьйш	4	0
дуьненаюккъерачу	4	1
дуьххьарлерниг	4	0
дуьххьарлерчунна	4	0
дуьхьаларчу	4	0
дуьхьалбехира	4	0
дуьхьалдаккха	4	0
дуьхьалдевлира	4	0
дуьхьалделира	4	0
дуьхьалдовла	4	0
дӏабаккха	4	0
дӏабахча	4	0
дӏабоьлхучу	4	0
дӏабуьйлабелира	4	0
дӏавало	4	0
дӏавахча	4	0
дӏавогӏур	4	0
дӏадахаза	4	0
дӏадахьийта	4	0
дӏадевлла	4	0
дӏадевлча	4	0
дӏадекъа	4	0
дӏадерзийна	4	0
дӏадийначу	4	0
дӏадохуьйтур	4	0
дӏадоь	4	0
дӏадоьллур	4	0
дӏадоьлхучу	4	0
дӏадуьйш	4	0
дӏаеллера	4	0
дӏайига	4	0
дӏайоьллира	4	0
дӏакхелха	4	0
дӏакхелхича	4	0
дӏакховдийначу	4	0
дӏакхоллуш	4	0
дӏакхосса	4	0
дӏакхоьссина	4	0
дӏакхоьхьур	4	0
дӏакъастае	4	0
дӏакъаьстира	4	0
дӏалахка	4	0
дӏалаьцнера	4	0
дӏалелхийначу	4	0
дӏасалаьхкина	4	0
дӏататта	4	0
дӏатоьхначу	4	0
дӏатуьйхира	4	0
дӏауьдуш	4	0
дӏахедийна	4	0
дӏахезийла	4	0
дӏахьажа	4	0
дӏахьаьжира	4	0
дӏахьаьжначу	4	0
дӏахьовсийра	4	0
дӏахӏиттийначу	4	0
дӏахӏоттае	4	0
дӏахӏотторхьама	4	0
дӏахӏуттучу	4	0
дӏаэккхор	4	0
дӏаэцна	4	0
дӏаяздинарг	4	0
дӏаяйа	4	0
дӏаяьккхира	4	0
еача	4	0
езар	4	0
елахьара	4	0
елха	4	0
ена	4	0
ерзор	4	0
жиманиг	4	0
жуьгтех	4	0
зазанашца	4	0
закъалт	4	0
заманах	4	0
заманашкара	4	0
зер	4	0
зийра	4	0
зийча	4	0
зикрин	4	1
зудабераша	4	0
зуламхой	4	0
зуьгалг	4	0
зуьгалгашца	4	0
зӏенашца	4	0
изабал	4	1
изабалан	4	1
израӏалхо	4	0
израӏалхочун	4	0
ийза	4	0
инжир	4	0
искандар	4	1
искархо	4	1
исраилхочунна	4	0
итамаран	4	1
ицхьар	4	1
йижина	4	0
йийначу	4	0
йилла	4	0
йинарг	4	0
йинарш	4	0
йишас	4	0
йозанчо	4	0
йойтур	4	0
йолчунна	4	0
йома	4	0
йохкаэцаран	4	0
йоху	4	0
йохуьйтур	4	0
йоцийла	4	0
йоьалгӏачу	4	0
йоькхуш	4	0
йоьссира	4	0
кагдина	4	0
кадам	4	0
карма	4	1
кедирал	4	1
кеппара	4	0
кехатан	4	0
кечдан	4	0
кипин	4	1
коканаш	4	0
комаран	4	0
комаьршаллица	4	0
корехула	4	0
корматалла	4	0
коьллашна	4	0
кулла	4	0
куьгдуьлург	4	0
куьйгара	4	0
куьйгашна	4	0
куьйге	4	0
куьцаш	4	0
кхадмиал	4	1
кхайкхабора	4	0
кхайкхахь	4	0
кхайкхийра	4	0
кхачале	4	0
кхашна	4	0
кхелана	4	0
кхелахошка	4	0
кхелахошна	4	0
кхело	4	0
кхелъяр	4	0
кхеназ	4	1
кхеран	4	0
кхеро	4	0
кхерчахь	4	0
кхетамалла	4	0
кхетамах	4	0
кхетара	4	0
кхетийла	4	0
кхечаьрга	4	0
кхиинчу	4	0
кхобучу	4	0
кхойкхучун	4	0
кхоллалур	4	0
кхоо	4	0
кхочург	4	0
кхочучу	4	0
кхочушдойла	4	0
кхочушхуьлийла	4	0
кхочушхуьлуш	4	0
кхоьллинчух	4	0
кхул	4	0
кхулур	4	0
къайлабехира	4	0
къайлаваьлла	4	0
къайлавелира	4	0
къамелашца	4	0
къанойх	4	0
къапарнам	4	1
къапарнаме	4	1
къахета	4	0
къахка	4	0
къахьега	4	0
къаьмнашка	4	0
къизаллех	4	0
къинхетамах	4	0
къобалве	4	0
къобалвийр	4	0
къобалдан	4	0
къовлуш	4	0
къовсавала	4	0
къовсаме	4	0
къовсамехь	4	0
къонахий	4	0
къубби	4	0
къуреш	4	1
кӏелхьарвала	4	0
кӏелхьарваьккхинчу	4	0
кӏелхьарвелира	4	0
кӏелхьардаккхархьама	4	0
кӏелхьардохуш	4	0
кӏелхӏотторган	4	0
кӏенташца	4	0
кӏоштан	4	0
лабане	4	1
ладоьгӏна	4	0
лаккхара	4	0
лакхенашка	4	0
лалийначу	4	0
ламанна	4	0
ларамца	4	0
лараш	4	0
ларвар	4	0
ларвойла	4	0
ларвойту	4	0
лардайта	4	0
лардаран	4	0
ларйийр	4	0
ларйо	4	0
латадо	4	0
латае	4	0
латтаделаш	4	0
латтийна	4	0
лахий	4	0
лаьллина	4	0
лаьттаца	4	0
лаьтташехь	4	0
леван	4	0
левиятан	4	1
ледеш	4	0
леин	4	1
лелабо	4	0
лелабора	4	0
леладахь	4	0
лелларш	4	0
лелочарна	4	0
лесташ	4	0
летадайтина	4	0
леташ	4	0
летийначарна	4	0
леша	4	0
лозу	4	0
лойша	4	0
лорах	4	0
лоькхучу	4	0
лоьмах	4	0
лоьмашна	4	0
лоьхурш	4	0
лоьхучу	4	0
лулахочун	4	0
луучунна	4	0
магадо	4	0
магадора	4	0
майрачуьнца	4	0
македоне	4	1
маларх	4	0
маликах	4	0
мамари	4	1
манахьа	4	1
мареман	4	1
мареме	4	1
мархаша	4	0
мархашка	4	0
мархашца	4	0
марша	4	0
маттай	4	1
махьанайм	4	1
мацаллица	4	0
мача	4	0
машах	4	1
машулиман	4	1
маьрсхошна	4	0
маьӏӏехула	4	0
маӏийн	4	0
маӏхин	4	1
меженах	4	0
мерари	4	1
мерах	4	0
мерӏуьргашкахула	4	0
меттаматтан	4	0
меттанийн	4	0
меттахдер	4	0
меттахӏотто	4	0
меттехьа	4	0
механа	4	0
мехкадай	4	0
мехкадас	4	0
мехкашкарчу	4	0
мисархочун	4	0
михулас	4	1
мицӏпахь	4	1
мичча	4	0
молучу	4	0
морза	4	0
мосуьйттазза	4	0
моттаргӏанаш	4	0
мохе	4	0
мулка	4	1
мурдийн	4	0
мухӏарш	4	0
мушхьи	4	1
муьйлур	4	0
муьстачу	4	0
назартарчу	4	1
накъост	4	0
накъосташца	4	0
наной	4	0
нахьшон	4	1
наӏамана	4	1
нека	4	0
некъех	4	0
некъийн	4	0
нецано	4	0
нецарна	4	1
неӏарийн	4	0
нисвар	4	0
нисво	4	0
нислуш	4	0
ницкъболу	4	0
нуб	4	1
нуьрехь	4	0
нуьцкъалчун	4	1
нуӏмат	4	1
нӏаьний	4	0
ойланашца	4	0
ойланца	4	0
олахой	4	0
олург	4	0
ораматаш	4	0
охана	4	0
охьабужур	4	0
охьавиллина	4	0
охьавосса	4	0
охьатаьӏна	4	0
охьатаӏор	4	0
оьгӏазаллехь	4	0
оьгӏазваханера	4	0
оьгӏазлонах	4	0
оьллира	4	0
оьцура	4	0
оьшучунна	4	0
пакхихь	4	1
парушхочо	4	0
пасахьана	4	1
пасга	4	1
пахьат	4	1
пачхьалкхе	4	0
пашихьур	4	1
пашихьуран	4	1
паӏор	4	1
пелагаш	4	0
пешара	4	0
пийсакаш	4	0
пилапе	4	1
пулате	4	1
пурим	4	1
пхенаш	4	0
пхьегӏашна	4	0
рахьалан	4	1
рахьална	4	1
раӏалан	4	1
рицан	4	1
сакъера	4	0
сакъерар	4	0
сакъоьруш	4	0
сарап	4	0
сатийса	4	0
сатосучу	4	0
сацамаш	4	0
седаман	4	1
сен	4	0
серлонга	4	0
сибатехь	4	0
сиз	4	0
сийдеш	4	0
сийлалле	4	0
сийсаш	4	0
сонан	4	0
сонтанаш	4	0
сонтачунна	4	0
соха	4	1
соцура	4	0
стагера	4	0
старо	4	0
стенгара	4	0
стерчаша	4	0
стоьлана	4	0
суждана	4	0
схьабогӏу	4	0
схьабоккхур	4	0
схьавелла	4	0
схьагулвелира	4	0
схьагулделира	4	0
схьагулдо	4	0
схьагулъе	4	0
схьакарийна	4	0
схьалаха	4	0
схьалеца	4	0
схьахаьржина	4	0
схьаэцархьама	4	0
тайпанашкара	4	0
тайппана	4	0
такхийна	4	0
талха	4	0
талхаран	4	0
тарха	4	0
тача	4	0
теманхо	4	0
тийгира	4	0
тийсалуш	4	0
тобанаша	4	0
тойина	4	0
толлу	4	0
толлур	4	0
тохаделира	4	0
тохаза	4	0
тоьуш	4	0
троя	4	1
туйнаш	4	0
тукхамашна	4	0
тупал	4	1
турпалхой	4	0
туьйсура	4	0
туьрана	4	0
тӏамтӏе	4	0
тӏаьхьабевлира	4	0
тӏаьхьакхиира	4	0
тӏаьхьарчунна	4	0
тӏебаьхкинарш	4	0
тӏебаьхкинчу	4	0
тӏебеана	4	0
тӏеберзорхьама	4	0
тӏебоуьйтур	4	0
тӏевеанарг	4	0
тӏевеача	4	0
тӏевогӏуш	4	0
тӏегӏортахь	4	0
тӏедалар	4	0
тӏедиллинчунна	4	0
тӏедожийна	4	0
тӏедожораш	4	0
тӏедуьллур	4	0
тӏеерзор	4	0
тӏейоуьйту	4	0
тӏекхаьчначу	4	0
тӏелатахь	4	0
тӏелаьцнарг	4	0
тӏелаьцначу	4	0
тӏемалочуьнца	4	0
тӏетевжаш	4	0
тӏетоьхна	4	0
тӏехуларчу	4	0
тӏехьажор	4	0
тӏехьарчу	4	0
тӏехьаьжча	4	0
тӏехӏитто	4	0
тӏеш	4	0
тӏеюхуш	4	0
тӏеюьйхина	4	0
тӏулгашца	4	0
уллорачара	4	0
урин	4	1
ухку	4	0
ухӏулибат	4	1
уьнца	4	0
уьстагӏна	4	0
уьстагӏний	4	0
хааман	4	0
хазнина	4	0
халкъал	4	0
халхарш	4	0
харж	4	0
харцдолчун	4	0
харцтоьшалла	4	0
хастаме	4	0
хаттарна	4	0
хашад	4	1
хедийра	4	0
хезнарш	4	0
хенах	4	0
хетарна	4	0
хетий	4	0
хетийтархьама	4	0
хийн	4	0
хилало	4	0
хинкеманан	4	0
хитам	4	1
ховшийна	4	0
хоттура	4	0
хоттуш	4	0
хурманийн	4	0
хуьйцу	4	0
хьавил	4	1
хьайбанех	4	0
хьайгахь	4	0
хьайл	4	0
хьакхалора	4	0
хьалаайича	4	0
хьалаваьккхира	4	0
хьалавер	4	0
хьалагӏотту	4	0
хьама	4	1
хьаната	4	1
хьаннаш	4	0
хьацранин	4	1
хьаьвихойн	4	0
хье	4	0
хьебар	4	1
хьекхор	4	0
хьекъалаллах	4	0
хьенех	4	0
хьепар	4	1
хьехамчаша	4	0
хьешбонехь	4	1
хьийзаво	4	0
хьийзочу	4	0
хьийкъина	4	0
хьовсийна	4	0
хьой	4	0
хьокха	4	0
хьомсара	4	0
хьорма	4	1
хьостана	4	0
хьош	4	0
хьошалла	4	0
хьоьгург	4	0
хьулдеш	4	0
хӏайманан	4	1
хӏаллакбойтур	4	0
хӏаллакво	4	0
хӏаллакьхиларна	4	0
хӏей	4	1
хӏилланца	4	0
хӏинццехь	4	0
хӏордийн	4	0
хӏордкеманашна	4	0
хӏордкеманца	4	0
хӏоттаво	4	0
хӏоттаде	4	0
хӏуди	4	1
хӏусаман	4	0
хӏусамашкахь	4	0
хӏуттийла	4	0
хӏуьтту	4	0
цадезарг	4	0
цатешаме	4	0
це	4	0
цийонна	4	1
цомгушчуьнга	4	0
цорӏа	4	1
цхьамма	4	0
цхьаьнггара	4	0
цӏанвечу	4	0
цӏандархьама	4	0
цӏандина	4	0
цӏандо	4	0
цӏеношка	4	0
цӏеранаш	4	0
цӏушка	4	0
чаккхенан	4	0
чаккхенга	4	0
чами	4	0
чангӏалкхаш	4	0
чекхвала	4	0
чекхделира	4	0
чекхдоху	4	0
чекхъяллалц	4	0
чекхъяьлча	4	0
чоконна	4	0
чувогӏийла	4	0
чувола	4	0
чувосса	4	0
чуьркаш	4	0
чӏагӏонан	4	0
чӏарий	4	0
шайгахьа	4	0
шайтӏа	4	0
шамшонан	4	1
шаьлта	4	0
шаьшшинна	4	0
шебаӏ	4	1
шегахьа	4	0
шело	4	0
шехеме	4	1
шийтталгӏачу	4	0
шилуне	4	1
шорта	4	0
шуьнна	4	0
э	4	0
эдомна	4	1
элех	4	0
элехь	4	1
элиабан	4	1
эпраман	4	1
эсашна	4	0
эскаршца	4	0
эцаран	4	0
эцнарг	4	0
юалан	4	1
юахьи	4	1
юашана	4	1
юзур	4	0
юсупца	4	1
юучух	4	0
юхавоьрзуш	4	0
юхалур	4	0
юхаметтахӏотто	4	0
юханехьа	4	0
юхахьара	4	0
юхур	4	0
юшай	4	1
юьззина	4	0
юьхк	4	0
юьхкаш	4	0
юьхьсибат	4	0
яалаш	4	0
ябокх	4	1
ядутунан	4	1
яздийр	4	0
яздинарш	4	0
яздинчу	4	0
якин	4	1
якъубах	4	1
ялийнера	4	0
яллал	4	0
яманхоша	4	0
яппарш	4	0
ярбаӏаме	4	1
ярохьам	4	1
яспис	4	0
яхинан	4	1
яхка	4	0
яхун	4	1
яхӏунатина	4	1
ӏабадин	4	1
ӏабарим	4	1
ӏадда	4	1
ӏазекхи	4	1
ӏазрикхам	4	1
ӏалашдо	4	1
ӏамавехьа	4	1
ӏамадехьа	4	1
ӏамалекхахойн	4	1
ӏаммин	4	1
ӏамминхо	4	1
ӏанин	4	1
ӏано	4	1
ӏанорна	4	1
ӏасанаш	4	1
ӏахисат	4	1
ӏаьвдина	4	1
ӏаьвдинчу	4	1
ӏаьнакхахой	4	1
ӏебархо	4	1
ӏегӏлонан	4	1
ӏесачийн	4	1
ӏесачунна	4	1
ӏийча	4	1
ӏира	4	1
ӏовраша	4	1
ӏотниал	4	1
ӏохкучу	4	1
ӏузина	4	1
айпе	4	0
акаци	4	0
андий	4	0
базар	4	0
беанарг	4	0
бейтталгӏаниг	4	0
беламе	4	0
берстана	4	0
берхӏитталгӏаниг	4	0
боьалгӏа	4	0
бус	4	0
весетан	4	0
вуьрхӏитталгӏаниг	4	0
говран	4	0
готто	4	0
гуьйренан	4	0
гӏалартан	4	0
гӏопан	4	0
дахчийна	4	0
дашониг	4	0
дезо	4	0
дицдина	4	0
доьналлин	4	0
жималлин	4	0
зевне	4	0
ийна	4	0
иккхина	4	0
йочане	4	0
йоьалгӏа	4	0
йоьза	4	0
кишмийн	4	0
кучан	4	0
кхелахойн	4	0
кхес	4	0
кхийрина	4	0
кхозу	4	0
кхойтталгӏаниг	4	0
кхоьхьу	4	0
лаг	4	0
ловзаран	4	0
ловзу	4	0
мерцина	4	0
мокхазан	4	0
накхармозийн	4	0
патар	4	0
пешан	4	0
пхийтталгӏа	4	0
пхьеран	4	0
рамин	4	0
саба	4	0
саьхьара	4	0
схьаоьцург	4	0
телхинарг	4	0
тергаме	4	0
тхевнан	4	0
тхин	4	0
тӏаьххьарниг	4	0
тӏоман	4	0
урамийн	4	0
урхаллин	4	0
хасстоьмийн	4	0
хохку	4	0
хур	4	0
хӏетахьлера	4	0
хӏинцалера	4	0
цецан	4	0
цхьадерг	4	0
цхьалгӏа	4	0
цхьалгӏаниг	4	0
цӏеяхна	4	0
чолхе	4	0
чӏерийлецархойн	4	0
шагатӏулган	4	0
шай	4	0
шийтталгӏа	4	0
шишанан	4	0
шораллин	4	0
ялхитталгӏаниг	4	0
ӏаьнан	4	1
ӏодан	4	1
абигӏала	3	1
абинадабан	3	1
абирам	3	1
абишагӏ	3	1
абунаре	3	1
агӏагхо	3	0
адамца	3	0
айира	3	0
акхаройх	3	0
акхарошка	3	0
алал	3	0
алахьара	3	0
антиохехь	3	1
апакх	3	1
арабевр	3	0
арадаьллачу	3	0
арадаьхнарг	3	0
арайолуш	3	0
арахьоьжуш	3	0
араяьккхира	3	0
аргӏаб	3	1
аренах	3	0
арз	3	0
ахьабана	3	1
ахьимаӏаца	3	1
ахьлудан	3	1
ахьнуӏмат	3	1
ахьохьахо	3	0
ахьтуби	3	1
ахьъяхӏун	3	1
ахӏлибам	3	1
ацалин	3	1
аьллачул	3	0
аьчках	3	0
бавеларчу	3	1
багано	3	0
багарбе	3	0
багарчу	3	0
баийтира	3	0
байаран	3	0
байтлахаме	3	1
баккхарна	3	0
баккхахь	3	0
баккхийберца	3	0
баккхийбойла	3	0
баккъаш	3	0
бакъбо	3	0
бакъво	3	0
бакъонашна	3	0
бакъхилар	3	0
баларна	3	0
балдаш	3	0
балехь	3	0
балийта	3	0
балиӏаман	3	1
бараман	3	0
барехь	3	0
барзалай	3	1
бахахь	3	0
баххара	3	0
башанехь	3	1
баьхкинарш	3	0
баӏалт	3	1
баӏшас	3	1
бебайн	3	1
бевзар	3	0
бежалой	3	0
безна	3	0
безткъе	3	0
бекхаман	3	0
бекъабелла	3	0
беламна	3	0
беллера	3	0
беллий	3	0
белхало	3	0
белча	3	0
бериӏ	3	1
бериӏан	3	1
беркъа	3	0
бетаал	3	1
бехван	3	0
бехказаваккхахьа	3	0
бехкина	3	0
бехна	3	0
бецех	3	0
бига	3	0
биина	3	0
бийначу	3	0
билгалдаьккхинарг	3	0
билгалдаьхначу	3	0
бирзира	3	0
бисинчара	3	0
бовллушехь	3	0
боган	3	0
бозбунчаллаш	3	0
бозбунчаша	3	0
бойнна	3	0
бойтур	3	0
бойтуш	3	0
болалуш	3	0
болчарний	3	0
бохамна	3	0
боца	3	0
боцучун	3	0
боьгӏна	3	0
боьдуш	3	0
боьжча	3	0
боьллина	3	0
боьхаллаш	3	0
боьхачух	3	0
боьхкина	3	0
буйнаш	3	0
буттуш	3	0
бухур	3	0
буьзнарш	3	0
буьйцучу	3	0
буьххьехь	3	0
бӏарзанаш	3	0
бӏаьргана	3	0
бӏаьрмециг	3	0
бӏаьрхих	3	0
бӏенна	3	0
ваийтинчун	3	1
вайта	3	0
ваккхий	3	0
вакхочуьра	3	0
валаре	3	0
валарх	3	0
валор	3	0
варе	3	0
варзап	3	0
вевзара	3	0
ведира	3	0
вежаршкара	3	0
везачарна	3	0
везачунна	3	0
везна	3	0
везнарг	3	0
векалшкахула	3	0
велара	3	0
веллачунна	3	0
веллийла	3	0
веран	3	0
весеташна	3	0
вехачул	3	0
вешех	3	0
вижна	3	0
вийнехь	3	0
вийча	3	0
виркхелана	3	0
виркхело	3	0
вистхилча	3	0
вити	3	0
вовшахкхетачу	3	0
вовшахтесна	3	0
вовшахтуьйхира	3	0
воккхавийр	3	0
волавелча	3	0
волахьа	3	0
воллура	3	0
воллург	3	0
волуьйтуш	3	0
волччохь	3	0
вортанна	3	0
воцучун	3	0
вочух	3	0
воьдий	3	0
воьдучохь	3	0
воьзна	3	0
воьрзур	3	0
вукхун	3	0
вукхунах	3	0
вукхуьнга	3	0
вуьжуш	3	0
вуьззина	3	0
вуьйцуш	3	0
вуьсу	3	0
гавӏонан	3	1
гадас	3	1
гадахоша	3	0
гадӏанна	3	1
газун	3	1
гайх	3	0
галгалахь	3	1
галилайхь	3	1
галӏадара	3	1
галӏадехь	3	1
галӏадхойн	3	0
гамар	3	1
гаьллаш	3	0
гезарех	3	0
гезаршна	3	0
генара	3	0
гено	3	0
гергакхаьчна	3	0
гери	3	1
герин	3	1
герка	3	0
гечдайтархьама	3	0
гечдеш	3	0
гидӏонин	3	1
гинарш	3	0
говрех	3	0
гойтучу	3	0
гонахьа	3	0
гоьмукъца	3	0
гуламашкахь	3	0
гулбеллачаьрга	3	0
гулдан	3	0
гулделлера	3	0
гуллора	3	0
гуллур	3	0
гуран	3	0
гучуйоккхур	3	0
гӏайгӏано	3	0
гӏайренаш	3	0
гӏайренна	3	0
гӏайхьазига	3	1
гӏаланал	3	0
гӏаланашца	3	0
гӏалехьа	3	0
гӏантан	3	0
гӏарбашаша	3	0
гӏарбашашна	3	0
гӏарбашна	3	0
гӏарбашо	3	0
гӏахьара	3	0
гӏашанехь	3	1
гӏелонаш	3	0
гӏем	3	0
гӏертахь	3	0
гӏийлачарна	3	0
гӏиргӏашахой	3	0
гӏовгӏано	3	0
гӏовлангахь	3	0
гӏовтта	3	0
гӏогӏаш	3	0
гӏодаюккъехь	3	0
гӏодаюкъара	3	0
гӏорторан	3	0
гӏотанаш	3	0
гӏунан	3	0
дагабогӏур	3	0
дагабоуьйтуш	3	0
дагадеача	3	0
дагара	3	0
дагарде	3	0
даддан	3	1
дайинчу	3	0
даккхаре	3	0
даккхахьа	3	0
даккхийдер	3	0
даккхийтархьама	3	0
дакъазадаха	3	0
дакъалур	3	0
дакъойх	3	0
даллара	3	0
далург	3	0
данне	3	0
дарвеллачохь	3	0
дарвора	3	0
даржийна	3	0
дарлур	3	0
датан	3	1
датта	3	0
дахаро	3	0
дахлур	3	0
дахьийтина	3	0
даш	3	0
дашехула	3	0
даьккхинчух	3	0
даьржира	3	0
даьхнино	3	0
даьхча	3	0
даьшна	3	0
даьӏахкашка	3	0
дебаш	3	0
дебийла	3	0
дежийлашкара	3	0
дезалаш	3	0
дезачунна	3	0
деззачу	3	0
декъадалар	3	0
декъалбийр	3	0
декъалбира	3	0
декъалдойла	3	0
декъашна	3	0
деланел	3	0
делккъехь	3	0
делкъал	3	0
деллачул	3	0
деллачуьра	3	0
деллий	3	0
демис	3	1
денвеллачул	3	0
денвехьа	3	0
дений	3	0
денло	3	0
денойх	3	0
дерзадай	3	0
дерзош	3	0
дехахь	3	0
дехнера	3	0
деххнарг	3	0
дехь	3	0
дехьабевлира	3	0
дехьаволийла	3	0
дехьадевлча	3	0
дехьадовла	3	0
дешар	3	0
дийначийн	3	0
дийнера	3	0
дийно	3	0
дийцарна	3	0
дийцинера	3	0
дийшира	3	0
диначунна	3	0
динна	3	0
диса	3	0
дисича	3	0
дитахьа	3	0
дишон	3	1
довзуьйтуш	3	0
довлура	3	0
довха	3	0
догу	3	0
догцӏеналла	3	0
догцӏеначарна	3	0
догӏарна	3	0
додин	3	1
дожош	3	0
дозаллица	3	0
доккхийла	3	0
доладелча	3	0
долош	3	0
долуьйтуш	3	0
доттагӏаша	3	0
доттагӏчо	3	0
доттий	3	0
доура	3	0
доуьйтура	3	0
доуьйтуш	3	0
дохийла	3	0
дохкий	3	0
дохкур	3	0
дохорхьама	3	0
доцучун	3	0
доцучух	3	0
доьбуьйтур	3	0
доьзалшна	3	0
доьлхур	3	0
доьлхучу	3	0
доьналлица	3	0
доьхначарна	3	0
доьхучунна	3	0
доӏане	3	0
дузийла	3	0
дукхахболчеран	3	0
дукхахболчу	3	0
дула	3	0
дусталур	3	0
дуьйр	3	0
дуьненаюккъера	3	1
дуьхьалбевллачарна	3	0
дуьхьалкхетча	3	0
дуьхьалтесира	3	0
дӏабаханера	3	0
дӏабахьа	3	0
дӏаболийра	3	0
дӏабохка	3	0
дӏабузучу	3	0
дӏаваханчу	3	0
дӏавахна	3	0
дӏавигна	3	0
дӏавуьгуш	3	0
дӏагайтархьама	3	0
дӏагича	3	0
дӏадалар	3	0
дӏадалархьама	3	0
дӏадаста	3	0
дӏадахийта	3	0
дӏаделладелла	3	0
дӏадерзахь	3	0
дӏадийкъира	3	0
дӏадийна	3	0
дӏадийначул	3	0
дӏадоккхуш	3	0
дӏадуьгуш	3	0
дӏайийна	3	0
дӏайовр	3	0
дӏайожа	3	0
дӏайолла	3	0
дӏайолу	3	0
дӏакхайкхийна	3	0
дӏакхайкхира	3	0
дӏакхалла	3	0
дӏакхачале	3	0
дӏакхаьчначу	3	0
дӏакхочу	3	0
дӏакхоьхьуш	3	0
дӏалачкъийна	3	0
дӏалаьхкира	3	0
дӏалечкъина	3	0
дӏаловчкъа	3	0
дӏалоцийла	3	0
дӏалочкъийла	3	0
дӏанислур	3	0
дӏасабахьа	3	0
дӏасадаржийначу	3	0
дӏасадахьийтира	3	0
дӏасадаьржар	3	0
дӏасадийкъира	3	0
дӏасакхиссина	3	0
дӏахаийтархьама	3	0
дӏахецча	3	0
дӏахоуьйтур	3	0
дӏахьажал	3	0
дӏахьажо	3	0
дӏахьедан	3	0
дӏахӏотийначу	3	0
дӏахӏоттаве	3	0
дӏахӏоттаво	3	0
дӏахӏотторна	3	0
дӏахӏуттура	3	0
дӏаэккхо	3	0
дӏаяьлча	3	0
дӏаяьхна	3	0
евлира	3	0
егош	3	0
езаелира	3	0
езахь	3	0
ейша	3	0
еккъа	3	0
екъна	3	0
емалъеш	3	0
ерихоне	3	1
еххачу	3	0
ечохь	3	0
жаннашца	3	0
жаӏу	3	0
жиргӏанаш	3	0
жовхӏарех	3	0
жуьгтичунна	3	0
закхуран	3	1
занухь	3	1
зебаххьий	3	1
зезагех	3	0
зерах	3	0
зудаберашна	3	0
зудий	3	0
зуз	3	0
зурманаш	3	0
зурманчаш	3	0
зуьйр	3	0
илланчаша	3	0
иракарахӏиттор	3	0
исбаьхьчу	3	0
исраилхочун	3	0
исраилхошкара	3	0
исхьакхах	3	1
исхьакхаца	3	1
итар	3	1
итара	3	1
иттанна	3	0
иттех	3	0
итӏар	3	1
иштаниг	3	0
ишттачарна	3	0
йи	3	0
йила	3	0
йилира	3	0
йиллира	3	0
йистошкахь	3	0
йицлур	3	0
йоабаца	3	1
йовзийтина	3	0
йовлакх	3	0
йозанийн	3	0
йозанна	3	0
йой	3	0
йолийра	3	0
йоллучохь	3	0
йоллучу	3	0
йолуьйтуш	3	0
йолчуьнга	3	0
йолччул	3	0
йораман	3	1
йорданах	3	1
йохае	3	0
йохку	3	0
йохуьйту	3	0
йохьана	3	1
йохьанан	3	1
йоццачу	3	0
йоши	3	1
йоьдучу	3	0
йоькъур	3	0
йоькъуш	3	0
йоӏарех	3	0
кайба	3	1
камош	3	1
канарот	3	1
канаӏанан	3	1
канаӏанхошца	3	0
караделира	3	0
карий	3	0
карчийна	3	0
кевнал	3	0
кегдина	3	0
кегийнаш	3	0
кегийрхоша	3	0
кеманаш	3	0
кехата	3	0
кечбийр	3	0
кечвелира	3	0
кечдинарг	3	0
кечйора	3	0
кечлуш	3	0
кечъеш	3	0
килабана	3	1
киртиг	3	0
коьллаша	3	0
коьмах	3	0
коьртана	3	0
коьртарчу	3	0
куьйгана	3	0
куьйгахула	3	0
куьйра	3	0
кхаанна	3	0
кхайкхинарш	3	0
кхалорийн	3	0
кхардар	3	0
кхахьпанан	3	0
кхачанийн	3	0
кхачархьама	3	0
кхаччал	3	0
кхелахоша	3	0
кхеназан	3	1
кхенахой	3	0
кхераелла	3	0
кхерор	3	0
кхерчах	3	0
кхетабе	3	0
кхетаман	3	0
кхетахь	3	0
кхето	3	0
кхетор	3	0
кхеттарг	3	0
кхеттачул	3	0
кхехкаде	3	0
кхечарах	3	0
кхечун	3	0
кхиболчара	3	0
кхиброт	3	1
кхиверг	3	0
кхидерш	3	0
кхиийначу	3	0
кхио	3	0
кхиръятим	3	1
кхиъначу	3	0
кхоана	3	0
кхобур	3	0
кховдаде	3	0
кховдадо	3	0
кховдор	3	0
кхозлагӏчара	3	0
кхойтталгӏачу	3	0
кхоккха	3	0
кхокхий	3	0
кхолла	3	0
кхочий	3	0
кхочушбахь	3	0
кхочушбо	3	0
кхочушдича	3	0
кхочушхиллалц	3	0
кхочушхуьлу	3	0
кхоччу	3	0
кхоьллинчхьана	3	0
кхуллучу	3	0
кхуссу	3	0
кхуьнца	3	0
къайладаккха	3	0
къайладелира	3	0
къайладоккхуш	3	0
къанвелча	3	0
къапалгаш	3	0
къасталур	3	0
къахийтира	3	0
къахьегар	3	0
къахьегарца	3	0
къахьоьгу	3	0
къекъар	3	0
къекъаш	3	0
къелла	3	0
къийсалуш	3	0
къилберачу	3	0
къишун	3	1
къобалбинчу	3	0
къобалван	3	0
къовса	3	0
къонза	3	0
кӏадвелла	3	0
кӏайчу	3	0
кӏантера	3	0
кӏантехула	3	0
кӏелхьарбахалур	3	0
кӏелхьарбаьхна	3	0
кӏелхьарваьлла	3	0
кӏелхьардехира	3	0
кӏелхьардовларх	3	0
кӏелхьардоккхург	3	0
кӏелхьарйоккхург	3	1
кӏена	3	0
кӏирандийнахь	3	0
кӏохцалан	3	0
кӏунзал	3	0
лаамаша	3	0
лаамашка	3	0
лаамна	3	0
ладогӏийта	3	0
лаккхарчу	3	0
лакхенгахь	3	0
лакхийша	3	0
лакъийна	3	0
лалош	3	0
лалур	3	0
ламасташ	3	0
ларамна	3	0
ларбан	3	0
ларга	3	0
лардехьа	3	0
лардора	3	0
ларор	3	0
ларъян	3	0
ластийна	3	0
латадойтуш	3	0
латийча	3	0
латтабо	3	0
латтаве	3	0
латтайо	3	0
латтийта	3	0
лахьи	3	1
лацийта	3	0
лачкъо	3	0
лаъара	3	0
лаьттал	3	0
лаьхьане	3	0
лекхна	3	0
лелийначул	3	0
лелийча	3	0
леллехь	3	0
лелон	3	0
лелорхьама	3	0
лелочух	3	0
лелхаш	3	0
лелхийна	3	0
лепачу	3	0
лер	3	0
лергах	3	0
летадайтира	3	0
летадарна	3	0
летаде	3	0
летийнарг	3	0
лецна	3	0
ливани	3	1
локхалла	3	0
лолле	3	0
ломе	3	0
лохку	3	0
лоькхур	3	0
лоькхура	3	0
лоьмаш	3	0
луурш	3	0
луучо	3	0
луучу	3	0
луьрачу	3	0
луьста	3	0
магӏогӏ	3	1
мадай	3	1
мадани	3	1
мажош	3	0
майданашкахула	3	0
майдане	3	0
майралла	3	0
майрачуьнга	3	0
малийта	3	0
малийтира	3	0
малка	3	1
малкишаӏ	3	1
малонча	3	0
малук	3	1
ман	3	0
манахь	3	1
манна	3	0
маннашхойн	3	0
маргӏалдулу	3	0
мартас	3	1
массанхьахула	3	0
махьила	3	1
мачийн	3	0
маьнги	3	0
маьхьарца	3	0
маӏана	3	0
мекарлонаш	3	0
менахьим	3	1
мерзачу	3	0
месашца	3	0
меттан	3	0
меттахӏоттош	3	0
меттигашкахула	3	0
мехкарша	3	0
мехкашка	3	0
мехкашца	3	0
микаалан	3	1
мисархошка	3	0
михмасехь	3	1
могуьйту	3	0
молийла	3	0
мотталаш	3	0
моттуьйтуш	3	0
мохана	3	0
муабахошна	3	0
мурдо	3	0
муттдоккхургана	3	0
мушхьин	3	1
муьлхачо	3	0
муьрехь	3	0
муьшаца	3	0
мӏараш	3	0
наабе	3	1
набалан	3	1
набахте	3	0
нанний	3	0
натас	3	1
натин	3	1
натунаила	3	1
нахала	3	0
нахьати	3	1
нахьаш	3	1
некъашка	3	0
некъашна	3	0
ненаца	3	0
нийсонна	3	0
нимшайн	3	1
нисвелла	3	0
нохье	3	1
ну	3	1
нуьцкъалаллех	3	0
нуьцкъалаллица	3	0
нуьцкъалчунна	3	1
обанан	3	0
овну	3	1
озабезамаш	3	0
озош	3	0
ойланех	3	0
ойу	3	0
олаллина	3	0
олахошна	3	0
олла	3	0
онан	3	1
оре	3	0
отур	3	0
охьабехкина	3	0
охьабиллира	3	0
охьадогӏу	3	0
охьадохкура	3	0
охьадоьжна	3	0
охьакхуссур	3	0
охьаховшур	3	0
охьаӏанор	3	0
оьгӏазбахана	3	0
оьгӏазвахнера	3	0
оьгӏазгӏур	3	0
оьгӏазлонан	3	0
оьгӏазъоьхуьйтура	3	0
оьздангалла	3	0
оьмар	3	0
оьхкира	3	0
оьцучу	3	0
падацуран	3	1
палтуьйсурш	3	0
паргӏатвоккхур	3	0
паргӏатоне	3	0
парзашка	3	0
парӏушан	3	1
паччахьашца	3	0
паччахьел	3	0
паччахьера	3	0
пекъар	3	0
пелакъа	3	1
пенех	3	0
пикхахьис	3	1
пондарца	3	0
пхиппа	3	0
пхьегӏийн	3	0
пӏатӏа	3	1
пӏелгах	3	0
пӏераскан	3	0
раабанхой	3	0
раабанхойн	3	0
раи	3	1
рам	3	1
рахьу	3	1
рахьуб	3	1
раӏал	3	1
ребикхина	3	1
рехьаб	3	1
речӏа	3	0
речӏанаш	3	0
рогӏехь	3	0
сайгахь	3	0
сакъераделла	3	0
самукъадаларан	3	0
санисбийриг	3	0
саретан	3	1
сатасале	3	0
сахуьлучу	3	0
сацалур	3	0
сацахьа	3	0
саьрмико	3	0
сегӏазах	3	0
секхаӏодан	3	0
сепарвайм	3	1
серагӏ	3	1
серахь	3	1
серий	3	0
серла	3	0
серлоне	3	0
серлонехь	3	0
сецначу	3	0
сийлаллехь	3	0
сийсазвеш	3	0
сийсара	3	0
синойх	3	0
синтеман	3	0
сихбелла	3	0
сихлур	3	0
совгӏаташца	3	0
совсоза	3	0
совцор	3	0
совцу	3	0
совцуш	3	0
сонтачарна	3	0
стагал	3	0
стам	3	0
старгӏанах	3	0
стигалел	3	0
стигалх	3	0
стигалшна	3	0
страус	3	0
стунда	3	0
стундена	3	0
сунтбира	3	0
сунтвар	3	0
суо	3	0
суьрташкахь	3	0
суьртийн	3	0
схьаба	3	0
схьабевллера	3	0
схьабер	3	0
схьавалийна	3	0
схьаван	3	0
схьаваре	3	0
схьавогӏучу	3	0
схьагулбеллачу	3	0
схьагулбеш	3	0
схьагулдан	3	0
схьагулло	3	0
схьадалийна	3	0
схьадаха	3	0
схьадахьар	3	0
схьадахьаш	3	0
схьадогӏучу	3	0
схьайоху	3	0
схьакхаччалц	3	0
схьакхетта	3	0
схьакхочур	3	0
схьакъастийра	3	0
схьалоцур	3	0
схьаоьцура	3	0
схьаоьцучу	3	0
схьахадийна	3	0
схьахьажахьа	3	0
схьахьажийначу	3	0
схьаэцийта	3	0
схьаяккхархьама	3	0
схьаялийра	3	0
схьаяьхна	3	0
тайпанаша	3	0
тал	3	1
тамаш	3	0
тамнаӏ	3	1
тапухьа	3	1
тархаш	3	0
тархех	3	0
тасийта	3	0
татанаш	3	0
таьжнийн	3	0
таьлланга	3	0
таӏнак	3	1
тейма	3	1
терзанна	3	0
тесча	3	0
техкаш	3	0
теший	3	0
тешначарна	3	0
тида	3	0
тила	3	0
тилавелла	3	0
тишлур	3	0
тобанера	3	0
тобеш	3	0
тодийр	3	0
тойнаш	3	0
томана	3	0
тотту	3	0
тоттуш	3	0
тохарца	3	0
тукхамийн	3	0
тулгӏенийн	3	0
тумим	3	1
тупат	3	1
турбанашца	3	0
туьйдарг	3	0
туьйдаргаш	3	0
туьйсур	3	0
тхевнаш	3	0
тӏаьрсигах	3	0
тӏаьхьабевллачуьра	3	0
тӏаьхьавер	3	0
тӏаьхьахӏиттинарш	3	0
тӏаьхьенера	3	0
тӏевахана	3	0
тӏевирззина	3	0
тӏегӏерта	3	0
тӏедаьхьира	3	0
тӏедерзор	3	0
тӏедехкинаршца	3	0
тӏедилларца	3	0
тӏедоьрзур	3	0
тӏедухур	3	0
тӏекхачаре	3	0
тӏекхойкхур	3	0
тӏекхочийла	3	0
тӏекхочура	3	0
тӏелаьцначарна	3	0
тӏемалочун	3	0
тӏемашна	3	0
тӏемашца	3	0
тӏергӏах	3	0
тӏехвелира	3	0
тӏехьажийра	3	0
тӏехьаьжна	3	0
тӏеяллалц	3	0
тӏоьрмагна	3	0
урхалхо	3	0
урхалчаш	3	0
уръяхӏун	3	1
уьнна	3	0
уьшал	3	0
хада	3	0
хазахьа	3	0
халкъел	3	0
харцделан	3	0
харцделанаш	3	0
харцонех	3	0
хастадо	3	0
хашадхошна	3	0
хаьржинера	3	0
хаьттича	3	0
хедоза	3	0
хеззи	3	0
хезний	3	0
херцораш	3	0
хеталора	3	0
хехо	3	0
хилалур	3	0
хиллачарна	3	0
хинан	3	0
хинйолу	3	0
ховха	3	0
хоьттур	3	0
хоьтуьйтуш	3	0
хризолит	3	0
хьадалчаш	3	0
хьадиде	3	1
хьаж	3	0
хьакхавелла	3	0
хьалаайаелча	3	0
хьалабаьлла	3	0
хьалагӏаьттича	3	0
хьаладаккха	3	0
хьаладолуш	3	0
хьаладуьзира	3	0
хьалаойу	3	0
хьалахьажийча	3	0
хьалахьаьжча	3	0
хьалаяьлла	3	0
хьаматан	3	1
хьамур	3	1
хьамуран	3	1
хьана	3	1
хьарамло	3	0
хьарчийначу	3	0
хьаьшира	3	0
хьегар	3	0
хьежар	3	0
хьекъалчийн	3	0
хьелонан	3	1
хьелур	3	0
хьетахошна	3	0
хьолахочунна	3	0
хьоьгура	3	0
хьушатхо	3	0
хьуьнан	3	0
хьуьнхара	3	0
хӏаваъ	3	0
хӏазарш	3	0
хӏаллакбайтархьама	3	0
хӏаллакбехьа	3	0
хӏаллакдаран	3	0
хӏаллакдийриг	3	0
хӏаллакйира	3	0
хӏалпайн	3	1
хӏамдатин	3	1
хӏета	3	0
хӏетталц	3	0
хӏеттахь	3	0
хӏин	3	0
хӏинцачул	3	0
хӏиттаде	3	0
хӏиттий	3	0
хӏокхунах	3	0
хӏоранца	3	0
хӏордал	3	0
хӏордаца	3	0
хӏоттаве	3	0
хӏоттае	3	0
хӏоттахь	3	0
хӏоттийнарг	3	0
хӏудав	3	1
хӏуманашка	3	0
хӏусамашна	3	0
цавашарца	3	0
цавезарг	3	0
цавезарш	3	0
цалманаӏӏий	3	1
цахиларх	3	0
цаьргахьа	3	0
цеста	3	0
цецбевллера	3	0
цецбуьйлура	3	0
цецваьлла	3	0
цецваьллера	3	0
цийонера	3	1
цоба	3	1
цомгушнаш	3	0
цуба	3	1
цуьнгахьа	3	0
цуӏаран	3	1
цхьадерш	3	0
цхьаннен	3	0
цхьаьнакхетта	3	0
цӏадакъа	3	1
цӏадакъан	3	1
цӏадукъас	3	1
цӏанбархьама	3	0
цӏандаран	3	0
цӏерачу	3	0
цӏерашца	3	0
цӏибӏонан	3	1
чамхалг	3	0
чангӏалкхийн	3	0
чевнна	3	0
чекхбаьккхира	3	0
чекхбевр	3	0
чекхбохучу	3	0
чекхдаха	3	0
чекхдаьллачул	3	0
чекхдехира	3	0
чекхъер	3	0
чехкачу	3	0
чкъурган	3	0
чувелира	3	0
чувоьссира	3	0
чуйогӏуш	3	0
чӏагӏло	3	0
чӏана	3	0
чӏерийлецархой	3	0
чӏерийн	3	1
чӏожа	3	0
шабни	3	1
шайтӏане	3	0
шалума	3	1
шалумати	3	1
шалхончаш	3	0
шамуӏ	3	1
шамшонна	3	1
шамъалан	3	1
шатайпана	3	0
ше	3	0
шеан	3	1
шегахула	3	0
шейла	3	1
шеташ	3	0
шидауран	3	1
шийттаннах	3	0
шилунхо	3	0
шинар	3	0
шовданаш	3	0
шолгӏачун	3	0
шуахьахо	3	0
шубали	3	1
шуьйрачу	3	0
шуьна	3	0
шуӏа	3	1
шуӏал	3	1
эгий	3	0
эдомхошна	3	0
эйлон	3	1
экам	3	0
эл	3	1
элишуб	3	1
элкхана	3	1
эмархоша	3	0
эмкална	3	0
эпасехь	3	1
эпрайма	3	1
эпраймана	3	1
эсиратан	3	1
эсиратана	3	1
эскарера	3	0
эскархо	3	0
этӏор	3	0
этӏош	3	0
эханг	3	0
эхарто	3	0
эхьах	3	0
эшийначу	3	0
эшначу	3	0
эшо	3	0
юнусе	3	1
юхабирзинчу	3	0
юхабирзича	3	0
юхадала	3	0
юхадерзийра	3	0
юхадоьрзу	3	0
юхайирзира	3	0
юхайоьрзур	3	0
юхаметта	3	0
юхаметтахӏиттадехьа	3	0
юхаметтахӏиттийна	3	0
юхаметтахӏиттийра	3	0
юхий	3	0
юьсу	3	0
юьхьиг	3	0
явешан	3	1
явсай	3	1
ягайо	3	0
ягочу	3	0
ядутун	3	1
яздеш	3	0
яздинчуьнга	3	0
язъеш	3	0
яийтахьа	3	0
яир	3	1
яйнера	3	0
яйтинера	3	0
яккхахьа	3	0
якъало	3	0
ялор	3	0
ялхе	3	0
яманхошка	3	0
ямартхой	3	0
ямин	3	1
япияӏ	3	1
ярахьмиалан	3	1
ярий	3	0
ясса	3	0
ястий	3	0
ятӏарига	3	1
яхаза	3	0
яхача	3	0
яхий	3	0
яхьазиал	3	1
яхӏуашан	3	1
яъзан	3	1
яьлларг	3	0
ӏабайдан	3	1
ӏадийнера	3	1
ӏазариал	3	1
ӏазмават	3	1
ӏай	3	1
ӏайнанан	3	1
ӏайтӏам	3	1
ӏалур	3	1
ӏамалекх	3	1
ӏамасаан	3	1
ӏанатотхо	3	1
ӏандара	3	1
ӏанорца	3	1
ӏаткъам	3	1
ӏахарх	3	1
ӏахаршна	3	1
ӏахбаран	3	1
ӏаштарт	3	1
ӏебаран	3	1
ӏегӏлон	3	1
ӏедалан	3	1
ӏедало	3	1
ӏеданера	3	1
ӏедар	3	1
ӏезаре	3	1
ӏесавах	3	1
ӏесаве	3	1
ӏехаво	3	1
ӏинан	3	1
ӏовмар	3	1
ӏодика	3	1
ӏумарин	3	1
ӏухранан	3	1
ӏушна	3	1
абатан	3	0
агӏонан	3	0
акхтарган	3	0
аьхьна	3	0
бабин	3	0
базанан	3	0
байнарг	3	0
берзан	3	0
бийнарг	3	0
билгалонан	3	0
боккхо	3	0
бошмийн	3	0
буьйданиг	3	0
бӏарздалар	3	0
бӏаьлланган	3	0
бӏаьстенан	3	0
ваьржина	3	0
вежараллин	3	0
висар	3	0
вол	3	0
вортанан	3	0
ворхӏазлагӏа	3	0
гаран	3	0
ген	3	0
гомашан	3	0
гӏарадаьлла	3	0
гӏаргӏулин	3	0
гӏовгӏанан	3	0
гӏорасизниг	3	0
дайнарг	3	0
дарцан	3	0
дахкаран	3	0
даьстина	3	0
даьӏна	3	0
дерстана	3	0
дехьий	3	0
диндоцу	3	0
дитинарг	3	0
дихкинарг	3	0
довхойн	3	0
дозаллин	3	0
дошан	3	0
доьалгӏаниг	3	0
доьхкаран	3	0
дуйнан	3	0
дӏай	3	0
ейтталгӏа	3	0
ехнарг	3	0
зорх	3	0
зудаберийн	3	0
зурманан	3	0
исбаьхьаллин	3	0
ихна	3	0
йовхонан	3	0
йоккхо	3	0
йораха	3	0
йоьалгӏаниг	3	0
каде	3	0
кедан	3	0
кирхьанан	3	0
кост	3	0
куьце	3	0
кхабин	3	0
кхайкхаза	3	0
кхен	3	0
кхетамбоцу	3	0
кхехкийнарг	3	0
кхехьна	3	0
кхихкина	3	0
кӏоранан	3	0
кӏорнин	3	0
ладугӏург	3	0
легӏана	3	0
лечин	3	0
лилула	3	0
луьйчу	3	0
малхбалераниг	3	0
марера	3	0
мас	3	0
мачин	3	0
маьнгин	3	0
маьршаниг	3	0
маьӏнин	3	0
мехкарийн	3	0
мир	3	0
мокха	3	0
нахаран	3	0
неханиг	3	0
охкург	3	0
оьхург	3	0
пайдениг	3	0
пхонан	3	0
пхоьазлагӏа	3	0
пхьаьрсан	3	0
рабит	3	1
сайниг	3	0
сар	3	1
селханлера	3	0
сехьий	3	0
собарениг	3	0
стиман	3	0
суьйренца	3	0
схьай	3	0
тара	3	0
тхайниг	3	0
тӏак	3	0
тӏах	3	0
тӏаьхьалонан	3	0
тӏум	3	0
урчакхан	3	0
уьнан	3	0
хийистера	3	0
хийраниг	3	0
хьалхалераниг	3	0
хьехархойн	3	0
хьорзам	3	0
хӏажаран	3	0
хӏазаран	3	0
хӏордйистера	3	0
хӏоьан	3	0
хӏур	3	0
цабезаме	3	0
цамгаре	3	0
цицан	3	0
цхьалха	3	0
цхьогалан	3	0
цӏевнийн	3	0
цӏестаниг	3	0
цӏунан	3	0
черманан	3	0
чоме	3	0
чорхан	3	0
чхар	3	0
чӏагӏдаран	3	0
чӏегӏардиган	3	0
чӏу	3	0
шаьлтанан	3	0
шийтталгӏаниг	3	0
юьртан	3	0
юьххьера	3	0
ягийнарг	3	0
ялхитталгӏа	3	0
яхна	3	0
ӏаж	3	1
ӏайг	3	1
ӏежан	3	1
ӏиндагӏан	3	1
ӏовдало	3	1
ӏуьллург	3	1
ӏуьнан	3	1
абаден	3	0
абишуӏ	3	1
авил	3	1
аганара	3	0
агӏонах	3	0
адама	3	1
адунурам	3	1
айархьама	3	0
айий	3	0
акъареш	3	0
алийтира	3	0
алсамдолуш	3	0
амалца	3	0
ангалих	3	0
аннаш	3	0
арабаьхча	3	0
арабевллера	3	0
арабовла	3	0
арабохучу	3	0
аравнин	3	1
аравнис	3	1
араволу	3	0
арадовлу	3	0
арадоху	3	0
арахийцира	3	0
араяьллачу	3	0
ардангаш	3	0
арданго	3	0
аренца	3	0
арпахшадан	3	1
асайпа	3	1
асанаш	3	0
асина	3	1
атина	3	1
ахархо	3	0
ахархочо	3	0
ахаше	3	1
ахдакъа	3	0
ахдекъана	3	0
ахка	3	0
ахчанаш	3	0
ахчано	3	0
ахьабе	3	1
ахьазана	3	1
ахьъю	3	1
ахӏаронний	3	1
ахӏаронца	3	1
ашкул	3	1
ашурхошца	3	0
аьлларш	3	0
аьллачун	3	0
аьрзуно	3	0
аьчкан	3	0
аяхӏун	3	1
бавелах	3	1
баганаша	3	0
багарбинарш	3	0
базбинчу	3	0
баировт	3	1
байракхаш	3	0
баккхийбер	3	0
баккхийтина	3	0
баккхийчара	3	0
бакъахь	3	0
бакъвар	3	0
бакъвийр	3	0
бакъийра	3	0
бакъонаша	3	0
балабора	3	0
балано	3	0
балийтира	3	0
балоз	3	0
балу	3	1
балхьата	3	1
баней	3	1
барнаьӏара	3	1
барталамай	3	1
бархӏалгӏачу	3	0
басамат	3	1
батош	3	0
баханчу	3	0
бахархошкара	3	0
бахархьама	3	0
бахийтий	3	0
бахийтинера	3	0
бахтарш	3	0
баца	3	0
бацана	3	0
бацахьара	3	0
баьккхи	3	0
баьккхинчул	3	0
баьккхинчунна	3	0
баьккхича	3	0
баьрзнашна	3	0
баьрчче	3	0
баьччанна	3	0
баьччано	3	0
баӏшина	3	1
бега	3	0
бегӏийла	3	0
бедарийн	3	0
бежалойн	3	0
бежанаша	3	0
безакх	3	1
безнарш	3	0
беккъа	3	0
бела	3	0
белам	3	0
беллачех	3	0
белхаран	3	0
белхарш	3	0
белш	3	0
белшацар	3	1
белшашна	3	0
бепиггий	3	0
бепигдоттург	3	0
берашкара	3	0
берд	3	0
берзор	3	0
берзош	3	0
беркатах	3	0
берстина	3	0
бетаалан	3	1
беталахь	3	1
бетална	3	1
бехдира	3	0
бехкевеш	3	0
бехкево	3	0
бехкенна	3	0
бецийн	3	0
бечарна	3	0
бечуьра	3	0
бешан	3	0
би	3	0
билгалбаьккхинчу	3	0
билгалбаьхна	3	0
билгалбехира	3	0
билгалйоккхур	3	0
билгалонах	3	0
билгалонех	3	0
билдада	3	1
биначарна	3	0
бинуй	3	1
бисинчеран	3	0
биъча	3	0
бовда	3	0
бовза	3	0
бовзуьйтуш	3	0
бовлий	3	0
бодашкахь	3	0
божаршка	3	0
бозбунчашна	3	0
бойу	3	0
боккхура	3	0
боккхуьйтур	3	0
болабелира	3	0
болийна	3	0
боллучу	3	0
болура	3	0
бохалла	3	0
бохалур	3	0
бохамех	3	0
бохкуш	3	0
бохкуьйтура	3	0
бохош	3	0
боцучунна	3	0
боццуш	3	0
боьлакаш	3	0
боьрзура	3	0
боьхалла	3	0
боьханиг	3	0
бузу	3	0
букхай	3	1
булаӏан	3	1
буржалех	3	0
бутту	3	0
буьзначу	3	0
буьйлабелла	3	0
буьйр	3	0
буьллийла	3	0
буьллуш	3	0
буьхана	3	0
бӏаьвнах	3	0
бӏаьргаша	3	0
бӏаьргашка	3	0
бӏеннийн	3	0
бӏогӏамех	3	0
вагавойтучул	3	0
ваза	3	0
вазвийр	3	0
ваийтинера	3	0
ваийтинийла	3	0
ваийтинчух	3	1
вайгахула	3	0
вайл	3	0
вайшиннан	3	0
ваккхалур	3	0
валавайтина	3	0
валаза	3	0
валийтира	3	0
вархьама	3	0
ваханчуьра	3	0
вахийтахьа	3	0
вахийтахьара	3	0
вахкавалар	3	0
ваххара	3	0
вашати	3	1
ваьхьаш	3	0
веа	3	0
вежарел	3	0
везара	3	0
везарган	3	0
везарш	3	0
везачо	3	0
векало	3	0
векалшка	3	0
велаш	3	0
веллера	3	0
велхарна	3	0
верзахь	3	0
верна	3	0
весета	3	0
вета	3	0
вечу	3	0
вешица	3	0
вижначохь	3	0
вийначу	3	0
вийцина	3	0
вийцинарг	3	0
виркхел	3	0
висархьама	3	0
висахь	3	0
висинчу	3	0
висинчунна	3	0
вистхилларг	3	0
вистхуьллушехь	3	0
вистхуьлура	3	0
вистхуьлучу	3	0
витахь	3	0
вовзарехь	3	0
вовзийтира	3	0
вовшахкхетар	3	0
вогӏург	3	0
водур	3	0
вожа	3	0
возаллех	3	0
возаллица	3	0
войту	3	0
волла	3	0
ворданна	3	0
вортана	3	0
вохлуш	3	0
вохуьйтучу	3	0
воций	3	0
воь	3	0
воьдура	3	0
воьлхура	3	0
воьрзуьйтура	3	0
воьхкина	3	0
вузор	3	0
вукхарал	3	0
вукхаьрга	3	0
вукхул	3	0
вуьгу	3	0
вуьжу	3	0
вуьйлу	3	0
вуьйцург	3	0
вуьшта	3	1
гайна	3	0
гайтаза	3	0
галволуьйтуш	3	0
галгалара	3	1
гамлиал	3	1
гарна	3	0
гата	3	0
гаьннах	3	0
гаӏала	3	1
гезго	3	0
генаш	3	0
гер	3	0
гергарчарах	3	0
герзим	3	1
гидалан	3	1
гинчух	3	0
гиччош	3	0
говраша	3	0
голан	3	1
гомар	3	1
готтачу	3	0
грекахошна	3	0
гуламаш	3	0
гулбелларш	3	0
гулбеллачара	3	0
гулбеллера	3	0
гулбинчу	3	0
гулбира	3	0
гулдинчу	3	0
гулйира	3	0
гунашка	3	0
гура	3	0
гург	3	0
гучудевлира	3	0
гучуделира	3	0
гучуер	3	0
гучуяьккхира	3	0
гӏади	3	1
гӏайгӏанах	3	0
гӏаларт	3	0
гӏалаххьий	3	0
гӏалел	3	0
гӏамаран	3	0
гӏанташна	3	0
гӏатта	3	0
гӏебар	3	1
гӏелвина	3	0
гӏели	3	0
гӏиллакх	3	0
гӏирсана	3	0
гӏирсийн	3	0
гӏиршанах	3	1
гӏовттур	3	0
гӏода	3	0
гӏодаюккъе	3	0
гӏопана	3	0
гӏорзанаш	3	0
гӏорта	3	0
гӏортар	3	0
гӏорторашна	3	0
гӏоттуш	3	0
гӏохьа	3	0
гӏоьмаш	3	0
гӏудалкхахь	3	0
гӏуллакхашкахула	3	0
гӏуллакхехь	3	0
гӏуркхаш	3	0
даахь	3	0
дагадаийталаш	3	0
дагадаийтархьама	3	0
дагадаийтира	3	0
дагадовла	3	0
дагаоьху	3	0
дагаца	3	0
даге	3	0
дажаде	3	0
даздечу	3	0
даийтахьа	3	0
даийтича	3	0
дайл	3	0
даккхалур	3	0
даккхара	3	0
даккхарна	3	0
даккхийдейша	3	0
даккхийделаш	3	0
даккхийдеран	3	0
далалур	3	0
далалуш	3	0
далийнера	3	0
далийтира	3	0
дамардарц	3	0
дамасакхана	3	1
дарвеш	3	0
дарехь	3	0
даржош	3	0
дассалур	3	0
даточу	3	0
дахахь	3	0
дахийтинчу	3	0
дахкалур	3	0
дацахьара	3	0
дацдина	3	0
даьллачух	3	0
даьллий	3	0
даьссаниг	3	0
даьттанах	3	0
даӏуалан	3	1
деакӏов	3	0
дебар	3	0
дебна	3	0
девллачул	3	0
дегабаам	3	0
дегаде	3	0
дегадора	3	0
деден	3	0
дежийлашна	3	0
дезарш	3	0
дезачух	3	0
декъаделира	3	0
декъалдарш	3	0
декъалдеш	3	0
декъалйира	3	0
декъашхочо	3	0
деланашца	3	0
делара	3	0
деллачух	3	0
делхалаш	3	0
денвала	3	0
денвинчу	3	0
денделла	3	0
денлуш	3	0
дералло	3	0
дерзийнера	3	0
дерригенан	3	0
дерригено	3	0
дехаре	3	0
дехийла	3	0
дехкинчу	3	0
дечара	3	0
дечохь	3	0
дечун	3	0
джабраил	3	1
дига	3	0
дийнарг	3	0
дийнатах	3	0
дийнаташа	3	0
дийнаташца	3	0
дийннахь	3	0
дийра	3	0
дийцал	3	0
дийцалахь	3	0
дийццара	3	0
дийшина	3	0
диканехь	3	0
дилина	3	0
диначун	3	0
диначуьнга	3	0
диний	3	0
диснарш	3	0
диснера	3	0
дистхуьлучу	3	0
дитий	3	0
диттина	3	0
довдий	3	0
довзар	3	0
довзийтира	3	0
довлахь	3	0
догдоьхна	3	0
догцӏеначу	3	0
догӏмашкахь	3	0
дойтура	3	0
дойучу	3	0
доккхуьйтур	3	0
долало	3	0
доттагӏалла	3	0
доттагӏчун	3	0
доттуш	3	0
дох	3	0
дохадора	3	0
дохкура	3	0
дохуьйту	3	0
доцучуьнга	3	0
доцучуьнгара	3	0
доццуш	3	0
доьзалхочун	3	0
доькъучу	3	0
доьлла	3	0
доьрзийла	3	0
доьссича	3	0
доьхкийла	3	0
доӏанан	3	0
доӏина	3	0
дуагӏа	3	1
дудаъ	3	0
дужийла	3	0
дузарна	3	0
дукхадеза	3	0
дукхахболу	3	0
дуссий	3	0
дустаршца	3	0
дустийна	3	0
духарца	3	0
духаршца	3	0
духе	3	0
духку	3	0
духкур	3	0
духу	3	0
духур	3	0
дуьйлира	3	0
дуьйхира	3	0
дуьйцучо	3	0
дуьме	3	0
дуьстина	3	0
дуьстира	3	0
дуьстича	3	0
дуьту	3	0
дуьххьарчу	3	0
дуьхьалбевр	3	0
дуьхьалвогӏуш	3	0
дуьхьалдоккхур	3	0
дуьхьлара	3	0
дӏабалархьама	3	0
дӏабахьийтира	3	0
дӏабаьккхина	3	0
дӏабаьккхира	3	0
дӏабевлира	3	0
дӏабеллера	3	0
дӏабоьдуш	3	0
дӏабоьлху	3	0
дӏабоьхкина	3	0
дӏавадархьама	3	0
дӏавалархьама	3	0
дӏаван	3	0
дӏавахаза	3	0
дӏавахийтина	3	0
дӏавехка	3	0
дӏавирзира	3	0
дӏавихкина	3	0
дӏавихкира	3	0
дӏавоьдучу	3	0
дӏагур	3	0
дӏадахийтархьама	3	0
дӏадахийтира	3	0
дӏадаьллера	3	0
дӏадаьхьна	3	0
дӏаделладелира	3	0
дӏаделладеллачу	3	0
дӏаделларг	3	0
дӏаделларна	3	0
дӏаделча	3	0
дӏадешна	3	0
дӏадийнарг	3	0
дӏадийцина	3	0
дӏадилла	3	0
дӏадихкина	3	0
дӏадовда	3	0
дӏадовдур	3	0
дӏадоладелла	3	0
дӏадохка	3	0
дӏадоху	3	0
дӏадохуьйтуш	3	0
дӏадоьгӏна	3	0
дӏадоьду	3	0
дӏадоьдура	3	0
дӏадоькъура	3	0
дӏадоьчу	3	0
дӏадухкуш	3	0
дӏадуьгун	3	0
дӏаевлла	3	0
дӏаеллаелира	3	0
дӏаеллаелла	3	0
дӏаерзо	3	0
дӏайижа	3	0
дӏайиллина	3	0
дӏайоьдуш	3	0
дӏайоьхкира	3	0
дӏакхалхале	3	0
дӏакхалххалц	3	0
дӏакхачийра	3	0
дӏакхехьна	3	0
дӏакхехьначу	3	0
дӏакхочийла	3	0
дӏакъовлалур	3	0
дӏакъовлу	3	0
дӏалахь	3	0
дӏалачкъийра	3	0
дӏалаьхкинчу	3	0
дӏалечкъира	3	0
дӏалучу	3	0
дӏамер	3	0
дӏанисдинчу	3	0
дӏаоьху	3	0
дӏасабаьржина	3	0
дӏасакъастарх	3	0
дӏасаца	3	1
дӏасецна	3	0
дӏатакха	3	0
дӏахададе	3	0
дӏахадийна	3	0
дӏахаза	3	0
дӏахозуьйтуш	3	0
дӏахоуьйтуш	3	0
дӏахьакхалахь	3	0
дӏахьедина	3	0
дӏахьедира	3	0
дӏахьедо	3	0
дӏахьулбира	3	0
дӏахьулдийр	3	0
дӏахьулдира	3	0
дӏахьулйо	3	0
дӏахӏиттабора	3	0
дӏахӏоттабо	3	0
дӏахӏоттий	3	0
дӏаюьйжира	3	0
дӏаязбан	3	0
дӏаязбечу	3	0
дӏаязбеш	3	0
дӏаязъе	3	0
дӏаяхийта	3	0
дӏаяьхьна	3	0
евзар	3	0
едиӏаал	3	1
езара	3	0
езна	3	0
елча	3	0
ерзош	3	0
ерихонехь	3	1
ехачу	3	0
ечеран	3	0
жагӏа	3	0
жаӏуй	3	0
жаӏуйн	3	0
жижиган	3	0
жимачо	3	0
жиналла	3	0
жуьгташца	3	0
жӏаьлех	3	0
жӏаьлешна	3	0
завади	3	1
завадин	3	1
зайтдаьттанна	3	0
залпаа	3	1
заманал	3	0
заманахьлера	3	0
затун	3	1
заьӏапнаш	3	0
зерад	3	1
зиза	3	1
зимарис	3	1
зудаберашца	3	0
зуламан	3	0
зуламашка	3	0
зӏакарна	3	0
зӏаьнарш	3	0
иблисана	3	0
иблисе	3	0
изумруд	3	0
ийзош	3	0
инзардевлла	3	0
ирхъолла	3	0
искархочо	3	1
исраилхочо	3	0
итархо	3	0
итӏаран	3	1
йиина	3	0
йийсархошна	3	0
йинийла	3	0
йис	3	0
йисинарг	3	0
йистана	3	0
йистерачунна	3	0
йиънарг	3	0
йовзийта	3	0
йовзийтархьама	3	0
йовлакхаш	3	0
йовхонах	3	0
йовш	3	0
йожахь	3	0
йолий	3	0
йолчухьа	3	0
йосту	3	0
йохайо	3	0
йохуьйтуш	3	0
йоьгӏна	3	0
йоьзан	3	0
йоьллина	3	0
йоьлуш	3	0
йоьрзур	3	0
йоьттина	3	0
йоӏарийн	3	0
кала	3	1
канаӏанхо	3	0
канаӏанхошна	3	0
карабахь	3	0
караеана	3	0
карзахдаьллачу	3	0
карийнера	3	0
карла	3	0
кегдийр	3	0
кегийрачу	3	0
кератхой	3	0
кертарчу	3	0
кертахула	3	0
керташ	3	0
кечбелла	3	0
кечвелла	3	0
кечвина	3	0
кечдийр	3	0
кечйийр	3	0
кийрано	3	0
кинаӏанан	3	1
когахь	3	0
кой	3	0
коринт	3	1
кохьар	3	0
коше	3	0
коьжалг	3	0
коьртахь	3	0
куьйгалле	3	0
куьйгалхошца	3	0
куьпчи	3	0
кхааммо	3	0
кхадимут	3	1
кхаиме	3	1
кхайкхабо	3	0
кхайкхадайта	3	0
кхайкхадехьа	3	0
кхайкхадора	3	0
кхайкхийша	3	0
кхайкхинера	3	0
кхайкхоран	3	0
кханалерчу	3	0
кхахӏатхой	3	0
кхачаво	3	0
кхачалур	3	0
кхачарх	3	0
кхачо	3	0
кхаьбна	3	0
кхаьрдарг	3	0
кхаьчначул	3	0
кхебира	3	0
кхелхича	3	0
кхерабеллера	3	0
кхералахь	3	0
кхерамна	3	0
кхерарца	3	0
кхерийтархьама	3	0
кхерсташ	3	0
кхерчаний	3	0
кхетавехьа	3	0
кхетаза	3	0
кхетачу	3	0
кхетийтина	3	0
кхетийтира	3	0
кхеттехь	3	0
кхехка	3	0
кхийолчу	3	0
кхоаца	3	0
кховдадай	3	0
кхолларна	3	0
кхоллархо	3	0
кхорахьна	3	1
кхочушбар	3	0
кхочушбарна	3	0
кхочушбийриг	3	0
кхочушбора	3	0
кхочушдечу	3	0
кхочушхила	3	0
кхочушхилийта	3	0
кхочушъян	3	0
кхоьручу	3	0
кхоьтуьйтур	3	0
кхуссуш	3	0
къайлавер	3	0
къайлаволу	3	0
къайладаьккхина	3	0
къайлаяьккхина	3	0
къамелана	3	0
къапалг	3	0
къастадайта	3	0
къастаде	3	0
къастадо	3	0
къастало	3	0
къастийнарг	3	0
къастийнарш	3	0
къасторан	3	0
къахеташ	3	0
къахетта	3	0
къаьмнашца	3	0
къаьмнел	3	0
къаьхкина	3	0
къегачу	3	0
къедар	3	1
къедаран	3	1
къечаьрца	3	0
къечун	3	0
къилба	3	0
къилбаседерачу	3	0
къинхетамалла	3	0
къобалбе	3	0
къобалдеш	3	0
къобалдинарг	3	0
къовзош	3	0
къовсалур	3	0
къовсамаш	3	0
къоланаш	3	0
къоналлин	3	0
къонахалла	3	0
къорано	3	0
къуббанашкахь	3	0
къуринара	3	1
кӏадбелла	3	0
кӏажехь	3	0
кӏезигниг	3	0
кӏелхьарбаьхний	3	0
кӏелхьарбевлларш	3	0
кӏелхьарбохура	3	0
кӏелхьарваккхаре	3	0
кӏелхьарваккхарна	3	0
кӏелхьарваккхархьама	3	0
кӏелхьарвалалур	3	0
кӏелхьардаккхалур	3	0
кӏелхӏотторг	3	0
кӏелхӏотторгаш	3	0
кӏоргенаш	3	0
кӏорнех	3	0
кӏохцалийн	3	0
кӏоштахь	3	0
кӏуьро	3	0
ладаме	3	0
лазийнарг	3	0
лазийра	3	0
лаиш	3	1
лайнарг	3	0
лайра	3	0
лакхаваьккхина	3	0
лакхенгара	3	0
лакхенна	3	0
лакъийра	3	0
лалор	3	0
ларалаш	3	0
ларван	3	0
ларвархьама	3	0
ларве	3	0
ларвийриг	3	0
лардайтархьама	3	0
лардарна	3	0
лардина	3	0
ларош	3	0
ларча	3	0
латадайта	3	0
латадайтина	3	0
латийнийла	3	0
латкъамаш	3	0
латорна	3	0
латталелорхо	3	0
латтанашкара	3	0
латтанийн	3	0
лаудикехь	3	1
лахарна	3	0
лахийта	3	0
лахишан	3	1
лачкъор	3	0
лаьмнашкарчу	3	0
лаьхьанах	3	0
лаьхьанна	3	0
лаьхьарчий	3	0
лаьцначу	3	0
лаӏданан	3	1
лебеш	3	0
левихошца	3	0
лекъар	3	0
леладар	3	0
лелачарах	3	0
лелачаьрга	3	0
лелачеран	3	0
лелачо	3	0
лелачуьра	3	0
лелийла	3	0
лелийначух	3	0
лелийначуьнга	3	0
лелоран	3	0
лелорца	3	0
лелха	3	0
лемакӏа	3	1
лепа	3	0
лепийтахьа	3	0
лергана	3	0
лергина	3	0
леринчух	3	0
леринчуьнга	3	0
лета	3	0
летадахь	3	0
летадо	3	0
летийначаьрга	3	0
лех	3	0
лехалаш	3	0
лехар	3	0
лехьо	3	0
леца	3	0
лечуьра	3	0
лешка	3	0
ливанин	3	1
ливанунера	3	1
лии	3	0
лиъначу	3	0
ловчкъуш	3	0
лолла	3	0
ломарчу	3	0
лор	3	0
лоруьйтур	3	0
лоттуьйту	3	0
лоь	3	0
лоьлуьйту	3	0
луда	3	1
лулахоша	3	0
лутанин	3	1
лутӏина	3	1
луучух	3	0
луъу	3	0
маданхойх	3	0
маданхоша	3	0
майраллица	3	0
македонера	3	1
макир	3	1
малийтархьама	3	0
маргӏалдоьлла	3	0
маргӏалш	3	0
мардахайн	3	1
мардух	3	1
мариб	3	1
марк	3	1
марра	3	1
марханийн	3	0
мархех	3	0
мархица	3	0
маръюти	3	1
маръютин	3	1
масийтта	3	1
массехь	3	1
махпела	3	1
махьалат	3	1
махьанайме	3	1
махьат	3	1
мацаллина	3	0
маьрсаш	3	0
маьӏигна	3	0
маӏашна	3	0
маӏхас	3	1
мейпаӏат	3	1
мекарниг	3	0
мекхано	3	0
мерарихойн	3	0
меттанех	3	0
меттахйохуш	3	0
мехкадайн	3	0
мигдол	3	1
мийлина	3	0
милкӏом	3	1
милт	3	0
миндалан	3	0
мискачеран	3	0
мишлам	3	1
мостагӏашца	3	0
мотта	3	0
моттуьйту	3	0
моха	3	0
мохехь	3	0
мочхалш	3	0
муабера	3	1
мукъамаш	3	0
мукӏарло	3	0
мулада	3	1
мулкана	3	1
мурдана	3	0
мурде	3	0
мусай	3	1
мухха	3	0
мухӏарна	3	0
муш	3	0
муьлххачо	3	0
наабаца	3	1
набале	3	1
набарх	3	0
назартара	3	1
назманан	3	0
накхудин	3	1
накъосталла	3	0
намрад	3	1
наношна	3	0
напат	3	1
нахьшонан	3	1
наӏмат	3	1
наӏматхо	3	0
некхана	3	0
некхах	3	0
непаг	3	1
несаца	3	0
неӏсагӏа	3	0
неӏсагӏанаш	3	0
нигатца	3	0
нисван	3	0
нисделлера	3	0
нисдийр	3	0
ницкъбар	3	0
ницкъберш	3	0
ницкъе	3	0
нохьина	3	1
нуьрах	3	0
нуьраца	3	0
нуьцкъалаллин	3	0
нуьцкъалнаш	3	0
нуӏаман	3	1
нуӏат	3	1
ойуш	3	0
олахойн	3	0
олахочул	3	0
олхазаршка	3	0
омранашна	3	0
онданиг	3	0
ору	3	0
охьавижира	3	0
охьагӏур	3	0
охьадахка	3	0
охьадехкира	3	0
охьадохку	3	0
охьадоьссира	3	0
охьаехкира	3	0
охьайиллира	3	0
охьакхосса	3	0
охьатаьӏа	3	0
охьатаӏабо	3	0
охьахаийна	3	0
охьахевшинарш	3	0
охьахевшича	3	0
охьахиъча	3	0
охьаховшабе	3	0
оцунах	3	0
оьгӏазалло	3	0
оьгӏазваханчуьра	3	0
оьхкина	3	0
оьшура	3	0
оьшучу	3	0
оьшшучул	3	0
пайданах	3	0
пайнехьаса	3	1
пайхамарххий	3	0
палагӏан	3	1
паргӏатбаьхна	3	0
паргӏатбохур	3	0
паргӏатваккхахьа	3	0
паргӏатваьккхина	3	0
паргӏатвер	3	0
паргӏатдевр	3	0
паргӏатйоккхур	3	0
паргӏатонехь	3	0
паргӏатъяьккхина	3	0
патахь	3	1
пачхьалкхаша	3	0
петӏаматаш	3	0
пешахь	3	0
пи	3	1
пирӏунах	3	0
поппарца	3	0
проконсул	3	0
пхьидех	3	0
пӏелаштам	3	1
пӏелаштамхочун	3	0
пӏелаштамхочунна	3	0
пӏелаштамхошкара	3	0
раман	3	1
рамерчу	3	1
раӏамсас	3	1
ребикхе	3	1
резавелахь	3	0
резахир	3	0
рекхам	3	1
репайм	3	1
рехьабат	3	1
римхой	3	0
рутига	3	1
сагатдо	3	0
саготта	3	0
сагӏанашца	3	0
садаӏар	3	0
садоӏур	3	0
садукъдина	3	0
садукъойн	3	0
салха	3	1
самабевлча	3	0
самукъадер	3	0
самукъадоккху	3	0
самукъадоккхуш	3	0
санбулат	3	1
санхьарибан	3	1
саратан	3	1
сарате	3	1
сарета	3	1
сатийсинера	3	0
сатуьйсучу	3	0
сацахь	3	0
сашорте	3	0
саьрмикан	3	0
себа	3	1
седамера	3	1
седарчаша	3	0
секхаӏодаца	3	0
селахьан	3	1
серлонаш	3	0
серлонна	3	0
сийдар	3	0
сийсазвар	3	0
сийсазваьккхина	3	0
сийсазвина	3	0
сийсазво	3	0
сийсаздеш	3	0
сийсаздинчунна	3	0
сийсазчу	3	0
силаӏ	3	1
сингаттамаш	3	0
сингаттамехь	3	0
сине	3	0
синкъерам	3	0
синтемехь	3	0
сира	3	0
сисрас	3	1
сисрина	3	1
ситтина	3	0
сихачу	3	0
сихвелла	3	0
сихьона	3	1
собарх	3	0
совдаккха	3	0
совдегаршна	3	0
совцахь	3	0
совцийра	3	0
стаггий	3	0
стигалшкарчу	3	0
стомма	3	0
стоьлан	3	0
стундас	3	0
сулимана	3	1
сунтвале	3	0
сутаралла	3	0
суьрте	3	0
схьабало	3	0
схьабевр	3	0
схьабелира	3	0
схьабелла	3	0
схьаваийта	3	0
схьавалор	3	0
схьагайта	3	0
схьагулбелла	3	0
схьагулвира	3	0
схьагулдечу	3	0
схьагулдеш	3	0
схьагулдина	3	0
схьагуллур	3	0
схьадал	3	0
схьадаладе	3	0
схьадалийра	3	0
схьадаьккхинарг	3	0
схьадаьллачу	3	0
схьадаьхна	3	0
схьадоккху	3	0
схьадолура	3	0
схьадолуш	3	0
схьадоху	3	0
схьаелла	3	0
схьайогӏуш	3	0
схьайолуш	3	0
схьайохур	3	0
схьакхетачу	3	0
схьакховдаде	3	0
схьакъаставе	3	0
схьакъастийначу	3	0
схьакъасто	3	0
схьакъаьсташ	3	0
схьалацархьама	3	0
схьалохьа	3	0
схьалоьцур	3	0
схьахаьржинчу	3	0
схьаэцар	3	0
схьаяло	3	0
схьаяьккхинчу	3	0
схьаяьллачу	3	0
схьаяьхначу	3	0
тажана	3	0
тайпанашкахь	3	0
таллархо	3	0
талмайн	3	1
талхадо	3	0
тамашийнчу	3	0
тарбелла	3	0
тарс	3	1
тасабелла	3	0
тасахьа	3	0
татта	3	0
таттий	3	0
тахьат	3	1
тахьатан	3	1
тегна	3	0
текхарг	3	0
текхаргех	3	0
текхаргийн	3	0
текхачу	3	0
терхийн	3	0
тех	3	0
техкина	3	0
тешарш	3	0
тешачунна	3	0
тешийта	3	0
тешнарг	3	0
тешначу	3	0
теӏаш	3	0
тигӏлат	3	1
тийжамаш	3	0
тийжаме	3	0
тийжаран	3	0
тийсало	3	0
тийсина	3	0
тийсира	3	0
тишабхо	3	0
ткъолгӏачу	3	0
тобан	3	0
тобанех	3	0
тобанца	3	0
тобора	3	0
тов	3	0
товелира	3	0
товелла	3	0
товира	3	0
товлаӏ	3	1
тогӏенехула	3	0
тодан	3	0
тойийр	3	0
тойнашкахь	3	0
томмагӏех	3	0
топаз	3	0
тохаделла	3	0
тохале	3	0
тохахьа	3	0
тоххарехь	3	0
тоьъна	3	0
туй	3	0
турсана	3	0
турсашца	3	0
тутмакх	3	0
тухучу	3	0
тхьамданашца	3	0
тхьамданийн	3	0
тӏамас	3	1
тӏахьиран	3	1
тӏаьрсиг	3	0
тӏаьхьабевлларш	3	0
тӏаьхьабиснарш	3	0
тӏаьхьавала	3	0
тӏаьхьадаьлла	3	0
тӏаьхьакхуьур	3	0
тӏаьхьарнаш	3	0
тӏаьхьарниг	3	0
тӏаьхьахӏоттар	3	0
тӏаьхьахӏуьттур	3	0
тӏаьхьенехула	3	0
тӏебахийтира	3	0
тӏебиллина	3	0
тӏебоьрзур	3	0
тӏевигира	3	0
тӏевогӏу	3	0
тӏевола	3	0
тӏегӏанаш	3	0
тӏегӏо	3	0
тӏегӏоьртина	3	0
тӏегӏур	3	0
тӏедан	3	0
тӏедахара	3	0
тӏедерзаде	3	0
тӏедерзахь	3	0
тӏедиллиначуьнга	3	0
тӏедогӏун	3	0
тӏедолуш	3	0
тӏейогӏун	3	0
тӏекхайкхале	3	0
тӏекхачахьара	3	0
тӏекхета	3	0
тӏекхетта	3	0
тӏекхечи	3	0
тӏелатар	3	0
тӏелета	3	0
тӏелетта	3	0
тӏемадаьлла	3	0
тӏемалойх	3	0
тӏемалочуьнга	3	0
тӏеозор	3	0
тӏеоьхура	3	0
тӏеоьхуш	3	0
тӏеоьцучо	3	0
тӏетесна	3	0
тӏехбеттамаш	3	0
тӏехвала	3	0
тӏехволучу	3	0
тӏехтохам	3	0
тӏехьажа	3	0
тӏехьара	3	0
тӏехьахула	3	0
тӏехьожург	3	0
тӏехӏоьттича	3	0
тӏеэцар	3	0
тӏеэцахь	3	0
тӏеязбина	3	0
тӏеяздина	3	0
тӏеярах	3	0
тӏеяхара	3	0
тӏеӏанор	3	0
тӏоьрмаган	3	0
тӏулгана	3	0
тӏулгаша	3	0
удам	3	1
узарийн	3	0
узу	3	0
уллорачуьнга	3	0
уллорачуьнгара	3	0
ураман	3	0
урамехь	3	0
урхалхочо	3	0
уръяхӏуга	3	1
уръяхӏус	3	1
ученан	3	0
уьнах	3	0
уьстагӏца	3	0
хаавай	3	0
хаамах	3	0
хадош	3	0
хазаллица	3	0
хазийтархьама	3	0
хазийтахьа	3	0
хазнашна	3	0
хаийра	3	0
халахетарца	3	0
халахетта	3	0
халкъа	3	0
халкъера	3	0
халкъехьа	3	0
хамталла	3	0
харцдолчунна	3	0
харцдолчух	3	0
харцжин	3	0
харцонийн	3	0
харцонна	3	0
хасстоьмаш	3	0
хаста	3	0
хаставо	3	0
хастамийн	3	0
хасто	3	0
хаттал	3	0
хаттаршна	3	0
хашадхойх	3	0
хаьн	3	0
хаьштиг	3	0
хаьштигаш	3	0
хедае	3	0
хедош	3	0
хези	3	0
хетадолуьйтуш	3	0
хетийтина	3	0
хетташехь	3	0
хии	3	0
хийцалуш	3	0
хиларал	3	0
хиллачун	3	0
хинехула	3	0
ховший	3	0
хозуьйтур	3	0
хоржур	3	0
хоржуш	3	0
хоьттина	3	0
хушахойн	3	0
хуьллушехь	3	0
хьаам	3	0
хьабул	3	1
хьажар	3	0
хьайбанна	3	0
хьакхалур	3	0
хьакхарчашна	3	0
хьакхийна	3	0
хьалаайалора	3	0
хьалабелира	3	0
хьалагӏаьттина	3	0
хьаладер	3	0
хьаладовла	3	0
хьаладовлуш	3	0
хьалакхуьур	3	0
хьалаоьхкира	3	0
хьалаоьху	3	0
хьалахьажийра	3	0
хьалдерш	3	0
хьалдолчун	3	0
хьалхадаьлла	3	0
хьалхалерчийн	3	0
хьалхачул	3	0
хьалххахь	3	0
хьананин	3	1
хьанин	3	1
хьаннашкахь	3	0
хьануни	3	1
хьатуш	3	1
хьацерут	3	1
хьаьвзича	3	0
хьаьвссина	3	0
хьаьжа	3	0
хьаькамашца	3	0
хьаьхна	3	0
хьегначу	3	0
хьекхна	3	0
хьелац	3	1
хьенидадан	3	1
хьепаран	3	1
хьесталуш	3	0
хьехамчийн	3	0
хьехаре	3	0
хьехархо	3	0
хьехна	3	0
хьехнарг	3	0
хьехначу	3	0
хьеша	3	0
хьешбонан	3	1
хьешбонера	3	1
хьийгира	3	0
хьийжира	3	0
хьийзабо	3	0
хьийзийра	3	0
хьийкъинчу	3	0
хьийхира	3	0
хьовсий	3	0
хьогаллина	3	0
хьокхана	3	0
хьолада	3	0
хьоладас	3	0
хьонхалш	3	0
хьоьгучеран	3	0
хьугила	3	1
хьушай	3	1
хьушайс	3	1
хьушам	3	1
хьуьнах	3	0
хӏазарна	3	0
хӏаллакбинарш	3	0
хӏаллакбора	3	0
хӏаллакдайтархьама	3	0
хӏаллакдарна	3	0
хӏамане	3	1
хӏаманна	3	1
хӏарархо	3	0
хӏародад	3	1
хӏародана	3	1
хӏарон	3	1
хӏашанна	3	1
хӏиттадора	3	0
хӏиттинера	3	0
хӏитто	3	0
хӏокхуьнга	3	0
хӏонсана	3	0
хӏордахула	3	0
хӏордашна	3	0
хӏордехьа	3	0
хӏоттабо	3	0
хӏоттадо	3	0
хӏоттарна	3	0
хӏотторхьама	3	0
хӏоъ	3	0
хӏоьттинарг	3	0
хӏусамашка	3	0
хӏуттий	3	0
хӏуттучу	3	0
хӏуьттийла	3	0
хӏуьттура	3	0
цабашарца	3	0
цахиларан	3	0
цергана	3	0
цецбовларца	3	0
цийонах	3	1
цупин	3	1
цхьаьнатухур	3	0
цӏанбан	3	0
цӏанбе	3	0
цӏанбеш	3	0
цӏанбийр	3	0
цӏанбира	3	0
цӏанваларан	3	0
цӏарал	3	0
цӏегӏо	3	0
цӏенаниг	3	0
цӏенний	3	0
цӏенца	3	0
цӏерачара	3	0
цӏийнара	3	0
цӏинбаларан	3	0
цӏога	3	0
цӏунах	3	0
чагӏардуттург	3	0
чаккхарма	3	0
чаккхенгахь	3	0
чекхбаха	3	0
чекхбахийтира	3	0
чекхбехира	3	0
чекхбохуш	3	0
чекхбохуьйтура	3	0
чекхваккхийтира	3	0
чекхдаьллачу	3	0
чекхдевлира	3	0
чекхдовлучу	3	0
чекхдоккху	3	0
чекхдоккхур	3	0
чекхдохуьйтура	3	0
чекхъяьлла	3	0
чета	3	0
чечакхаш	3	0
чимаш	3	0
чкъураца	3	0
чубогӏур	3	0
чубузучу	3	0
чувала	3	0
чугӏоьртира	3	0
чудерзош	3	0
чуюьллу	3	0
чӏагӏбелира	3	0
чӏагӏбеш	3	0
чӏагӏбийр	3	0
чӏагӏлойла	3	0
чӏагӏоне	3	0
чӏагӏонна	3	0
чӏийш	3	0
чӏоггӏачу	3	0
шабаӏна	3	1
шаберш	3	0
шайгахула	3	0
шакарш	3	0
шала	3	0
шалейм	3	1
шамаӏига	3	1
шапани	3	1
шапанига	3	1
шапти	3	1
шаптин	3	1
шатар	3	1
шаулаца	3	1
шахан	3	1
шедаг	3	0
шедагийн	3	0
шейлин	3	1
шеконаш	3	0
шехема	3	1
шибна	3	1
шибнас	3	1
шинца	3	0
ширдолагца	3	0
шитим	3	1
шихьор	3	1
шубаб	3	1
шури	3	0
шуьгахула	3	0
шуьста	3	0
эделла	3	0
эдомхой	3	0
эдомхоша	3	0
эзарнийн	3	0
эйлат	3	1
элехьа	3	1
элиаба	3	1
элипаз	3	1
элипаза	3	1
элипазан	3	1
элихӏус	3	1
элиӏала	3	1
элиӏаса	3	1
элъюӏинай	3	1
элъякъима	3	1
эмархо	3	0
эмархошна	3	0
эмгараллин	3	0
эпрати	3	1
эрзан	3	1
эсийн	3	0
эскархоша	3	0
этанан	3	1
эханна	3	0
эхартехь	3	0
эцарна	3	0
эцарца	3	0
эцийта	3	0
эчиган	3	0
эшаран	3	0
эшарца	3	0
эшаршца	3	0
эштамуӏ	3	1
юахьис	3	1
югӏур	3	0
юзуш	3	0
юкъарло	3	0
юнусана	3	1
юргӏа	3	0
юстаран	3	0
юучуьнца	3	0
юхаберза	3	0
юхабирзина	3	0
юхаметтахӏиттор	3	0
юхку	3	0
юхкуш	3	0
юцӏдукъан	3	1
юшайга	3	1
юшан	3	1
юьйхира	3	0
юькъа	3	0
юькъачу	3	0
юьстахчу	3	0
юьстина	3	0
юьсуш	3	0
юьту	3	0
юьхах	3	0
юьххьенца	3	0
юьххьехь	3	0
юьхьан	3	0
юьхьӏаьржа	3	0
яахь	3	0
ябин	3	1
яван	3	1
явешера	3	1
явсайхо	3	0
явсайхошна	3	0
яздийриг	3	0
яздинчух	3	0
яздора	3	0
язъяйтархьама	3	0
яийтархьама	3	0
яйа	3	0
яккхархьама	3	0
яккхахь	3	0
якхтанан	3	1
якъаелира	3	0
якъалур	3	0
яларх	3	0
ялаяхь	3	0
ялийнарг	3	0
ялташ	3	0
ялтийн	3	0
ялтих	3	0
яманхошца	3	0
ямартчу	3	0
яплатин	3	1
яптахьан	3	1
яптахье	3	1
яри	3	1
ярмутан	3	1
ярташна	3	0
яртийн	3	0
ярушалаймехула	3	1
яхар	3	0
яхьара	3	0
яхьатан	3	1
яхьъях	3	1
яхӏудхошца	3	0
яхӏуний	3	1
яшаб	3	1
яӏлам	3	1
ӏайпар	3	1
ӏакхила	3	1
ӏакхуби	3	1
ӏалашде	3	1
ӏалашоне	3	1
ӏалашъян	3	1
ӏамаде	3	1
ӏамадора	3	1
ӏамалекхахоша	3	1
ӏамиалан	3	1
ӏамийнера	3	1
ӏамминан	3	1
ӏаморхьама	3	1
ӏанийначу	3	1
ӏархьама	3	1
ӏарша	3	1
ӏасано	3	1
ӏасахӏалан	3	1
ӏахан	3	1
ӏахур	3	1
ӏаштарат	3	1
ӏашун	3	1
ӏаьркхихо	3	1
ӏейпа	3	1
ӏелина	3	1
ӏепронан	3	1
ӏехо	3	1
ӏехор	3	1
ӏийнера	3	1
ӏиллира	3	1
ӏилма	3	1
ӏиттарш	3	1
ӏожаллица	3	1
ӏоьхуш	3	1
ӏуза	3	1
ӏумар	3	1
ӏуналлина	3	1
ӏуьйра	3	1
ӏуьргаш	3	1
абазойн	3	0
абазойниг	3	0
абатниг	3	0
абеба	3	1
авсалан	3	0
авсалниг	3	0
аганан	3	0
аганниг	3	0
агӏонниг	3	0
адамдоцу	3	0
адамдоцург	3	0
аддис	3	1
административно	3	0
адмирал	3	0
аздоцу	3	0
аздоцург	3	0
ази	3	1
аитан	3	0
аитниг	3	0
айаделларг	3	0
айпдоцу	3	0
айпдоцург	3	0
айпениг	3	0
айрийн	3	0
айрийниг	3	0
акациниг	3	0
акхакхуьу	3	0
акхакхуьург	3	0
акхаройниг	3	0
акхтарганиг	3	0
алашин	3	0
алашиниг	3	0
алла	3	0
алма	3	1
ало	3	0
алониг	3	0
алун	3	0
алуниг	3	0
амалдерг	3	0
амалдолу	3	0
амалдоцу	3	0
амалдоцург	3	0
амалйогӏу	3	0
амалйогӏург	3	0
аму	3	1
ангалиниг	3	0
андийнаш	3	0
аннийн	3	0
аннийниг	3	0
араза	3	0
аразниг	3	0
аренниг	3	0
артерия	3	1
асанан	3	0
асанниг	3	0
ассехьа	3	0
астагӏо	3	0
астагӏониг	3	0
ахархойниг	3	0
ахгонан	3	0
ахгонниг	3	0
ахгорга	3	0
ахгорганиг	3	0
ахкарган	3	0
ахкарганиг	3	0
ахмеца	3	0
ахмецаниг	3	0
ахнабаран	3	0
ахнабарниг	3	0
ахсохьтан	3	0
ахсохьтаниг	3	0
ахчадийриг	3	0
ахчадоцу	3	0
ахчадоцург	3	0
ахчанниг	3	0
ахшеран	3	0
ахшераниг	3	0
ахшодерг	3	0
ахшодолу	3	0
аьгнарг	3	0
аьзнийн	3	0
аьзнийниг	3	0
аьккхийн	3	0
аьккхийниг	3	0
аькхна	3	0
аькхнарг	3	0
аьл	3	1
аьлхийн	3	0
аьлхийниг	3	0
аьрдина	3	0
аьрдинарг	3	0
аьрзнийн	3	0
аьрзнийниг	3	0
аьрзуниг	3	0
аьрруагӏора	3	0
аьрруагӏорниг	3	0
аьрто	3	0
аьртониг	3	0
аьрша	3	0
аьршанан	3	0
аьршанниг	3	0
аьстанан	3	0
аьстанниг	3	0
аьттаниг	3	0
аьттоберг	3	0
аьттоболу	3	0
аьттобоцу	3	0
аьттобоцург	3	0
аьттонан	3	0
аьттонниг	3	0
аьттуагӏора	3	0
аьттуагӏорниг	3	0
аьхкенниг	3	0
аьхкинарг	3	0
аьхьнарг	3	0
аьчканиг	3	0
аьшпийн	3	0
аьшпийниг	3	0
б	3	0
бабиниг	3	0
багийнарг	3	0
бажин	3	0
бажиниг	3	0
базанниг	3	0
базархойн	3	0
базархойниг	3	0
байкин	3	0
байкиниг	3	0
байкогберг	3	0
байкогболу	3	0
баймакхан	3	0
баймакхниг	3	0
байракхан	3	0
байракхниг	3	0
байтамал	3	0
байтан	3	0
байтаниг	3	0
байттамал	3	1
баккхалан	3	0
баккхалниг	3	0
баккхалурбоцу	3	0
баккхалурбоцург	3	0
баккхийра	3	0
баккхийраниг	3	0
баклажанан	3	0
баклажанниг	3	0
балдин	3	0
балдиниг	3	0
балкхаройн	3	0
балкхаройниг	3	0
балл	3	0
балозан	3	0
балозниг	3	0
бамбин	3	0
бамбиниг	3	0
бамт	3	1
баниниг	3	0
банкин	3	0
банкиниг	3	0
бапп	3	1
баркалладоцу	3	0
баркалладоцург	3	0
бархӏазлагӏа	3	0
бархӏазлагӏниг	3	0
бархӏалгӏа	3	0
бархӏалгӏаниг	3	0
бархӏсаберг	3	0
бархӏсаболу	3	0
барчан	3	0
барчаниг	3	0
баса	3	1
басарийн	3	0
басарийниг	3	0
басмин	3	0
басминиг	3	0
батистан	3	0
батистаниг	3	0
батор	3	1
бахамаллийн	3	0
бахьанадоцу	3	0
бахьанадоцург	3	0
бахьане	3	0
бахьанениг	3	0
бацойн	3	0
бацойниг	3	0
башлакхан	3	0
башлакхниг	3	0
башмакхан	3	0
башмакхниг	3	0
башханиг	3	0
баьллийн	3	0
баьллийниг	3	0
баьлчанан	3	0
баьлчанниг	3	0
баьнканиг	3	0
баьржинарг	3	0
баьссаниг	3	0
баьццарниг	3	0
баӏан	3	0
баӏаниг	3	0
беабеттан	3	0
беабеттаниг	3	0
беакоган	3	0
беакоганиг	3	0
беж	3	0
бежӏуьнан	3	0
бежӏуьнниг	3	0
безамбоцу	3	0
безамбоцург	3	0
безамениг	3	0
безан	3	0
безаниг	3	0
безийра	3	0
безийраниг	3	0
бейтт	3	0
бейтталгӏа	3	0
бекхан	3	0
бекханиг	3	0
беламениг	3	0
белан	3	0
беланиг	3	0
белханиг	3	0
белхахойн	3	0
белхахойниг	3	0
белшан	3	0
белшаниг	3	0
бендоцу	3	0
бендоцург	3	0
бенойн	3	1
берган	3	0
берганиг	3	0
бердоцу	3	0
бердоцург	3	0
берзаниг	3	0
беркатениг	3	0
бероза	3	0
берозаниг	3	0
берстанниг	3	0
бертаниг	3	0
берхӏийтта	3	0
берхӏиттазлагӏа	3	0
берхӏиттазлагӏниг	3	0
берцан	3	0
берцаниг	3	0
берч	3	1
бесар	3	0
бесаралла	3	0
беснин	3	0
бесниниг	3	0
бесониг	3	0
бетан	3	0
бетаниг	3	0
беттаниг	3	0
бехкберг	3	0
бехкболу	3	0
бехкбоцу	3	0
бехкбоцург	3	0
бешлелорхойн	3	0
бешлелорхойниг	3	0
билгалдоцу	3	0
билгалдоцург	3	0
билгалза	3	0
билгалзаниг	3	0
билгалонниг	3	0
билетдоцу	3	0
билетдоцург	3	0
бихкинарг	3	0
бицлурбоцу	3	0
бицлурбоцург	3	0
бовханиг	3	0
боганан	3	0
боганниг	3	0
боданениг	3	0
божарийниг	3	0
бозушбоцу	3	0
бозушбоцург	3	0
боккхониг	3	0
болан	3	0
боланиг	3	0
болтун	3	0
болхбалу	3	0
болхбалург	3	0
болхцабалу	3	0
болхцабалург	3	0
бомбин	3	0
бомбиниг	3	0
бораниг	3	0
боргӏалан	3	0
боргӏалниг	3	0
борзе	3	1
борхӏазлагӏа	3	0
борхӏазлагӏниг	3	0
босберг	3	0
босболу	3	0
босбоцу	3	0
босбоцург	3	0
бохалурбоцу	3	0
бохалурбоцург	3	0
боцо	3	0
боцониг	3	0
бочкин	3	0
бочкиниг	3	0
бошмийниг	3	0
бошхепан	3	0
бошхепаниг	3	0
боьазлагӏа	3	0
боьазлагӏниг	3	0
боьзан	3	0
боьзаниг	3	0
боькхан	3	0
боькханиг	3	0
боьмаша	3	0
боьхо	3	0
боьхониг	3	0
боьххьера	3	0
боьххьераниг	3	0
брезентан	3	0
брезентаниг	3	0
бригадан	3	0
бригаданиг	3	0
бригадиран	3	0
бригадираниг	3	0
бриллиантан	3	0
бриллиантаниг	3	0
брильянтан	3	0
брильянтаниг	3	0
бугӏанниг	3	0
буйдол	3	1
буйнан	3	0
буйнниг	3	0
букаро	3	0
букарониг	3	0
букваран	3	0
буквараниг	3	0
булавкин	3	0
булавкиниг	3	0
буланан	3	0
буланниг	3	0
булдий	3	0
бульваран	3	0
бульвараниг	3	0
бумбарин	3	0
бумбариниг	3	0
бумзин	3	0
бумзиниг	3	0
бунастаран	3	0
бунастарниг	3	0
бураман	3	0
бурамниг	3	0
буржалан	3	0
буржалниг	3	0
бурун	3	0
буруниг	3	0
бурчан	3	0
бурчаниг	3	0
бухарниг	3	0
бухаройн	3	0
бухаройниг	3	0
бухбоцу	3	0
бухбоцург	3	0
бухенгара	3	0
бухенгарниг	3	0
бухка	3	0
бухкаран	3	0
бухкараниг	3	0
бухӏанан	3	0
бухӏанниг	3	0
буьйда	3	0
буьйсанниг	3	0
буька	3	1
буьнтан	3	0
буьнтаниг	3	0
буьрканан	3	0
буьрканниг	3	0
бӏара	3	0
бӏарзе	3	0
бӏарзениг	3	0
бӏарзо	3	0
бӏарзониг	3	0
бӏарин	3	0
бӏариниг	3	0
бӏахаллин	3	0
бӏахаллиниг	3	0
бӏахойн	3	0
бӏахойниг	3	0
бӏачин	3	1
бӏаьвнийн	3	0
бӏаьвнийниг	3	0
бӏаьлган	3	0
бӏаьлганиг	3	0
бӏаьлланганиг	3	0
бӏаьра	3	0
бӏаьрганиг	3	0
бӏаьргашдоцу	3	0
бӏаьргашдоцург	3	0
бӏаьргийниг	3	0
бӏаьрла	3	0
бӏаьрланиг	3	0
бӏаьрмециган	3	0
бӏаьрмецигниг	3	0
бӏаьрхин	3	0
бӏаьрхиниг	3	0
бӏаьстенниг	3	0
бӏегӏиган	3	0
бӏегӏигниг	3	0
бӏегӏийладоцу	3	0
бӏегӏийладоцург	3	0
бӏегӏийлаза	3	0
бӏегӏийлазниг	3	0
бӏелагӏа	3	0
бӏелагӏниг	3	0
бӏепроцентан	3	0
бӏепроцентаниг	3	0
бӏесоьман	3	0
бӏесоьманиг	3	0
бӏешеран	3	0
бӏешераниг	3	0
бӏогӏамниг	3	0
вабб	3	1
вагийнарг	3	0
вайнарг	3	0
вайнехан	3	0
вайнеханиг	3	0
вайт	3	0
ваккхалурвоцу	3	0
ваккхалурвоцург	3	0
ваккхар	3	0
вандин	3	0
вандиниг	3	0
ваннин	3	0
ванниниг	3	0
вах	3	1
ваханчохь	3	0
ваьржинарг	3	0
ваьссаниг	3	0
веддина	3	0
веддинарг	3	0
вежараллиниг	3	0
вежарийниг	3	0
вейтталгӏа	3	0
вейтталгӏаниг	3	0
велосипедан	3	0
велосипеданиг	3	0
веназан	3	0
веназниг	3	0
верасан	3	0
верасниг	3	0
верстана	3	0
верстанниг	3	0
вертанан	3	0
вертанниг	3	0
весан	3	0
весаниг	3	0
весетаниг	3	0
ветанниг	3	0
вешиниг	3	0
виезарг	3	0
вижар	3	1
вираниг	3	0
вихкинарг	3	0
вовха	3	0
вовханиг	3	0
вовшахтохархойн	3	0
вовшахтохархойниг	3	0
возушвоцу	3	0
возушвоцург	3	0
вокзалан	3	0
вокзаланиг	3	0
воккхалла	3	0
воккхо	3	0
воккхониг	3	0
ворданан	3	0
ворданниг	3	0
вортанниг	3	0
ворхӏазлагӏниг	3	0
ворхӏдийнан	3	0
ворхӏдийнаниг	3	0
ворхӏкепекан	3	0
ворхӏкепеканиг	3	0
ворхӏсаберг	3	0
ворхӏсаболу	3	0
ворхӏсохьтан	3	0
ворхӏсохьтаниг	3	0
ворхӏсоьман	3	0
ворхӏсоьманиг	3	0
ворхӏшеран	3	0
ворхӏшераниг	3	0
вотанан	3	0
вотанниг	3	0
воттанан	3	0
воттанниг	3	0
вохониг	3	0
воцо	3	0
воцониг	3	0
воьазлагӏа	3	0
воьазлагӏниг	3	0
воьд	3	1
воӏан	3	0
воӏаниг	3	0
вузан	3	0
вузаниг	3	0
вукхаагӏоран	3	0
вукхаагӏорниг	3	0
вуониг	3	0
вуьрхӏийтта	3	0
вуьрхӏиттазлагӏа	3	0
вуьрхӏиттазлагӏниг	3	0
гагура	3	1
газанниг	3	0
газетан	3	0
газетаниг	3	0
газтайпанан	3	0
газтайпанниг	3	0
гайн	3	0
гайниг	3	0
гала	3	1
галаморзахдалар	3	0
галийн	3	0
галийниг	3	0
галнаш	3	0
гаражан	3	0
гаражаниг	3	0
гараниг	3	0
гарзанийн	3	0
гарзанийниг	3	0
гарсан	3	0
гарсаниг	3	0
гатанниг	3	0
гаттий	3	0
гаттийнаш	3	0
гаьннашдерг	3	0
гаьннашдолу	3	0
гаьрган	3	0
гаьрганиг	3	0
гезган	3	0
гезганиг	3	0
гезгмашин	3	0
гезгмашиниг	3	0
генадоцу	3	0
генадоцург	3	0
генатуху	3	0
генатухург	3	0
геннарниг	3	0
герзан	3	0
герзаниг	3	0
герздерг	3	0
герздолу	3	0
герздоцу	3	0
герздоцург	3	0
герканийн	3	0
герканийниг	3	0
гечонан	3	0
гечонниг	3	0
гижун	3	0
гижуниг	3	0
гиланан	3	0
гиланниг	3	0
гилдигийн	3	0
гилдигийниг	3	0
гильзийн	3	0
гильзийниг	3	0
гинадоцу	3	0
гинадоцург	3	0
гинсун	3	0
гинсуниг	3	0
гирзийн	3	0
гирзийниг	3	0
гнев	3	0
говра	3	1
говраниг	3	0
гоман	3	1
гомашниг	3	0
гомхо	3	0
гомхониг	3	0
гонахарниг	3	0
гондӏара	3	0
гондӏарниг	3	0
горгаман	3	0
горгамниг	3	0
горкоман	3	0
горкоманиг	3	0
горров	3	1
горячиться	3	0
готанан	3	0
готанниг	3	0
готтониг	3	0
гочдархойн	3	0
гочдархойниг	3	0
гочцалу	3	0
гочцалург	3	0
гоьжанан	3	0
гоьжанниг	3	0
гоьзанан	3	0
гоьзанниг	3	0
гоьнан	3	0
гоьнниг	3	0
гуоние	3	0
гуорг	3	1
гурмара	3	0
гурмарниг	3	0
гуьбарчикан	3	0
гуьбарчиканиг	3	0
гуьзалг	3	0
гуьйренниг	3	0
гуьржийн	3	0
гуьржийниг	3	0
гӏабакхан	3	0
гӏабакхниг	3	0
гӏабалин	3	0
гӏабалиниг	3	0
гӏабар	3	1
гӏабарапп	3	1
гӏабецан	3	0
гӏабецаниг	3	0
гӏажарийн	3	0
гӏажарийниг	3	0
гӏажарин	3	1
гӏаз	3	1
гӏазгӏумкийн	3	0
гӏазгӏумкийниг	3	0
гӏазкхийн	3	0
гӏазкхийниг	3	0
гӏайбин	3	0
гӏайбиниг	3	0
гӏайгӏайоцу	3	0
гӏайгӏайоцург	3	0
гӏайгӏанениг	3	0
гӏаймакхан	3	0
гӏаймакхниг	3	0
гӏайракхан	3	0
гӏайракхниг	3	0
гӏайренниг	3	0
гӏайсин	3	0
гӏайсиниг	3	0
гӏалагӏазкхийн	3	0
гӏалагӏазкхийниг	3	0
гӏалартаниг	3	0
гӏалатдоцу	3	0
гӏалатдоцург	3	0
гӏалгӏайчоь	3	1
гӏалдий	3	1
гӏалиниг	3	0
гӏалмакхойн	3	0
гӏалмакхойниг	3	0
гӏамарийн	3	0
гӏамарийниг	3	0
гӏаммагӏийн	3	0
гӏаммагӏийниг	3	0
гӏарадаьлларг	3	0
гӏаргӏанан	3	0
гӏаргӏанниг	3	0
гӏаргӏулиниг	3	0
гӏарж	3	1
гӏаролниг	3	0
гӏарчӏ	3	1
гӏаттамхойн	3	0
гӏаттамхойниг	3	0
гӏаттар	3	0
гӏашдерг	3	0
гӏашдолу	3	0
гӏашлойн	3	0
гӏашлойниг	3	0
гӏаьртан	3	0
гӏаьртаниг	3	0
гӏаьттинарг	3	0
гӏебартойн	3	0
гӏебартойниг	3	0
гӏезалойн	3	0
гӏезалойниг	3	0
гӏезан	3	0
гӏезаниг	3	0
гӏелан	3	0
гӏеланиг	3	0
гӏелидуьллу	3	0
гӏелидуьллург	3	0
гӏелийн	3	0
гӏелийниг	3	0
гӏелонан	3	0
гӏелонниг	3	0
гӏехьайоцу	3	0
гӏехьайоцург	3	0
гӏибар	3	0
гӏийн	3	0
гӏийниг	3	0
гӏиллакхдерг	3	0
гӏиллакхдолу	3	0
гӏиллакхдоцу	3	0
гӏиллакхдоцург	3	0
гӏиллакхе	3	0
гӏиллакхениг	3	0
гӏимдан	3	0
гӏинчӏ	3	0
гӏир	3	1
гӏиргӏанан	3	0
гӏиргӏанниг	3	0
гӏиргӏизойн	3	0
гӏиргӏизойниг	3	0
гӏиржехьа	3	0
гӏирмийн	3	0
гӏирмийниг	3	0
гӏиртинарг	3	0
гӏишлойниг	3	0
гӏобанхойн	3	0
гӏобанхойниг	3	0
гӏовгӏайоцу	3	0
гӏовгӏайоцург	3	0
гӏовгӏанниг	3	0
гӏодамийн	3	0
гӏодамийниг	3	0
гӏодан	3	0
гӏоданиг	3	0
гӏодоцу	3	0
гӏодоцург	3	0
гӏожаниг	3	0
гӏозхьовлин	3	0
гӏозхьовлиниг	3	0
гӏокхан	3	0
гӏокханиг	3	0
гӏоман	3	0
гӏоманиг	3	0
гӏоматан	3	0
гӏоматниг	3	0
гӏопаниг	3	0
гӏорадерг	3	0
гӏорадолу	3	0
гӏорадоцу	3	0
гӏорадоцург	3	0
гӏоранан	3	0
гӏоранниг	3	0
гӏордазан	3	0
гӏордазниг	3	0
гӏорийна	3	0
гӏорийнарг	3	0
гӏотанан	3	0
гӏотанниг	3	0
гӏоьмийн	3	0
гӏоьмийниг	3	0
гӏоьналлин	3	0
гӏоьналлиниг	3	0
гӏугӏ	3	1
гӏуданан	3	0
гӏуданниг	3	0
гӏуллакхера	3	0
гӏуллакхераниг	3	0
гӏуллакхниг	3	0
гӏуллакххойн	3	0
гӏуллакххойниг	3	0
гӏумки	3	0
гӏумкийн	3	0
гӏумкийниг	3	0
гӏумлаьттан	3	0
гӏумлаьттаниг	3	0
гӏундалгӏин	3	0
гӏундалгӏиниг	3	0
гӏуранан	3	0
гӏуранниг	3	0
гӏурбанан	3	0
гӏурбанниг	3	0
гӏургӏезан	3	0
гӏургӏезаниг	3	0
гӏурмин	3	0
гӏурминиг	3	0
гӏурчонан	3	0
гӏурчонниг	3	0
гӏутакхан	3	0
гӏутакхниг	3	0
гӏуьйта	3	1
д	3	0
давоцу	3	0
давоцург	3	0
дагахьдоцу	3	0
дагахьдоцург	3	0
дагийнарг	3	0
дадин	3	0
дадиниг	3	0
дадолаган	3	0
дадолагниг	3	0
даимниг	3	0
даймехкан	3	0
даймехканнг	3	0
даккхалурдоцу	3	0
даккхалурдоцург	3	0
даккхийра	3	0
даккхийраниг	3	0
даларниг	3	0
дамаохьу	3	0
дамаохьург	3	0
дап	3	1
дарбанениг	3	0
даргӏ	3	1
дарин	3	0
дариниг	3	0
дархойн	3	0
дархойниг	3	0
дарцаниг	3	0
дарья	3	1
дастаме	3	0
дастамениг	3	0
дастанан	3	0
дастанниг	3	0
датониг	3	0
даттаза	3	0
даттазниг	3	0
дахкарниг	3	0
дахчийнарг	3	0
даьржинарг	3	0
даьстинарг	3	0
даьттадоккху	3	0
даьттадоккхург	3	0
даьттанниг	3	0
даьттӏа	3	0
даьттӏарг	3	0
даьхнилелорхойн	3	0
даьхнилелорхойниг	3	0
даьӏан	3	0
даьӏаниг	3	0
даьӏахкан	3	0
даьӏахканиг	3	0
даьӏахкйоцу	3	0
даьӏахкйоцург	3	0
даьӏнарг	3	0
даӏаман	3	0
даӏамниг	3	0
дду	3	0
деасохьтан	3	0
деасохьтаниг	3	0
деашеран	3	0
деашераниг	3	0
девешийн	3	0
девешийниг	3	0
девзиган	3	0
девзигниг	3	0
дегабааме	3	0
дегабаамениг	3	0
деганиг	3	0
дегӏаниг	3	0
дезийра	3	0
дезийраниг	3	0
дезониг	3	0
дейоьхь	3	1
дейтталгӏаниг	3	0
декьахойн	3	0
делазхойн	3	0
делазхойниг	3	0
делаӏодан	3	0
делаӏоданиг	3	0
деманиг	3	0
демократ	3	0
демократи	3	0
дерзан	3	0
дерзаниг	3	0
дерзийнарг	3	0
дерригдуьненан	3	0
дерригдуьненниг	3	0
дерстанниг	3	0
дертан	3	0
дертаниг	3	0
дертдоцу	3	0
дертдоцург	3	0
дерцан	3	0
дерцаниг	3	0
дехойн	3	0
дехойниг	3	0
децин	3	0
дециниг	3	0
дешаниг	3	0
дешаран	3	0
дешарниг	3	0
дешархойн	3	0
дешархойниг	3	0
диехьа	3	1
диешар	3	0
дийдий	3	0
дийдийниг	3	0
дийнадоцу	3	0
дийнадоцург	3	0
дийннаниг	3	0
дийцараллин	3	0
дийцараллиниг	3	0
дийцархойн	3	0
дийцархойниг	3	0
дикониг	3	0
диларийн	3	0
диларийниг	3	0
дилханниг	3	0
динберган	3	0
динберганиг	3	0
диндоцург	3	0
диннадуьхьалдерг	3	0
диннадуьхьалдолу	3	0
дипломан	3	0
дипломаниг	3	0
дипнехь	3	0
дирстанан	3	0
дирстанниг	3	0
диршанан	3	0
диршанниг	3	0
диссимиляцеш	3	0
дистан	3	0
дистаниг	3	0
дистдоцу	3	0
дистдоцург	3	0
диттаниг	3	0
дифференциалаш	3	0
дицделларг	3	0
дицдинарг	3	0
дицлурдоцу	3	0
дицлурдоцург	3	0
дишни	3	1
довхойниг	3	0
доганан	3	0
доганниг	3	0
догвон	3	0
догвониг	3	0
догкарчар	3	0
догкерчар	3	0
догкӏеда	3	0
догкӏеданиг	3	0
догмайра	3	0
догмайраниг	3	0
дозадоцу	3	0
дозадоцург	3	0
дозаллиниг	3	0
дозанан	3	0
дозанниг	3	0
дозанхойн	3	0
дозанхойниг	3	0
дозушдерг	3	0
дозушдолу	3	0
дозушдоцу	3	0
дозушдоцург	3	0
доккхо	3	0
доккхониг	3	0
долаллин	3	0
долаллиниг	3	0
долахьдерг	3	0
долахьдолу	3	0
долоза	3	0
долозаннг	3	0
дон	3	1
доттагӏаллиниг	3	0
доттагӏаллица	3	0
доттагӏашха	3	0
доттагӏийн	3	0
доттагӏийниг	3	0
дохаллин	3	0
дохаллиниг	3	0
дохалурдоцу	3	0
дохалурдоцург	3	0
дохьу	3	0
дохьург	3	0
дочу	3	1
дошаниг	3	0
дошлойниг	3	0
доьазлагӏа	3	0
доьазлагӏниг	3	0
доьдоцу	3	0
доьдоцург	3	0
доьзалберг	3	0
доьзалболу	3	0
доьзалбоцу	3	0
доьзалбоцург	3	0
доьзалхойн	3	0
доьзалхойниг	3	0
доькарниг	3	0
доьлан	3	0
доьланиг	3	0
доьналлиниг	3	0
доӏахан	3	0
доӏахниг	3	0
дугаройн	3	0
дугаройниг	3	0
дуйнниг	3	0
дукхаберашдерг	3	0
дукхаберашдолу	3	0
дукхадешан	3	0
дукхадешаниг	3	0
дукхадоьзалберг	3	0
дукхадоьзалболу	3	0
дукхазаллин	3	0
дукхазаллиниг	3	0
дукхаллин	3	0
дукхаллиниг	3	0
дукхамехалиниг	3	0
дукхамехаллин	3	0
дукхасаберг	3	0
дукхасабулу	3	0
дукхахьаьркийн	3	0
дукхахьаьркийниг	3	0
дукхе	3	1
дургалан	3	0
дургалниг	3	0
дусторан	3	0
дустораниг	3	0
дуушдерг	3	0
дуушдолу	3	0
духахержа	3	0
духахетта	3	0
духчунан	3	0
духчунниг	3	0
дуьзнарг	3	0
дуьйрии	3	0
дуьйрийн	3	0
дуьйсина	3	0
дуьйсинарг	3	0
дуьмелан	3	0
дуьмеланиг	3	0
дуьро	3	0
дуьрониг	3	0
дуьхан	3	0
дуьханиг	3	0
дуьххьарбехкина	3	0
дуьххьарбехкинарг	3	0
дуьхьала	3	0
дуьхьалдерг	3	0
дуьхьалдогӏу	3	0
дуьхьалдогӏург	3	0
дуьхьалдолу	3	0
дуьхьалойоцу	3	0
дуьхьалойоцург	3	0
дуьхьалӏуьллу	3	0
дуьхьалӏуьллург	3	0
дуьхьарган	3	0
дуьхьарганиг	3	0
дуьхьиган	3	0
дуьхьигниг	3	0
дӏадахна	3	0
дӏадахнарг	3	0
дӏадерзо	3	0
дӏадолорхойн	3	0
дӏадолорхойниг	3	0
дӏарж	3	1
дӏов	3	1
дӏовшин	3	0
дӏовшиниг	3	0
дӏовштуху	3	0
дӏовштухург	3	0
еаклассан	3	0
еаклассаниг	3	0
еакӏовниг	3	0
езийра	3	0
езийраниг	3	0
ейнан	3	0
ейнниг	3	0
ейтталгӏаниг	3	0
екхаза	3	0
екхазниг	3	0
екхоан	3	0
екхоаниг	3	0
ениг	3	0
ерригроссийн	3	0
ерригроссийниг	3	0
ерстана	3	0
ерстанниг	3	0
еханиг	3	0
ехканиг	3	0
жалелорхойн	3	0
жалелорхойниг	3	0
жамӏан	3	0
жамӏаниг	3	0
жаннийн	3	0
жаннийниг	3	0
жансун	3	0
жансуниг	3	0
жарашт	3	1
жениг	3	0
жеройн	3	0
жеройниг	3	0
жигаран	3	0
жигарниг	3	0
жигархойн	3	0
жигархойниг	3	0
жималлиниг	3	0
жимахдерг	3	0
жимахдолу	3	0
жимден	3	0
жимдийриг	3	0
жимдина	3	0
жимдинарг	3	0
жинийниг	3	0
жиран	3	0
жираниг	3	0
жовхӏаран	3	0
жовхӏарниг	3	0
жопдоцу	3	0
жопдоцург	3	0
жоьжахатиниг	3	0
жоьжахатӏе	3	0
жоьпазаллин	3	0
жоьпазаллиниг	3	0
жоьпалладоцу	3	0
жоьпалладоцург	3	0
жоьпан	3	0
жоьпаниг	3	0
жугтийн	3	0
жугтийниг	3	0
жугӏар	3	0
жуй	3	0
жуккаран	3	0
жуккарниг	3	0
жуларан	3	0
жуларниг	3	0
жухарган	3	0
жухарганиг	3	0
жуьзан	3	0
жуьзаниг	3	0
жӏайрахойн	3	0
жӏайрахойниг	3	0
жӏайхойн	3	0
жӏайхойниг	3	0
жӏаккийн	3	0
жӏаккийниг	3	0
жӏарийн	3	0
жӏарийниг	3	0
жӏаршт	3	1
жӏаьлешлелорхойн	3	0
жӏаьлешлелорхойниг	3	0
жӏаьлийниг	3	0
забаре	3	0
забарениг	3	0
забастовкин	3	0
забастовкиниг	3	0
зазадаьттӏарг	3	0
зазадоккхург	3	0
закин	3	1
залпан	3	0
залпаниг	3	0
замойн	3	0
замойниг	3	0
занжабилан	3	0
занжабиланиг	3	0
зарга	3	1
заьнгалниг	3	0
заьнгел	3	1
зевнениг	3	0
зедоцу	3	0
зедоцург	3	0
зезагашлелорхойн	3	0
зезагашлелорхойниг	3	0
зезан	3	0
зезаниг	3	0
зенениг	3	0
зиезаг	3	0
зингатийн	3	0
зингатийниг	3	0
зорзаниг	3	0
зоьзаниг	3	0
зоьрза	3	0
зуд	3	1
зудаберийниг	3	0
зудайоцу	3	0
зудайоцург	3	0
зударийниг	3	0
зудчаллин	3	0
зудчаллиниг	3	0
зудчухтера	3	0
зудчухтераниг	3	0
зуламхойниг	3	0
зурманниг	3	0
зуьдан	3	0
зуьданиг	3	0
зуьз	3	0
зуьйза	3	1
зӏарин	3	0
зӏариниг	3	0
зӏенаран	3	0
зӏенарниг	3	0
зӏийдиган	3	0
зӏийдигниг	3	0
зӏиймарган	3	0
зӏиймарганиг	3	0
зӏуганан	3	0
зӏуганниг	3	0
идейно	3	0
иймандерг	3	0
иймандолу	3	0
ийнарг	3	0
иккхинарг	3	0
иласхан	3	1
иллин	3	0
иллиниг	3	0
инарлин	3	0
инарлиниг	3	0
ингалсан	3	0
ингалсаниг	3	0
инжилан	3	0
инжиланиг	3	0
инжираниг	3	0
инзарениг	3	0
ирабӏаьргберг	3	0
ирабӏаьргболу	3	0
ирасаберг	3	0
ирасаболу	3	0
ирке	3	0
иркениг	3	0
иро	3	0
ирониг	3	0
ирсдерг	3	0
ирсдолу	3	0
ирсдоцу	3	0
ирсдоцург	3	0
ирхенан	3	0
ирхениг	3	0
ис	3	1
исбаьхьаллиниг	3	0
исберг	3	0
исбӏаьрг	3	0
исбӏелагӏа	3	0
исбӏелагӏниг	3	0
искаьртикан	3	0
искаьртикниг	3	0
искогберган	3	0
искогберганиг	3	0
иссазлагӏа	3	0
иссазлагӏниг	3	0
иссалгӏа	3	0
иссалгӏаниг	3	0
истанган	3	0
истанганиг	3	0
исхарийн	3	0
исхарийниг	3	0
ит	3	1
итберг	3	0
итбӏаьрг	3	0
итон	3	1
иттазлагӏа	3	0
иттазлагӏниг	3	0
итталгӏа	3	0
итталгӏаниг	3	0
итун	3	0
итуниг	3	0
итшеран	3	0
итшераниг	3	0
ихнарг	3	0
иччархойн	3	0
иччархойниг	3	0
ишал	3	1
ишалан	3	0
ишалниг	3	0
й	3	0
йалалай	3	0
йалта	3	0
йама	3	0
йиз	3	1
йийнарг	3	0
йилбазмехан	3	0
йилбазмеханиг	3	0
йиран	3	0
йираниг	3	0
йистеюжу	3	0
йистеюжург	3	0
йистйоцу	3	0
йистйоцург	3	0
йитабан	3	0
йитабниг	3	0
йихкинарг	3	0
йицлурйоцу	3	0
йицлурйоцург	3	0
йишиниг	3	0
йовлакхан	3	0
йовлакхниг	3	0
йовханиг	3	0
йовхарийн	3	0
йовхарийниг	3	0
йовхонниг	3	0
йозадоцу	3	0
йозадоцург	3	0
йозанниг	3	0
йозанчиниг	3	0
йозушйоцу	3	0
йозушйоцург	3	0
йоккхониг	3	0
йолан	3	0
йоланиг	3	0
йолхазлагӏа	3	0
йолхазлагӏниг	3	0
йорахниг	3	0
йорк	3	1
йортан	3	0
йортаниг	3	0
йохалурйоцу	3	0
йохалурйоцург	3	0
йоцо	3	0
йоцониг	3	0
йочанениг	3	0
йоьазлагӏа	3	0
йоьазлагӏниг	3	0
йоьдду	3	0
йоьзаниг	3	0
йоькхане	3	0
йоькханениг	3	0
йоьхьан	3	0
йоьхьаниг	3	0
йоӏаниг	3	0
йоӏбӏаьрган	3	0
йоӏбӏаьрганиг	3	0
йоӏстеган	3	0
йоӏстеганиг	3	0
йуха	3	0
йуххе	3	0
йуьхь	3	1
кавказхойн	3	0
кавказхойниг	3	0
кадамен	3	0
кадамениг	3	0
кадениг	3	0
кажаран	3	0
кажарниг	3	0
казармин	3	0
казармнннг	3	0
кай	3	0
кале	3	1
кам	3	0
каменогорск	3	1
канойн	3	0
канойниг	3	0
капиталистически	3	0
каралун	3	0
карзахалла	3	0
картолин	3	0
картолиниг	3	0
кахтойн	3	0
кахтойниг	3	0
кают	3	0
кевстиган	3	0
кевстигниг	3	0
кега	3	1
кегариниг	3	0
кегийраниг	3	0
кегийрхойн	3	0
кегийрхойниг	3	0
кеданиг	3	0
кела	3	1
келапан	3	0
келапниг	3	0
кеманниг	3	0
кеманхойн	3	0
кеманхойниг	3	0
кемсашлелорхойн	3	0
кемсашлелорхойниг	3	0
кемсийниг	3	0
кепан	3	0
кепаниг	3	0
кепекийн	3	0
кер	3	0
керстан	3	0
керстаниг	3	0
кесаран	3	0
кесарниг	3	0
кесталха	3	0
кестахула	3	0
кетар	3	0
кетаран	3	0
кетарниг	3	0
кетӏара	3	0
кетӏарниг	3	0
кечдархойн	3	0
кечдархойниг	3	0
кешнийн	3	0
кешнийниг	3	0
кибарчигийн	3	0
кибарчигийниг	3	0
килсан	3	0
килсаниг	3	0
кираойу	3	0
кираойург	3	0
кирхьанниг	3	0
кисетан	3	0
кисетаниг	3	0
китан	3	0
китаниг	3	0
кицанан	3	0
кицанниг	3	0
кишмийниг	3	0
классашйоцу	3	0
классашйоцург	3	0
коврин	3	0
ковриниг	3	0
когахьийзо	3	0
когахьийзорг	3	0
когашбоцу	3	0
когашбоцург	3	0
когбоцу	3	0
когбоцург	3	0
койниг	3	0
коканниг	3	0
ком	3	0
комолан	3	0
комоланиг	3	0
компани	3	0
кондаран	3	0
кондарниг	3	0
контр	3	0
конференци	3	0
копаркерстан	3	0
копаркерстаниг	3	0
корматаллин	3	0
корматаллиниг	3	0
коста	3	1
костан	3	0
костаниг	3	0
котарин	3	1
кохкаран	3	0
кохкарниг	3	0
кохьаш	3	0
кохьш	3	0
кочакхазориг	3	0
кошаниг	3	0
коьжалган	3	0
коьжалганиг	3	0
коьллийн	3	0
коьллийниг	3	0
коьманиг	3	0
коьртаза	3	0
коьртазниг	3	0
коьчалан	3	0
коьчалниг	3	0
коӏанан	3	0
коӏанниг	3	0
кспекийниг	3	0
кузан	3	0
кузаниг	3	0
курадоцу	3	0
курадоцург	3	0
курдойн	3	0
курдойниг	3	0
куро	3	0
курониг	3	0
курсат	3	0
кухнин	3	0
кухниниг	3	0
куцдешан	3	0
куцдешаниг	3	0
куцхьарам	3	0
куцхьарамниг	3	0
кучаниг	3	0
куьгбехке	3	0
куьгбехкениг	3	0
куьгдоцу	3	0
куьгдоцург	3	0
куьйгайозанан	3	0
куьйгайозанниг	3	0
куьйгаллин	3	0
куьйгаллиниг	3	0
куьйгалхойниг	3	0
куьйгацадина	3	0
куьйгацадинарг	3	0
куьйранан	3	0
куьйранниг	3	0
куьйса	3	0
куьйсаниг	3	0
куьллийн	3	0
куьллийниг	3	0
куьпан	3	0
куьпаниг	3	0
куьран	3	0
куьраниг	3	0
куьркан	3	0
куьрканиг	3	0
куьц	3	1
кхааберган	3	0
кхааберганиг	3	0
кхаадийнан	3	0
кхаадийнаниг	3	0
кхаакепекан	3	0
кхаакепеканиг	3	0
кхаарган	3	0
кхаарганиг	3	0
кхаарин	3	0
кхаариниг	3	0
кхаасаберган	3	0
кхаасаберганиг	3	0
кхаасохьтан	3	0
кхаасохьтаниг	3	0
кхаасоьман	3	0
кхаасоьманиг	3	0
кхаатоннан	3	0
кхаатоннаниг	3	0
кхабиниг	3	0
кхажболу	3	0
кхажболург	3	0
кхайкхазниг	3	0
кхайкхаран	3	0
кхайкхарниг	3	0
кханалераниг	3	0
кхарт	3	1
кхартанийн	3	0
кхартанийниг	3	0
кхартматтане	3	0
кхартматтанениг	3	0
кхачамберг	3	0
кхачамболу	3	0
кхачамбоцу	3	0
кхачамбоцург	3	0
кхачанниг	3	0
кхезарийн	3	0
кхезарийниг	3	0
кхекхийн	3	0
кхекхийниг	3	0
кхекхорган	3	0
кхекхорганиг	3	0
кхела	3	0
кхеланиг	3	0
кхелахойниг	3	0
кхелинарг	3	0
кхеллиниг	3	0
кхелхинарг	3	0
кхеманан	3	0
кхеманниг	3	0
кхениг	3	0
кхераделларг	3	0
кхералушдоцу	3	0
кхералушдоцург	3	0
кхерамбоцу	3	0
кхерамбоцург	3	0
кхерамениг	3	0
кхеранан	3	0
кхеранниг	3	0
кхерзинарг	3	0
кхерийнарг	3	0
кхерчаниг	3	0
кхесаран	3	0
кхесарниг	3	0
кхетамберг	3	0
кхетамболу	3	0
кхетамбоцург	3	0
кхетамениг	3	0
кхеташдерг	3	0
кхеташдолу	3	0
кхехьнарг	3	0
кхийраниг	3	0
кхийринарг	3	0
кхинойн	3	0
кхинойниг	3	0
кхиорхо	3	0
кхиуо	3	0
кхихкинарг	3	0
кхоамберг	3	0
кхоамболу	3	0
кхоамбоцу	3	0
кхоамбоцург	3	0
кхоаниг	3	0
кхобӏешокхаьчна	3	0
кхобӏешокхаьчнарг	3	0
кховрин	3	0
кховриниг	3	0
кхожан	3	0
кхожаниг	3	0
кхозург	3	0
кхойттазлагӏа	3	0
кхойттазлагӏниг	3	0
кхокханниг	3	0
кхоладина	3	0
кхоладинарг	3	0
кхолгонан	3	0
кхолгонниг	3	0
кхолламаллин	3	0
кхолламаллиниг	3	0
кхоллархойн	3	0
кхоллархойниг	3	0
кхорийн	3	0
кхорийниг	3	0
кхоьн	3	0
кхоьниг	3	0
кхоьрург	3	0
кхоьхьург	3	0
кхузаманан	3	0
кхузаманниг	3	0
кхуран	3	0
кхураниг	3	0
кхушарлера	3	0
кхушарлераниг	3	0
кхуьург	3	0
кьегина	3	0
кӏадбоцу	3	0
кӏадбоцург	3	0
кӏадделларг	3	0
кӏадиниг	3	0
кӏадлу	3	0
кӏадлург	3	0
кӏадцалу	3	0
кӏадцалург	3	0
кӏажин	3	0
кӏажиниг	3	0
кӏайделларг	3	0
кӏайхо	3	0
кӏайхониг	3	0
кӏалдмарзийн	3	0
кӏалдмарзийниг	3	0
кӏарул	3	1
кӏархийн	3	0
кӏархийниг	3	0
кӏезг	3	1
кӏезигйозахуу	3	0
кӏезигйозахуург	3	0
кӏезийн	3	0
кӏезийниг	3	0
кӏезин	3	0
кӏезиниг	3	0
кӏеларниг	3	0
кӏелтесна	3	0
кӏелтеснарг	3	0
кӏелтуху	3	0
кӏелтухург	3	0
кӏентаниг	3	0
кӏесаран	3	0
кӏесарниг	3	0
кӏийдарг	3	1
кӏинж	3	1
кӏир	3	0
кӏирандийнан	3	0
кӏирандийнниг	3	0
кӏирнахь	3	0
кӏоган	3	0
кӏоганиг	3	0
кӏожам	3	0
кӏолдан	3	0
кӏолданиг	3	0
кӏомалан	3	0
кӏомалниг	3	0
кӏомаран	3	0
кӏомарниг	3	0
кӏон	3	0
кӏониг	3	0
кӏоранниг	3	0
кӏорго	3	0
кӏоргониг	3	0
кӏорниниг	3	0
кӏоршамениг	3	0
кӏотарара	3	0
кӏотарарниг	3	0
кӏунзалан	3	0
кӏунзалниг	3	0
кӏурбоцу	3	0
кӏурбоцург	3	0
кӏуьжан	3	0
кӏуьжаниг	3	0
кӏуьраниг	3	0
кӏуьрзан	3	0
кӏуьрзаниг	3	0
кӏуьсан	3	0
кӏуьсаниг	3	0
л	3	0
лаамбоцу	3	0
лаамбоцург	3	0
лаамениг	3	0
лагдоцу	3	0
лагдоцург	3	0
ладамберг	3	0
ладамболу	3	0
ладамбоцу	3	0
ладамбоцург	3	0
лазаво	3	0
лазартнин	3	0
лазартниниг	3	0
лазархойн	3	0
лазархойниг	3	0
лайниг	3	0
лакхахьлаьтта	3	0
лакхахьлаьттарг	3	0
лакхахьхьахийна	3	0
лакхахьхьахийнарг	3	0
ламалера	3	0
ламалераниг	3	0
ламанниг	3	0
ламанхойн	3	0
ламанхойниг	3	0
ламаройн	3	0
ламаройниг	3	0
ламиниг	3	0
лампин	3	0
лампиниг	3	0
лартӏехьдоцу	3	0
лартӏехьдоцург	3	0
латтаддоцу	3	0
латтадоцург	3	0
латталелорхойн	3	0
латталелорхойниг	3	0
лацадугӏу	3	0
лацадугӏург	3	0
лацацалу	3	0
лацацалург	3	0
лаьттаниг	3	0
лаьттарниг	3	0
лаьхьанниг	3	0
легӏанниг	3	0
лекхадоцу	3	0
лекхадоцург	3	0
лекхо	3	0
лекхониг	3	0
лениг	3	0
ленинизм	3	0
ленински	3	0
леоне	3	1
лерганиг	3	0
лергжӏаьвнний	3	1
лергнуьйжанний	3	1
лечиниг	3	0
лиер	3	1
лийрдоцу	3	0
лийрдоцург	3	0
лила	3	1
лилбазан	3	0
лилбазииг	3	0
лилха	3	0
лилханиг	3	0
лимонан	3	0
лимонниг	3	0
линг	3	1
ловзарниг	3	0
ловзорг	3	0
ловзург	3	0
логан	3	0
логаниг	3	0
лохо	3	0
лохониг	3	0
лоьманиг	3	0
лоьраллин	3	0
лоьраллиниг	3	0
лоьран	3	0
лоьраниг	3	0
лулара	3	0
луларниг	3	0
лулахойн	3	0
лулахойниг	3	0
лурчахлера	3	0
лурчахлераниг	3	0
луьйтанан	3	0
луьйтанниг	3	0
луьйчург	3	0
луьллин	3	0
луьллиниг	3	0
люмпен	3	0
маа	3	1
магӏараллин	3	0
магӏараллиниг	3	0
магӏаран	3	0
магӏарниг	3	0
мадаран	3	0
мадарниг	3	0
маждар	3	0
маждаран	3	0
маждарниг	3	0
мажделларг	3	0
мажйоцу	3	0
мажйоцург	3	0
мазлагӏан	3	0
мазлагӏниг	3	0
майравоцург	3	0
майрвоцу	3	0
майро	3	0
майрониг	3	0
макан	3	1
макаронийн	3	0
макаронийниг	3	0
маккхалан	3	0
маккхалниг	3	0
маликийниг	3	0
малхбуз	3	0
малхбузеран	3	0
малхбузераниг	3	0
манш	3	1
маргӏалан	3	0
маргӏалниг	3	0
марераниг	3	0
марехьйоцу	3	0
марехьйоцург	3	0
марж	3	0
маржанан	3	0
маржанинг	3	0
марзойн	3	0
марзойниг	3	0
марзонан	3	0
марзонниг	3	0
марксизм	3	0
марксистско	3	0
марлин	3	0
марлиниг	3	0
мартане	3	0
марш	3	0
маршаллин	3	0
маршаллиниг	3	0
маршан	3	0
маршаниг	3	0
масазлагӏа	3	0
масазлагӏниг	3	0
масалгӏа	3	0
масалгӏаниг	3	0
масаллин	3	0
масаллиниг	3	0
масарниг	3	0
массови	3	0
математически	3	0
махаран	3	0
махарниг	3	0
махмаран	3	0
махмарниг	3	0
махоркин	3	0
махоркиниг	3	0
махьарниг	3	0
мацахлера	3	0
мацахлераниг	3	0
мачиниг	3	0
машанийн	3	0
машанийниг	3	0
машарениг	3	0
маьлказан	3	0
маьлказниг	3	0
маьлханиг	3	0
маьнгиниг	3	0
маьркӏаженан	3	0
маьркӏаженниг	3	0
маьрсан	3	0
маьрсаниг	3	0
маьрсхойн	3	0
маьрсхойниг	3	0
маьршан	3	0
маьхча	3	0
маьхчалла	3	0
маьӏан	3	0
маьӏаниг	3	0
маьӏиган	3	0
маьӏигниг	3	0
маьӏнадоцу	3	0
маьӏнадоцург	3	0
маьӏниниг	3	0
маьӏӏераниг	3	0
маӏашӏутту	3	0
маӏашӏуттург	3	0
меан	3	0
меаниг	3	0
меженан	3	0
меженниг	3	0
мекх	3	1
мекхацалоцу	3	0
мекхацалоцург	3	0
мекхашдерг	3	0
мекхашдолу	3	0
мекхашдоцу	3	0
мекхашдоцург	3	0
мелахьаьжа	3	0
мелахьаьжниг	3	0
мело	3	0
мелониг	3	0
мемса	3	1
мерзан	3	0
мерзо	3	0
мерзониг	3	0
мерса	3	0
мерцинарг	3	0
месалниг	3	0
месан	3	0
месаниг	3	0
метиган	3	0
метигниг	3	0
меттабуьххьера	3	0
меттабуьххьераниг	3	0
меттатӏехьара	3	0
меттатӏехьарниг	3	0
меттигераниг	3	0
мехаллин	3	0
мехаллиниг	3	0
механиг	3	0
мехийн	3	0
мехийниг	3	0
мехкадаьттанан	3	0
мехкадаьттанниг	3	0
мехкаден	3	0
мехкадениг	3	0
мехканиг	3	0
мехкарийниг	3	0
мехкашдӏалецархойн	3	0
мехкашдӏалецархойниг	3	0
мецаниг	3	0
мизан	3	1
микрофонан	3	0
микрофонниг	3	0
милиционераш	3	0
милкан	3	0
милканиг	3	0
милтан	3	0
милтаниг	3	0
министр	3	0
минутехь	3	0
мисарболатан	3	0
мисарболатниг	3	0
моан	3	0
моаниг	3	0
могӏанан	3	0
могӏанниг	3	0
моданийн	3	0
моданийниг	3	0
можан	3	0
можаниг	3	0
мозанан	3	0
мозанниг	3	0
мокхазниг	3	0
мокханиг	3	0
мокхо	3	0
мокхониг	3	0
моллин	3	0
моллиниг	3	0
молханан	3	0
молханниг	3	0
момсаран	3	0
момсарниг	3	0
морзгалийн	3	0
морзгалийниг	3	0
мосазлагӏа	3	0
мосазлагӏниг	3	0
мосалгӏа	3	0
мосалгӏаниг	3	0
москалан	3	0
москалниг	3	0
мостагӏаллин	3	0
мостагӏаллиниг	3	0
мостагӏийниг	3	0
мотбоцу	3	0
мотбоцург	3	0
мотоциклан	3	0
мотоцикланиг	3	0
мохбоцу	3	0
мохбоцург	3	0
моччагӏалан	3	0
моччагӏалниг	3	0
мужалтан	3	0
мужалтаниг	3	0
мужалтйоцу	3	0
мужалтйоцург	3	0
музейн	3	0
музейниг	3	0
мукдехкан	3	0
мукдехканиг	3	0
мукӏарлонан	3	0
мукӏарлонниг	3	0
муттадерг	3	0
муттадолу	3	0
мухаллин	3	0
мухаллиниг	3	0
мушкарт	3	1
муштакхан	3	0
муштакхниг	3	0
муьжан	3	0
муьжаниг	3	0
муьжгийн	3	0
муьжгийниг	3	0
муьран	3	0
муьраниг	3	0
муьрган	3	0
муьрганиг	3	0
муьсто	3	0
муьстониг	3	0
муьшдечкан	3	0
муьшдечканиг	3	0
мӏарин	3	0
мӏариниг	3	0
мӏеран	3	0
мӏераниг	3	0
набахтиниг	3	0
наг	3	1
наггахьлера	3	0
наггахьлераниг	3	0
нажин	3	1
накхарийн	3	0
накхарийниг	3	0
накхармозийниг	3	0
налоган	3	0
налоганиг	3	0
нараниг	3	0
нарзанан	3	0
нарзанниг	3	0
нартолан	3	0
нартоланиг	3	0
настаран	3	0
настарниг	3	0
нахарниг	3	0
нахимовхойн	3	0
нахимовхойниг	3	0
националистически	3	0
наштаран	3	0
наштарниг	3	0
наьрсан	3	0
наьрсаниг	3	0
наьрт	3	0
наьртхо	3	0
невцан	3	0
невцаниг	3	0
неканан	3	0
неканниг	3	0
некханиг	3	0
нелан	3	0
неланиг	3	0
нелхан	3	0
нелханиг	3	0
несан	3	0
несаниг	3	0
нехийн	3	0
нехийниг	3	0
нехцин	3	0
нехциниг	3	0
нехчин	3	0
нехчиниг	3	0
нецин	3	0
нециниг	3	0
нижняя	3	0
нийсонниг	3	0
никказ	3	0
ниттан	3	0
ниттаниг	3	0
ниӏматан	3	0
ниӏматаниг	3	0
новр	3	1
ногӏамирзин	3	1
ногӏийн	3	0
ногӏийниг	3	0
ножаниг	3	0
номеран	3	0
номерниг	3	0
номерхӏиттор	3	0
номерхӏоттор	3	0
норан	3	0
нораниг	3	0
нохчийн	3	0
нохчийниг	3	0
нохчмехкахойн	3	0
нохчмехкахойниг	3	0
нуьйданан	3	0
нуьйданниг	3	0
нуьйран	3	0
нуьйраниг	3	0
нью	3	1
нӏаьвцициганиг	3	0
о	3	0
обарг	3	1
обаргийн	3	0
обаргийниг	3	0
обкоман	3	0
обкоманиг	3	0
облигацин	3	0
облигациниг	3	0
облисполкоман	3	0
облисполкоманиг	3	0
обозан	3	0
обозаниг	3	0
оганан	3	0
оганниг	3	0
одеколонан	3	0
одеколонниг	3	0
озониг	3	0
окопан	3	0
окопаниг	3	0
округан	3	0
округниг	3	0
окшойн	3	0
окшойниг	3	0
олаллиниг	3	0
олхазарийниг	3	0
омранан	3	0
омранниг	3	0
ораматаниг	3	0
организационно	3	0
орз	3	1
орзан	3	0
орзаниг	3	0
орс	3	0
орцанхо	3	1
орцанча	3	0
орцханан	3	0
орцханниг	3	0
оттин	3	0
оттиниг	3	0
отчетно	3	0
оф	3	1
официальнидоцу	3	0
официальнидоцург	3	0
офф	3	0
охку	3	0
оху	3	0
охург	3	0
охьакхозу	3	0
охьакхозург	3	0
охьара	3	0
охьарниг	3	0
охьу	3	0
охьург	3	0
очакхен	3	0
очакхениг	3	0
оьгӏазениг	3	0
оьзг	3	0
оьзнарг	3	0
оьккху	3	0
оьккхург	3	0
оьпанан	3	0
оьпанниг	3	0
оьрзан	3	0
оьрзаниг	3	0
оьрсийн	3	0
оьрсийниг	3	0
оьцург	3	0
па	3	1
паднаран	3	0
паднараниг	3	0
пазатан	3	0
пазатаниг	3	0
пайдабоцу	3	0
пайдабоцург	3	0
пайхамарин	3	0
пайхамариниг	3	0
пакгаузан	3	0
пакгаузниг	3	0
палсан	3	0
палсаниг	3	0
палстунан	3	0
палстунниг	3	0
пана	3	0
пананиг	3	0
паргӏатдаккхархойн	3	0
паргӏатдаккхархойниг	3	0
парийн	3	0
парийниг	3	0
парс	3	0
парт	3	1
партехьдерг	3	0
партехьдолу	3	0
партехьдоцу	3	0
партехьдоцург	3	0
парх	3	1
паспортдоцу	3	0
паспортдоцург	3	0
пастин	3	0
пастиниг	3	0
патаран	3	0
патармин	3	0
патарминиг	3	0
патарниг	3	0
пах	3	0
пачкин	3	0
пачкиниг	3	0
пачхьалкханиг	3	0
пачхьен	3	0
пачхьениг	3	0
паччахьаллиниг	3	0
паьшкан	3	0
паьшканиг	3	0
пезагийн	3	0
пезагийниг	3	0
пезарг	3	0
пелхьонан	3	0
пелхьонниг	3	0
пенаниг	3	0
пересадкайоцу	3	0
пересадкайоцург	3	0
пересадкин	3	0
пересадкиниг	3	0
перон	3	0
перониг	3	0
перфораторан	3	0
перфораторниг	3	0
петаран	3	0
петарниг	3	0
пехара	3	1
пехийн	3	0
пехийниг	3	0
печатан	3	0
печатаниг	3	0
пешаниг	3	0
пиджакан	3	0
пиджаканиг	3	0
пийланиг	3	0
пийсакан	3	0
пийсакниг	3	0
пийсакхьакхар	3	0
пийсакхьекхар	3	0
пиллиг	3	0
пиллиган	3	0
пиллигниг	3	0
пирг	3	0
питанин	3	0
питаниниг	3	0
питанхо	3	1
плиткин	3	0
плиткиниг	3	0
плюшан	3	0
плюшаниг	3	0
подшипникан	3	0
подшипникниг	3	0
полан	3	0
поланиг	3	0
политически	3	0
помидоран	3	0
помидораниг	3	0
поппарниг	3	0
портан	3	0
портаниг	3	0
похан	3	0
поханиг	3	0
почтово	3	0
пошмакхан	3	0
пошмакхниг	3	0
пошме	3	0
пошмениг	3	0
поьпан	3	0
поьпаниг	3	0
предложени	3	0
премьер	3	0
пресс	3	0
принципиальносте	3	0
прицепшикаш	3	0
пролетариат	3	0
процентйоцу	3	0
процентйоцург	3	0
пушт	3	0
пуьнтан	3	0
пуьнтаниг	3	0
пханаран	3	0
пханарниг	3	0
пхатоьдин	3	0
пхатоьдиниг	3	0
пхеакепекан	3	0
пхеакепеканиг	3	0
пхеасоьман	3	0
пхеасоьманиг	3	0
пхеашайнан	3	0
пхеашайнниг	3	0
пхеашеран	3	0
пхеашераниг	3	0
пхенашдерг	3	0
пхенашдолу	3	0
пхенийн	3	0
пхенийниг	3	0
пхийн	3	0
пхийниг	3	0
пхийттазлагӏа	3	0
пхийттазлагӏниг	3	0
пхийтталгӏаниг	3	0
пхо	3	0
пхонаниг	3	0
пхоьазлагӏниг	3	0
пхьагалан	3	0
пхьагалниг	3	0
пхьадухера	3	0
пхьадухераниг	3	0
пхьакочеран	3	0
пхьакочераниг	3	0
пхьалгӏа	3	0
пхьаран	3	0
пхьараниг	3	0
пхьаркенан	3	0
пхьаркенаниг	3	0
пхьаьрсаниг	3	0
пхьегӏин	3	0
пхьегӏиниг	3	0
пхьеданан	3	0
пхьеданниг	3	0
пхьераниг	3	0
пхьидан	3	0
пхьиданиг	3	0
пхьуьйренан	3	0
пхьуьйренниг	3	0
пхьуьйшан	3	0
пхьуьйшаниг	3	0
пӏелзарг	3	0
пӏендаран	3	0
пӏендарниг	3	0
раз	3	1
раминиг	3	0
рапортан	3	0
рапортаниг	3	0
распоряженеш	3	0
расханиг	3	0
раьгӏнийн	3	0
раьгӏнийниг	3	0
резадерг	3	0
резадолу	3	0
резадоцу	3	0
резадоцург	3	0
рейкин	3	0
рейкиниг	3	0
рика	3	1
ростов	3	1
рр	3	0
рузбан	3	1
рузбанан	3	0
рузбанниг	3	0
сабин	3	0
сабиниг	3	0
сагӏиниг	3	0
саж	3	0
саззин	3	0
саззиниг	3	0
сакхте	3	0
сакхтениг	3	0
салазан	3	0
салазниг	3	0
саламан	3	0
саламниг	3	0
салде	3	0
салдениг	3	0
салойн	3	0
салойниг	3	0
салоран	3	0
салораниг	3	0
салти	3	0
салтийн	3	0
салтийниг	3	0
самаран	3	0
самараниг	3	0
самонан	3	0
самонниг	3	0
сане	3	0
санениг	3	0
сантиметран	3	0
сантиметраниг	3	0
сардалан	3	0
сардалниг	3	0
сарсалан	3	0
сарсалниг	3	0
сатинан	3	0
сатинниг	3	0
сатоьхна	3	0
сатоьхнарг	3	0
сацамбоцу	3	0
сацамбоцург	3	0
саьнгалан	3	0
саьнгалниг	3	0
саьнгаран	3	0
саьнгарниг	3	0
саьрамсекхан	3	0
саьрамсекханиг	3	0
саьрмакан	3	0
саьрмакниг	3	0
саьхьаниг	3	0
сеаларан	3	0
сеаларниг	3	0
себ	3	0
сеглийн	3	0
сеглийниг	3	0
седанниг	3	0
сека	3	1
села	3	0
селедкин	3	0
селедкиниг	3	0
селма	3	1
селханлераниг	3	0
сенин	3	0
сениниг	3	0
серанан	3	0
сераниг	3	0
серийн	3	0
серийниг	3	0
серлонниг	3	0
сесаган	3	0
сесагниг	3	0
сессин	3	0
сессиниг	3	0
сехьара	3	0
сехьарниг	3	0
сибатдоцу	3	0
сибатдоцург	3	0
сиехьа	3	0
сизан	3	0
сизаниг	3	0
сийдерг	3	0
сийдолу	3	0
сийдоцу	3	0
сийдоцург	3	0
сийнаниг	3	0
сийнапхенаш	3	0
сийно	3	0
сийнониг	3	0
сийсарлера	3	0
сийсарлераниг	3	0
силаман	3	0
силамниг	3	0
силун	3	0
силуниг	3	0
сингаттамениг	3	0
синхьийзаме	3	0
синхьийзамениг	3	0
сипсо	3	1
сирло	3	0
сирлониг	3	0
сирникийн	3	0
сирникийниг	3	0
сиро	3	0
сирониг	3	0
сискалгӏин	3	0
сискалгӏиниг	3	0
сихателха	3	0
сихателхарг	3	0
собардоцу	3	0
собардоцург	3	0
совдегараллин	3	0
совдегараллиниг	3	0
совкхан	3	0
совкханиг	3	0
совнахниг	3	0
сом	3	1
сонара	3	0
сонарниг	3	0
сонто	3	0
сонтониг	3	0
сорса	3	0
сорсаниг	3	0
сохьтан	3	0
сохьтаниг	3	0
сохьтехь	3	0
соьлж	3	1
соьлин	3	0
соьлиниг	3	0
соьман	3	0
соьманиг	3	0
стагаллин	3	0
стагаллиниг	3	0
стагвоцу	3	0
стагвоцург	3	0
стайрин	3	0
стайриниг	3	0
стаканан	3	0
стаканниг	3	0
старгӏиниг	3	0
стеганиг	3	0
стераниг	3	0
стерча	3	1
стешхо	3	0
стешхониг	3	0
стиманиг	3	0
стихан	3	0
стиханиг	3	0
стогаллайоцу	3	0
стогаллайоцург	3	0
стомарлера	3	0
стомарлераниг	3	0
стоммо	3	0
стоммониг	3	0
стохкалера	3	0
стохкалераниг	3	0
стоьмийниг	3	0
супинатор	3	1
сурсаталлин	3	0
сурсаталлиниг	3	0
сурсатан	3	0
сурсатниг	3	0
сурхан	3	0
сурханиг	3	0
сутаро	3	0
сутарониг	3	0
сухарийн	3	0
сухарийниг	3	0
суьдан	3	0
суьданиг	3	0
суьдхойн	3	0
суьдхойниг	3	0
суьйлийн	3	0
суьйлийниг	3	0
суьйр	3	1
суьйренниг	3	0
суьртаниг	3	0
сьерра	3	1
тайнигийн	3	0
тайнигийниг	3	0
тайпаналла	3	0
тайпанниг	3	0
тайша	3	0
тайшаниг	3	0
талбин	3	0
талбиниг	3	0
талламбоцу	3	0
талламбоцург	3	0
таллархойн	3	0
таллархойниг	3	0
талмажан	3	0
талмажниг	3	0
талурдоцу	3	0
талурдоцург	3	0
тамаше	3	0
тамашениг	3	0
тамберг	3	0
тамболу	3	0
тамбоцу	3	0
тамбоцург	3	0
тапчин	3	0
тапчиниг	3	0
тарг	3	1
тарсалан	3	0
тарсалниг	3	0
тарч	3	0
татолан	3	0
татоланиг	3	0
таханлераниг	3	0
таьлсийн	3	0
таьлсийниг	3	0
таьӏно	3	0
таьӏнониг	3	0
таӏзардоцу	3	0
таӏзардоцург	3	0
тевзана	3	1
теза	3	1
тезо	3	0
тезониг	3	0
текхан	3	0
текханиг	3	0
текхарган	3	0
текхарганиг	3	0
телатан	3	0
телатниг	3	0
телеграфни	3	0
тель	3	1
тениг	3	0
тептарниг	3	0
тергамбоцу	3	0
тергамбоцург	3	0
тергамениг	3	0
терзанан	3	0
терзанниг	3	0
территориальни	3	0
тесан	3	0
тесаниг	3	0
техкалу	3	0
техкалург	3	0
тешамберг	3	0
тешамболу	3	0
тешамбоцу	3	0
тешамбоцург	3	0
тешамениг	3	0
тешан	3	0
тешаниг	3	0
тидамбоцу	3	0
тидамбоцург	3	0
тидамениг	3	0
тилор	3	0
тоамберг	3	0
тоамболу	3	0
тоамбоцу	3	0
тоамбоцург	3	0
тобанниг	3	0
товбецан	3	0
товбецаниг	3	0
товратниг	3	0
товханан	3	0
товханниг	3	0
тогӏенан	3	0
тогӏенниг	3	0
тойнан	3	0
тойнниг	3	0
токхаман	3	0
токхамниг	3	0
токхонан	3	0
токхонниг	3	0
толамниг	3	0
толан	3	0
толаниг	3	0
толстов	3	1
томан	3	0
томаниг	3	0
томатан	3	0
томатаниг	3	0
тонкалелорхойн	3	0
тонкалелорхойниг	3	0
тонкин	3	0
тонкиниг	3	0
торгӏала	3	0
торгӏалниг	3	0
тох	3	0
тохарлераниг	3	0
тоххарлера	3	0
тоххарлераниг	3	0
тоьлушханиг	3	0
тоьпан	3	0
тоьпаниг	3	0
ттов	3	0
тукхамниг	3	0
тулгӏенан	3	0
тулгӏенниг	3	0
туре	3	0
туркмени	3	1
туркменистан	3	1
туркойн	3	0
туркойниг	3	0
турпалаллин	3	0
турпалаллиниг	3	0
турпалан	3	0
турпалниг	3	0
тушан	3	0
тушаниг	3	0
туьйдарган	3	0
туьйдарганиг	3	0
туьйранан	3	0
туьйранниг	3	0
туьканан	3	0
туьканниг	3	0
туьманан	3	0
туьманниг	3	0
туьпан	3	0
туьпаниг	3	0
туьппалган	3	0
туьппалганиг	3	0
туьраниг	3	0
туьркийн	3	0
туьркийниг	3	0
туьтанниг	3	0
туьханиг	3	0
туьшан	3	0
туьшаниг	3	0
тханан	3	0
тханниг	3	0
тхевнниг	3	0
тхиниг	3	0
тховсалера	3	0
тховсалераниг	3	0
тхьазаран	3	0
тхьазарниг	3	0
тхьамаран	3	0
тхьамарниг	3	0
тхьоз	3	0
тянь	3	1
тӏайн	3	0
тӏайниг	3	0
тӏака	3	0
тӏаламберг	3	0
тӏаламболу	3	0
тӏаламбоцу	3	0
тӏаламбоцург	3	0
тӏанкӏ	3	0
тӏапаниг	3	0
тӏарг	3	0
тӏаусан	3	0
тӏаусниг	3	0
тӏахӏ	3	1
тӏаьрсигийн	3	0
тӏаьрсиигийниг	3	0
тӏаьхьаваза	3	1
тӏаьхьалонниг	3	0
тӏаьхьдешнийн	3	0
тӏаьхьдешнийниг	3	0
тӏаьхьий	3	0
тӏегӏанан	3	0
тӏегӏанниг	3	0
тӏедийн	3	0
тӏедийниг	3	0
тӏекханан	3	0
тӏекханниг	3	0
тӏекхуьу	3	0
тӏекхуьург	3	0
тӏелган	3	0
тӏелганиг	3	0
тӏелгбоцу	3	0
тӏелгбоцург	3	0
тӏелхиган	3	0
тӏелхигниг	3	0
тӏемашдерг	3	0
тӏемашдолу	3	0
тӏемлойн	3	0
тӏемлойниг	3	0
тӏеоьцург	3	0
тӏерган	3	0
тӏерганиг	3	0
тӏергийн	3	0
тӏергийниг	3	0
тӏергӏаниг	3	0
тӏетевжарг	3	0
тӏехвон	3	0
тӏехвониг	3	0
тӏехуладуху	3	0
тӏехуладухург	3	0
тӏеххаза	3	0
тӏеххазаниг	3	0
тӏехьарниг	3	0
тӏих	3	0
тӏовхӏ	3	1
тӏодийн	3	0
тӏодийниг	3	0
тӏолопп	3	1
тӏоманиг	3	0
тӏорказниг	3	0
тӏоьлган	3	0
тӏоьлганиг	3	0
тӏоьрмиган	3	0
тӏоьрмигниг	3	0
тӏуканин	3	0
тӏуканиниг	3	0
тӏулганиг	3	0
тӏур	3	0
тӏуьзан	3	0
тӏуьзаниг	3	0
тӏуьнан	3	0
тӏуьнаниг	3	0
тӏуьсан	3	0
тӏуьсаниг	3	0
узаман	3	0
узамниг	3	0
уккал	3	1
ул	3	1
улалера	3	0
улалераниг	3	0
улан	3	1
улле	3	0
уллера	3	0
уллераниг	3	0
улхан	3	0
улханиг	3	0
умматан	3	0
умматниг	3	0
урамийниг	3	0
урдонан	3	0
урдониг	3	0
урхаллиниг	3	0
урчакхниг	3	0
усть	3	1
уш	3	1
уьйтӏара	3	0
уьйтӏарниг	3	0
уьнахцӏенадоцу	3	0
уьнахцӏенадоцург	3	0
уьнтӏепхьидан	3	0
уьнтӏепхьиданиг	3	0
уьрдан	3	0
уьрданиг	3	0
уьрсан	3	0
уьрсаниг	3	0
уьрхан	3	0
уьрханиг	3	0
уьссазлагӏа	3	0
уьссазлагӏниг	3	0
уьстагӏниг	3	0
уьттазлагӏа	3	0
уьттазлагӏниг	3	0
уьшалан	3	0
уьшалниг	3	0
физико	3	0
формайоцу	3	0
формайоцург	3	0
хабийна	3	0
хабийнарг	3	0
хазадоцу	3	0
хазадоцург	3	0
хазаран	3	0
хазарниг	3	0
халарийн	3	0
халарийниг	3	0
халатан	3	0
халатаниг	3	0
халониг	3	0
халстун	3	0
халстуниг	3	0
халхаран	3	0
халхарниг	3	0
хандешан	3	0
хандешаниг	3	0
ханйоцу	3	0
ханйоцург	3	0
ханнан	3	0
ханнаниг	3	0
ханнийн	3	0
ханнийниг	3	0
хар	3	1
харданган	3	0
харданганиг	3	0
харжамийн	3	0
харжамийниг	3	0
харжамин	3	0
харжан	3	0
харжаниг	3	0
харжаран	3	0
харжарниг	3	0
харин	3	0
хариниг	3	0
харцонниг	3	0
хасстоьмийниг	3	0
хасун	3	1
хаттараллин	3	0
хаттараллиниг	3	0
хаттаран	3	0
хаттарниг	3	0
хах	3	1
хаьлган	3	0
хаьлганиг	3	0
хела	3	1
хело	3	0
хенаниг	3	0
хенарниг	3	0
херонан	3	0
херонниг	3	0
херсийн	3	0
херсийниг	3	0
херхан	3	0
херханиг	3	0
хесан	3	0
хесаниг	3	0
хехойн	3	0
хехойниг	3	0
хеча	3	0
хечин	3	0
хечиниг	3	0
хештан	3	0
хештаниг	3	0
хибухара	3	0
хибухарниг	3	0
хидаьккхина	3	0
хидаьккхинарг	3	0
хидохден	3	0
хидохдийриг	3	0
хидоцу	3	0
хидоцург	3	0
хийистераниг	3	0
хилдехьара	3	0
хилдехьарниг	3	0
хиран	3	0
хираниг	3	0
хирдоккху	3	0
хирдоккхург	3	0
хицанекаден	3	0
хицанекадийриг	3	0
хичекхдериг	3	0
хичекхдолу	3	0
хичекхцадериг	3	0
хичекхцадолу	3	0
холин	3	0
холиниг	3	0
холхазашлелорхойн	3	0
холхазашлелорхойниг	3	0
хонхалан	3	0
хонхалниг	3	0
хорбазан	3	0
хорбазниг	3	0
хоржург	3	0
хоршан	3	0
хоршаниг	3	0
хоршин	3	0
хоршиниг	3	0
хоти	3	1
хотӏан	3	0
хотӏаниг	3	0
хохийн	3	0
хохийниг	3	0
хохкург	3	0
хулчин	3	0
хулчиниг	3	0
хураман	3	0
хурамниг	3	0
хурминиг	3	0
хуррат	3	1
хуршт	3	1
хуушдерг	3	0
хуушдолу	3	0
хуьнжаран	3	0
хуьнжарниг	3	0
хуьтан	3	0
хуьтаниг	3	0
хьажойн	3	0
хьажойниг	3	0
хьакхарчийлелорхойн	3	0
хьакхарчийлелорхойниг	3	0
хьакхиниг	3	0
хьалхенгара	3	0
хьалхенгарниг	3	0
хьалхий	3	1
хьап	3	1
хьапар	3	1
хьаргӏин	3	0
хьаргӏиниг	3	0
хьарин	3	0
хьариниг	3	0
хьахьамчаниг	3	0
хьацаре	3	0
хьацарениг	3	0
хьаштдерг	3	0
хьаштдолу	3	0
хьаьвдин	3	0
хьаьвдиниг	3	0
хьаьжан	3	0
хьаьжаниг	3	0
хьаьжкӏин	3	0
хьаьжкӏиниг	3	0
хьаьийн	3	0
хьаьийниг	3	0
хьаькамниг	3	0
хьаьрмакан	3	0
хьаьрмакниг	3	0
хьаьрсаниг	3	0
хьаьрсо	3	0
хьаьрсониг	3	0
хьаьхьамчан	3	0
хьебоцу	3	0
хьебоцург	3	0
хьелийн	3	0
хьелийниг	3	0
хьер	3	1
хьераниг	3	0
хьесан	3	0
хьесаниг	3	0
хьеханан	3	0
хьеханниг	3	0
хьехаран	3	0
хьехарниг	3	0
хьехархойниг	3	0
хьечийн	3	0
хьечийниг	3	0
хьешанадика	3	0
хьешанадиканиг	3	0
хьийзинарг	3	0
хьовлин	3	0
хьовлиниг	3	0
хьогӏан	3	0
хьогӏаниг	3	0
хьожайогӏу	3	0
хьожайогӏург	3	0
хьозийниг	3	0
хьоланиг	3	0
хьорзаман	3	0
хьорзамниг	3	0
хьорматан	3	0
хьорматниг	3	0
хьостаман	3	0
хьостамниг	3	0
хьостин	3	0
хьостиниг	3	0
хьоткьаниг	3	0
хьочан	3	0
хьочаниг	3	0
хьошаллин	3	0
хьошаллиниг	3	0
хьоьхан	3	0
хьоьханиг	3	0
хьуламан	3	0
хьуламниг	3	0
хьунйоцу	3	0
хьунйоцург	3	0
хьунлелорхойн	3	0
хьунлелорхойниг	3	0
хьуьнарениг	3	0
хьуьнзаводан	3	0
хьуьнзаводаниг	3	0
хӏажарниг	3	0
хӏазарниг	3	0
хӏайбате	3	0
хӏайбатениг	3	0
хӏайда	3	1
хӏане	3	0
хӏетахьлераниг	3	0
хӏилладерг	3	0
хӏилладолу	3	0
хӏилладоцу	3	0
хӏилладоцург	3	0
хӏинц	3	1
хӏинцалераниг	3	0
хӏирийн	3	0
хӏирийниг	3	0
хӏоан	3	0
хӏоаниг	3	0
хӏодоцу	3	0
хӏодоцург	3	0
хӏонцан	3	0
хӏонцаниг	3	0
хӏорданиг	3	0
хӏордйистераниг	3	0
хӏоьаниг	3	0
хӏудоцу	3	0
хӏудоцург	3	0
хӏуманниг	3	0
хӏургонан	3	0
хӏургонниг	3	0
хӏурданиг	3	0
хӏусамдениг	3	0
хӏуьнниг	3	0
хӏуьрг	3	0
хӏуьттаренан	3	0
хӏуьттаренниг	3	0
цабезамениг	3	0
цадохалу	3	0
цадохалург	3	0
цамгарениг	3	0
цамзин	3	0
цамзиниг	3	0
цанахьакхар	3	0
цанахьекхар	3	0
цанин	3	0
цаниниг	3	0
цасацалу	3	0
цасацалург	3	0
цатарлу	3	0
цатарлург	3	0
цергашйоцу	3	0
цергашйоцург	3	0
цергийн	3	0
цергийниг	3	0
цецаниг	3	0
цигаьрканан	3	0
цигаьрканниг	3	0
цигонийн	3	0
цигонийниг	3	0
цицаниг	3	0
цициг	3	1
цициган	3	0
цициганиг	3	0
цуьрган	3	0
цуьрганиг	3	0
цхьааздерг	3	0
цхьааздолу	3	0
цхьабартберг	3	0
цхьабартболу	3	0
цхьайттазлагӏа	3	0
цхьайттазлагӏниг	3	0
цхьаллин	3	0
цхьаллиниг	3	0
цхьалханиг	3	0
цхьамзин	3	0
цхьамзиниг	3	0
цхьанааьзнийн	3	0
цхьанааьзнийниг	3	0
цхьанабертан	3	0
цхьанабертаниг	3	0
цхьанабесан	3	0
цхьанабесаниг	3	0
цхьанадийнан	3	0
цхьанадийнаниг	3	0
цхьаназаманан	3	0
цхьаназаманниг	3	0
цхьанаметтиган	3	0
цхьанаметтигниг	3	0
цхьанатайпанан	3	0
цхьанатайпанниг	3	0
цхьанахенара	3	0
цхьанахенарниг	3	0
цхьанахьаьркан	3	0
цхьанахьаьрканиг	3	0
цхьанацӏеран	3	0
цхьанацӏераниг	3	0
цхьанашеран	3	0
цхьанашераниг	3	0
цхьаццадерг	3	0
цхьаццадолу	3	0
цхьогалниг	3	0
цӏагаран	3	0
цӏагарниг	3	0
цӏадоцу	3	0
цӏадоцург	3	0
цӏазаман	3	0
цӏазамийн	3	0
цӏазамийниг	3	0
цӏазамниг	3	0
цӏаьххьана	3	0
цӏаьххьашха	3	0
цӏевнийниг	3	0
цӏезан	3	0
цӏезаниг	3	0
цӏейоцу	3	0
цӏейоцург	3	0
цӏенойниг	3	0
цӏеркеманан	3	0
цӏеркеманниг	3	0
цӏерметдешан	3	0
цӏерметдешаниг	3	0
цӏерпоштан	3	0
цӏерпоштаниг	3	0
цӏехо	3	0
цӏехониг	3	0
цӏеяхнарг	3	0
цӏийдина	3	0
цӏийдинарг	3	0
цӏийнаниг	3	0
цӏийсацо	3	0
цӏийсацорг	3	0
цӏийӏано	3	0
цӏийӏанорг	3	0
цӏогадеха	3	0
цӏогадеханиг	3	0
цӏогадоца	3	0
цӏогадоцаниг	3	0
цӏогадоцу	3	0
цӏогадоцург	3	0
цӏоганан	3	0
цӏоганниг	3	0
цӏонгин	3	0
цӏонгиниг	3	0
цӏорзан	3	0
цӏорзаниг	3	0
цӏоьман	3	0
цӏоьманиг	3	0
цӏунниг	3	0
цӏура	3	0
цӏураниг	3	0
чагӏалкхан	3	0
чагӏалкханиг	3	0
чадо	3	0
чайлелорхойн	3	0
чайлелорхойниг	3	0
чайн	3	0
чаккхармин	3	0
чаккхарминиг	3	0
чамберг	3	0
чамболу	3	0
чамбоцу	3	0
чамбоцург	3	0
чамдин	3	0
чамдиниг	3	0
чардакхан	3	0
чардакхниг	3	0
чарин	3	0
чариниг	3	0
чаччамийн	3	0
чаччамийниг	3	0
чевнан	3	0
чевнаниг	3	0
чекан	3	0
чеканиг	3	0
челакха	3	0
челакхниг	3	0
ченаниг	3	0
чергасийн	3	0
чергасийниг	3	0
черманниг	3	0
черон	3	0
черониг	3	0
чертан	3	0
чертаниг	3	0
четарниг	3	0
чечен	3	1
чеченец	3	0
чийликан	3	0
чийликниг	3	0
чиллалелорхойн	3	0
чиллалелорхойниг	3	0
чиллан	3	0
чимчаргӏин	3	0
чимчаргӏиниг	3	0
чинк	3	0
чиркхан	3	0
чиркханиг	3	0
чичӏ	3	1
чишан	3	0
чишаниг	3	0
чоберг	3	0
чоболу	3	0
чобоцу	3	0
чобоцург	3	0
човкин	3	0
човкиниг	3	0
човхилла	3	0
човхилларг	3	0
чоин	3	0
чоиниг	3	0
чолхениг	3	0
чомениг	3	0
чопанан	3	0
чопанниг	3	0
чорпин	3	0
чорпиниг	3	0
чорханиг	3	0
чохчам	3	1
чохчаман	3	0
чохчамниг	3	0
чоьийн	3	0
чоьийниг	3	0
чоьнаниг	3	0
чоьтан	3	0
чоьтаниг	3	0
чуданийн	3	0
чуданийниг	3	0
чудузу	3	0
чудузург	3	0
чужан	3	0
чужаниг	3	0
чукхетта	3	0
чукхеттарг	3	0
чукӏеле	3	0
чукӏело	3	1
чупар	3	0
чупара	3	0
чупарниг	3	0
чупаро	3	0
чупарониг	3	0
чусаттийна	3	0
чусаттийнарг	3	0
чуханан	3	0
чуханниг	3	0
чухин	3	0
чухиниг	3	0
чухуларниг	3	0
чучанчин	3	0
чучанчиниг	3	0
чуьйналало	3	0
чуьйналалорг	3	0
чуьйнан	3	0
чуьйнаниг	3	0
чуьйрийн	3	0
чуьйрийниг	3	0
чуьркан	3	0
чуьрканиг	3	0
чӏагаран	3	0
чӏагарниг	3	0
чӏагӏдарниг	3	0
чӏамара	3	0
чӏамарниг	3	0
чӏапа	3	0
чӏапаниг	3	0
чӏарт	3	1
чӏарх	3	1
чӏебарлойн	3	0
чӏебарлойниг	3	0
чӏебирла	3	1
чӏеганан	3	0
чӏеганниг	3	0
чӏегӏардигниг	3	0
чӏениган	3	0
чӏенигниг	3	0
чӏераниг	3	0
чӏерийлелорхойн	3	0
чӏерийлелорхойниг	3	0
чӏерийлецархойниг	3	0
чӏийшийн	3	0
чӏийшийниг	3	0
чӏинган	3	0
чӏинганиг	3	0
чӏинтан	3	0
чӏинтаниг	3	0
чӏинчӏире	3	0
чӏинчӏирениг	3	0
чӏип	3	0
чӏишталган	3	0
чӏишталганиг	3	0
чӏоман	3	0
чӏоп	3	1
чӏоракиг	3	0
чӏоран	3	0
чӏофф	3	1
чӏоьбан	3	0
чӏоьбаниг	3	0
чӏоьнаниг	3	0
чӏулг	3	1
шагатӏулганиг	3	0
шадалойн	3	0
шадалойниг	3	0
шаданан	3	0
шаданниг	3	0
шайнан	3	0
шайнниг	3	0
шайтӏанниг	3	0
шакаран	3	0
шакарниг	3	0
шаладехкина	3	0
шаладехкинарг	3	0
шаладина	3	0
шаладинарг	3	0
шалгон	3	0
шалгониг	3	0
шань	3	1
шапталан	3	0
шапталниг	3	0
шара	3	1
шаран	3	0
шараниг	3	0
шаршуниг	3	0
шарӏан	3	0
шарӏаниг	3	0
шахалела	3	0
шахалеларг	3	0
шахаӏеминарг	3	0
шахьаран	3	0
шахьарниг	3	0
шаьлган	3	0
шаьлганиг	3	0
шаьлтанниг	3	0
шаӏмин	3	1
шевиотан	3	0
шевиотаниг	3	0
шеврон	3	0
шеврониг	3	0
шеддашдерг	3	0
шеддашдолу	3	0
шеддашдоцу	3	0
шеддашдоцург	3	0
шекдерг	3	0
шекдолу	3	0
шекойоцу	3	0
шекойоцург	3	0
шеконан	3	0
шеконниг	3	0
шелӏанан	3	0
шелӏанниг	3	0
шемахойн	3	0
шемахойниг	3	0
шенхестор	3	0
шенхесторг	3	0
шеретан	3	0
шеретаниг	3	0
шершина	3	0
шершинарг	3	0
шетан	3	0
шетаниг	3	0
шеха	3	1
шибардар	3	0
шиван	3	0
шиговрйоьжна	3	0
шиговрйоьжнарг	3	0
шийло	3	0
шийлониг	3	0
шийттазлагӏа	3	0
шийттазлагӏниг	3	0
шинабесан	3	0
шинабесаниг	3	0
шинабеттан	3	0
шинабеттаниг	3	0
шинакоган	3	0
шинакоганиг	3	0
шинакоьртан	3	0
шинакоьртаниг	3	0
шинакӏиранан	3	0
шинакӏиранниг	3	0
шинаметтан	3	0
шинаметтаниг	3	0
шинаметтиган	3	0
шинаметтигниг	3	0
шинан	3	0
шинаниг	3	0
шинапалатийн	3	0
шинапалатийниг	3	0
шинасохьтан	3	0
шинасохьтаниг	3	0
шинашеран	3	0
шинашераниг	3	0
ширбина	3	0
ширшина	3	0
ширшинарг	3	0
шисаберг	3	0
шисаболу	3	0
шиферан	3	0
шиферниг	3	0
шифонан	3	0
шифонниг	3	0
ших	3	0
шичин	3	0
шичиниг	3	0
шишанниг	3	0
шовданниг	3	0
шозлагӏниг	3	0
шойн	3	0
шойниг	3	0
шокхаьчна	3	0
шокхаьчнарг	3	0
шолан	3	0
шоланиг	3	0
шораллиниг	3	0
шоршалан	3	0
шоршалниг	3	0
шочан	3	0
шочаниг	3	0
шоьтаниг	3	0
шрифтан	3	0
шрифтаниг	3	0
штатехьдоцу	3	0
штатехьдоцург	3	0
шурин	3	0
шуриниг	3	0
шуьйраниг	3	0
шуьйро	3	0
шуьйрониг	3	0
шуьш	3	0
шхьовв	3	1
юбкин	3	0
юбкиниг	3	0
южург	3	0
юртаниг	3	0
юхадеанарг	3	0
юхашха	3	0
юхашханиг	3	0
юьман	3	0
юьманиг	3	0
юьртабахаман	3	0
юьртабахамниг	3	0
юьртарниг	3	0
юьртден	3	0
юьртдениг	3	0
юьхан	3	0
юьханиг	3	0
юьххьераниг	3	0
юьхьенцара	3	0
юьхьенцарниг	3	0
юьхьза	3	0
юьхьзаниг	3	0
юьхькӏеда	3	0
юьхькӏеданиг	3	0
яздархойн	3	0
яздархойниг	3	0
яйнарг	3	0
яйцо	3	0
яккхалурйоцу	3	0
яккхалурйоцург	3	0
яккхийра	3	0
яккхийраниг	3	0
ялалай	3	0
ялгӏун	3	0
ялгӏуниг	3	0
ялпаран	3	0
ялпарниг	3	0
ялсаманин	3	0
ялсаманиниг	3	0
ялтачудерзоран	3	0
ялтачудерзораниг	3	0
ялтиниг	3	0
ялхазлагӏа	3	0
ялхазлагӏниг	3	0
ялхалгӏаниг	3	0
ялхиттазлагӏа	3	0
ялхиттазлагӏниг	3	0
ялхойниг	3	0
ямартаниг	3	0
ямартхойн	3	0
ямартхойниг	3	0
яппарийн	3	0
яппарийниг	3	0
ярмаркин	3	0
ярмаркиниг	3	0
ясакхан	3	0
ясакхниг	3	0
яьржинарг	3	0
яьссаниг	3	0
яьшкин	3	0
яьшкиниг	3	0
яьӏнин	3	0
яьӏниниг	3	0
ӏазапхьоьгу	3	1
ӏазапхьоьгург	3	1
ӏазмора	3	1
ӏайган	3	1
ӏайганиг	3	1
ӏайт	3	1
ӏалашойоцу	3	1
ӏалашойоцург	3	1
ӏалашонан	3	1
ӏалашонниг	3	1
ӏамархойн	3	1
ӏамархойниг	3	1
ӏаммагӏин	3	1
ӏаммагӏиниг	3	1
ӏарбийн	3	1
ӏарбийниг	3	1
ӏаьвнан	3	1
ӏаьвнаниг	3	1
ӏаьзим	3	1
ӏаьнниг	3	1
ӏаьржо	3	1
ӏаьржониг	3	1
ӏаьржтӏадамийн	3	1
ӏаьржтӏадамийниг	3	1
ӏаьрчан	3	1
ӏаьрчаниг	3	1
ӏаьхк	3	1
ӏаьӏна	3	1
ӏаьӏнарг	3	1
ӏеб	3	1
ӏежаниг	3	1
ӏелалла	3	1
ӏехалу	3	1
ӏехалург	3	1
ӏийда	3	1
ӏилманан	3	1
ӏилманниг	3	1
ӏиндагӏниг	3	1
ӏовдалан	3	1
ӏовдалниг	3	1
ӏовдалониг	3	1
ӏоданиг	3	1
ӏоманиг	3	1
ӏонжаран	3	1
ӏонжарниг	3	1
ӏузара	3	1
ӏузарниг	3	1
ӏуналлин	3	1
ӏуналлиниг	3	1
ӏуьйренниг	3	1
ӏуьнниг	3	1
абаденна	2	0
абигӏале	2	1
абирамна	2	1
абишуӏан	2	1
абушаламца	2	1
аван	2	1
авданис	2	1
ага	2	0
агӏарипас	2	1
агӏонашна	2	0
агӏонгахула	2	0
агӏонера	2	0
агӏорхьара	2	0
адир	2	1
адуникхаман	2	1
азаз	2	1
азалехь	2	0
айинчу	2	0
акхаро	2	0
акхрабайм	2	1
алалаш	2	0
аллалц	2	0
алмаз	2	0
алсамбовлуш	2	0
алсамболуш	2	0
алсамбуьйлуш	2	0
алсамо	2	0
алунех	2	0
аметист	2	0
ангали	2	0
аннех	2	0
антиохера	2	1
арабелира	2	0
арабовлучу	2	0
арабоккху	2	0
аравалийтира	2	0
араваьккхина	2	0
аравнига	2	1
аравнина	2	1
арадаккха	2	0
арадаха	2	0
арадахар	2	0
арадаьлча	2	0
арадаьхча	2	0
арадолург	2	0
арадолучу	2	0
арайолучу	2	0
араме	2	1
арамера	2	1
арамехь	2	1
арарат	2	1
арахьин	2	1
араяла	2	0
араяьхна	2	0
аренашкахула	2	0
аренашца	2	0
аренгахьа	2	0
арено	2	0
арестах	2	1
артеми	2	1
артемин	2	1
атай	2	1
атарин	2	1
ахдекъан	2	0
ахдекъах	2	0
ахпачхьалкх	2	0
ахшекхал	2	0
ахьимаӏацан	2	1
ахьираӏа	2	1
ахьисамахан	2	1
ахьиӏазар	2	1
ахьиӏазара	2	1
ахьъяхӏуга	2	1
ахьъяхӏугахула	2	1
ахьъяхӏус	2	1
ахӏава	2	1
ахӏлибама	2	1
ацала	2	1
ашерана	2	1
ашурхоша	2	0
аьзнашца	2	0
аьрзунел	2	0
баар	2	0
багабо	2	0
баганна	2	0
багарбинчарна	2	0
багийначу	2	0
база	2	0
базбира	2	0
баира	2	1
баировтхо	2	0
байар	2	0
байинчарна	2	0
байн	2	0
байшна	2	0
байъа	2	0
байъина	2	0
баккхаран	2	0
баккхарца	2	0
баккхийбийр	2	0
баккхийтира	2	0
баккхийша	2	0
бакъахьарчу	2	0
бакъбина	2	0
бакъверг	2	0
бакъоно	2	0
балабайта	2	0
балабахь	2	0
балакхан	2	1
балалур	2	0
балархьама	2	0
балдашкахула	2	0
балийтархьама	2	0
балочу	2	0
балхе	2	0
балхьат	2	1
бамот	2	1
барак	2	1
баракха	2	1
барамал	2	0
барамца	2	0
баре	2	0
баржош	2	0
баркаллина	2	0
бартбан	2	0
барте	2	0
бартхой	2	0
басаматан	2	1
бассабелла	2	0
баттах	2	0
баттаххьий	2	0
бахабелира	2	0
бахар	2	0
бахарна	2	0
бахкийтархьама	2	0
баххьашкахула	2	0
бахча	2	0
бахьаница	2	0
баша	2	0
башийна	2	0
баьккхинарг	2	0
баьллера	2	0
баьхнарг	2	0
баьхча	2	0
баьццарчу	2	0
баьӏна	2	0
баӏна	2	1
баӏний	2	1
баӏнин	2	1
беача	2	0
бедарех	2	0
безамал	2	0
безаргаш	2	0
безаргашна	2	0
безаргашца	2	0
безарш	2	0
беззара	2	0
бекъабелира	2	0
бекъалур	2	0
белларг	2	0
беллехь	2	0
белхаре	2	0
белша	2	0
белшацара	2	1
белшашкахь	2	0
берашший	2	0
бердаш	2	0
бердашна	2	0
береш	2	0
берзабе	2	0
берзийнера	2	0
берия	2	1
беркатехь	2	0
беркатечу	2	0
беруника	2	1
бетала	2	1
беталан	2	1
бетера	2	0
бетӏар	2	0
бехарш	2	0
бехачаьрга	2	0
бехвийр	2	0
бехво	2	0
бехделла	2	0
бехйийр	2	0
бехкеван	2	0
бехлур	2	0
бехха	2	0
бехчалгаш	2	0
бехъелла	2	0
бечо	2	0
бешо	2	0
бигина	2	0
бигӏвай	2	1
бигӏвайн	2	1
бийра	2	0
билгалдаьккхинера	2	0
билгалонашца	2	0
билхӏан	2	1
бинийла	2	0
бинуйн	2	1
биссина	2	0
бистхилира	2	0
бисча	2	0
бицбийр	2	0
биънера	2	0
бобераш	2	0
бовдур	2	0
бовзийта	2	0
бовзийтина	2	0
бовлахь	2	0
бовлийтина	2	0
боганна	2	0
богӏий	2	0
божана	2	0
божо	2	0
бозбунча	2	0
бозбунчашка	2	0
бозбунчийн	2	0
бойуш	2	0
боккхийла	2	0
боккхучу	2	0
болчарал	2	0
болчаьргахьа	2	0
болчо	2	0
болчун	2	0
болчунна	2	0
болчух	2	0
бохабе	2	0
бохабо	2	0
бохамаша	2	0
бохийла	2	0
бохучарна	2	0
бохучо	2	0
бохучун	2	0
бохчанаш	2	0
боцучара	2	0
боцучаьрца	2	0
боьжна	2	0
боькъуш	2	0
боьлак	2	0
боьссина	2	0
боьхуш	2	0
бугӏа	2	0
буззалц	2	0
бузийла	2	0
бузуш	2	0
буйна	2	0
букхайн	2	1
буржал	2	0
буттург	2	0
буу	2	0
буучо	2	0
бухадиснарг	2	0
бухалара	2	0
бухана	2	0
бухарчу	2	0
бухахьа	2	0
бухкур	2	0
бухкуш	2	0
бухӏанаша	2	0
буьгу	2	0
буьгура	2	0
буьзначарна	2	0
буьйлабелча	2	0
буьйлалур	2	0
буьйна	2	0
буьйсане	2	0
буьлур	2	0
буьртигаша	2	0
буьртигех	2	0
буьстича	2	0
буьхьиган	2	0
буьхьигаш	2	0
бӏарзанна	2	0
бӏаьрганегӏар	2	0
бӏаьрзечо	2	0
бӏаьрзечун	2	0
бӏаьрзечунна	2	0
бӏаьрзечуьнга	2	0
вагарвича	2	0
вазвелаш	2	0
вазвеш	2	0
вазвира	2	0
ваийтахьа	2	0
ваийтахьара	2	0
ваийтинчунна	2	0
ваийтинчуьнга	2	1
вайгахьа	2	0
ваккхархьама	2	0
валалахь	2	0
валархьама	2	0
валарца	2	0
валийнера	2	0
вареш	2	0
варна	2	0
вахалур	2	0
вахаран	2	0
вахахь	2	0
вахийтий	2	0
вахийтинера	2	0
ваца	2	0
вацахьара	2	0
вашатин	2	1
ваьккхинера	2	0
ваьккхинчу	2	0
ваьллачунна	2	0
ваьллера	2	0
ваьхьира	2	0
ваьӏначо	2	0
ваьӏначу	2	0
ваӏданаш	2	0
веанчул	2	0
вевзинера	2	0
веддарг	2	0
везавелира	2	0
везалаш	2	0
везаргана	2	0
везачаьрца	2	0
везачух	2	0
веззачу	2	0
вейтира	2	0
векална	2	0
веллалц	2	0
веллачух	2	0
веллехь	2	0
велли	2	0
верзалахь	2	0
верззалц	2	0
весеташца	2	0
весето	2	0
веша	2	0
вигийта	2	0
вирах	2	0
вираца	2	0
вирбӏарза	2	0
виро	2	0
виснера	2	0
вистхилар	2	0
вистхиллачу	2	0
витахьа	2	0
вицвина	2	0
вовзарна	2	0
вовзарх	2	0
вовзийта	2	0
вовзийтархьама	2	0
вовзийтина	2	0
вовшахлетира	2	0
вовшахтаса	2	0
вовшахтесира	2	0
вовше	2	0
вогӏавелла	2	0
вожор	2	0
возаллехь	2	0
воккхавер	2	0
волалур	2	0
волийла	2	0
воллий	2	0
волучохь	2	0
волчул	2	0
вонашка	2	0
вохийна	2	0
воцучуьнга	2	0
воцучуьнца	2	0
воьддучу	2	0
воьлур	2	0
воьлху	2	0
воьлча	2	0
воьссира	2	0
воьхкира	2	0
вузур	2	0
вукхарах	2	0
вукхеран	2	0
вуссур	2	0
вуссуш	2	0
вустур	2	0
вуьзира	2	0
вуьйлира	2	0
гавӏонерачу	2	1
гавӏонехь	2	1
гавӏонхой	2	0
гадахойх	2	1
гадига	2	1
гайтий	2	0
гайтийтархьама	2	0
гайтича	2	0
гайттара	2	0
галата	2	1
галгале	2	1
галгатхьа	2	1
галилайхо	2	0
галлалц	2	0
галӏадахь	2	1
галӏадера	2	1
галӏадхо	2	0
галӏадхоша	2	0
гамлиала	2	1
ганим	2	1
гансарт	2	1
гаранашкахь	2	0
гатдайта	2	0
гаяс	2	1
гаӏаш	2	1
гаӏтам	2	1
геланчийн	2	0
геланчо	2	0
генавала	2	0
гергакхаьчча	2	0
гергакхочуш	2	0
гергарчеран	2	0
гергарчо	2	0
герзаш	2	0
герзлелориг	2	0
гечдо	2	0
гешурахь	2	1
гешурхойн	2	0
гиначара	2	0
гиначул	2	0
гиннашехь	2	0
гобоккхуш	2	0
говзаллица	2	0
говзанаш	2	0
говрана	2	0
говрахь	2	0
гойтийла	2	0
голашна	2	0
гонахьара	2	0
гонаш	2	0
горахӏоьттина	2	0
горгали	2	0
гоьмукъех	2	0
грекахойн	2	0
грекашна	2	0
гуламашка	2	0
гулбай	2	0
гулбеш	2	0
гулбийр	2	0
гулвелла	2	0
гулдалар	2	0
гулдечу	2	0
гулдиначун	2	0
гулло	2	0
гулъелира	2	0
гунаша	2	0
гунашкахь	2	0
гунех	2	0
гучудаккха	2	0
гучудалахь	2	0
гучудаьлла	2	0
гучудаьлча	2	0
гучудоккхур	2	0
гучудолу	2	0
гучуелира	2	0
гуччохь	2	0
гӏайгӏанаша	2	0
гӏайгӏанца	2	0
гӏалаташ	2	0
гӏалиний	2	0
гӏароле	2	0
гӏароло	2	0
гӏаролхочо	2	0
гӏаролхошка	2	0
гӏатан	2	0
гӏаттабайша	2	0
гӏаттийра	2	0
гӏаттор	2	0
гӏаьгӏнан	2	0
гӏелбелла	2	0
гӏемаш	2	0
гӏенахь	2	0
гӏенех	2	0
гӏепашна	2	0
гӏергӏаш	2	0
гӏийланиг	2	0
гӏийлачеран	2	0
гӏиршам	2	1
гӏиршаман	2	1
гӏишлона	2	0
гӏовгӏане	2	0
гӏовгӏанца	2	0
гӏогӏан	2	1
гӏолиат	2	1
гӏолиатан	2	1
гӏопастанаш	2	0
гӏопах	2	0
гӏортахь	2	0
гӏорторана	2	0
гӏоттий	2	0
гӏотту	2	0
гӏоьнчий	2	0
гӏудалкхан	2	0
гӏуллакхашкахь	2	0
гӏуллакхдархо	2	0
гӏуллакхца	2	0
гӏунах	2	0
гӏуо	2	0
даалахь	2	0
даарш	2	0
дабагӏа	2	0
дагабуьйлуш	2	0
дагавалийта	2	0
дагавогӏур	2	0
дагаволура	2	0
дагадеънарг	2	0
дагадора	2	0
дагалацаран	2	0
дагалацархьама	2	0
дагардан	2	0
дагаро	2	0
дагарца	2	0
дагаршца	2	0
дагаяийта	2	0
даггарчу	2	0
дагийначу	2	0
дажадо	2	0
даздайта	2	0
даздаран	2	0
даздархьама	2	0
дазделлера	2	0
даийтархьама	2	0
дайдехьа	2	0
дайийта	2	0
дайтар	2	0
дайъийтархьама	2	0
даккхалахь	2	0
дакъаделлачу	2	0
дакъалаца	2	0
дакъалацар	2	0
дакъалоцу	2	0
дакъалоцуш	2	0
дакъийна	2	0
дакъошкахь	2	0
даладайта	2	0
даладахь	2	0
далийначу	2	0
далийтахь	2	0
далийча	2	0
далора	2	0
данхоша	2	0
дарвалар	2	0
дарделла	2	0
даржах	2	0
дассо	2	0
дахалур	2	0
дахалуш	2	0
даханчу	2	0
дахарал	2	0
дахдехьа	2	0
дахий	2	0
дахийтахь	2	0
дахийтича	2	0
дахкийта	2	0
дахлахь	2	0
даьккхи	2	0
даьржинехь	2	0
даьттанал	2	0
даьхкинчу	2	0
даьӏахкашкахь	2	0
даӏан	2	0
деанчуьнга	2	0
дебийна	2	0
дебийтархьама	2	0
дебирас	2	1
дебнера	2	0
девзачу	2	0
девлларш	2	0
девне	2	0
дегадойла	2	0
дегала	2	0
дегалла	2	0
дегнашка	2	0
дего	2	0
дезаран	2	0
дезачарна	2	0
дезачун	2	0
декъадаларца	2	0
декъадаларш	2	0
декъаделла	2	0
декъаладо	2	0
декъалдинарш	2	0
декъалъе	2	0
декъар	2	0
декъахой	2	0
делал	2	0
делехьа	2	1
делкъехь	2	0
делхийша	2	0
деми	2	1
денбийр	2	0
денван	2	0
дендо	2	0
денлург	2	0
денлучу	2	0
дераллехь	2	0
дераллина	2	0
дерзадехьа	2	0
дерзадо	2	0
дерзалаш	2	0
дерригенал	2	0
дерригене	2	0
дерстинчу	2	0
дерт	2	0
детил	2	0
дехьавалалур	2	0
дехьадовларан	2	0
дехьадовлучу	2	0
дехьарачу	2	0
дехьарчу	2	0
дехьо	2	0
дечигаш	2	0
дечух	2	0
дечуьнга	2	0
дийла	2	0
дийнаниг	2	0
дийнато	2	0
дийначуьра	2	0
дийрриг	2	0
дийцалаш	2	0
дийцалур	2	0
дийцархьама	2	0
дийцийтархьама	2	0
дийцинехь	2	0
дийцинчул	2	0
дийцинчунна	2	0
дикано	2	0
дикачун	2	0
дикачунна	2	0
диллахьа	2	0
диллийта	2	0
диллинчу	2	0
диллича	2	0
дилхира	2	0
динин	2	1
дисархьама	2	0
дитинера	2	0
дицдан	2	0
дишан	2	1
диъча	2	0
довдур	2	0
довзийтахьа	2	0
довзуьйту	2	0
довзуьйтур	2	0
довлархьама	2	0
довллушехь	2	0
довлуьйту	2	0
довш	2	0
догур	2	0
догъоьцурш	2	0
догъоьцуш	2	0
догъэцна	2	0
догӏалахь	2	0
догӏанна	2	0
догӏмашца	2	0
дожор	2	0
дозанал	2	0
дозане	2	0
дойх	2	0
доккхаде	2	0
доккхах	2	0
доладелла	2	0
долалой	2	0
долара	2	0
доллуш	2	0
долчарах	2	0
долчийн	2	0
долччохь	2	0
доттагӏашка	2	0
доттагӏашца	2	0
доттагӏчуьнга	2	0
дотту	2	0
дохадайтира	2	0
дохадахь	2	0
дохаде	2	0
дохийнарг	2	0
дохковелира	2	0
дохкодовлар	2	0
дохкуьйтуш	2	0
доцучара	2	0
доцучарна	2	0
доццучу	2	0
дошло	2	0
доь	2	0
доьазза	2	0
доьзале	2	0
доьзало	2	0
доьзалхочунна	2	0
доьзалша	2	0
доькъура	2	0
доьллира	2	0
доьхкарна	2	0
доьхкий	2	0
доьхкинчу	2	0
доьхкура	2	0
доьхнарш	2	0
доьшург	2	0
доӏанашка	2	0
доӏе	2	0
дуза	2	0
дузо	2	0
дузор	2	0
дуккхачу	2	0
дукхавезара	2	0
дукъош	2	0
дустарх	2	0
дуьгу	2	0
дуьгучу	2	0
дуьйлийша	2	0
дуьйлина	2	0
дуьйцина	2	0
дуькъачу	2	0
дуьллура	2	0
дуьллуьйтур	2	0
дуьлу	2	0
дуьлург	2	0
дуьненарчу	2	0
дуьнене	2	0
дуьрста	2	0
дуьсийла	2	0
дуьтийла	2	0
дуьххьарлерачу	2	0
дуьхьалбаьхкира	2	0
дуьхьалбовла	2	0
дуьхьалбовлу	2	0
дуьхьалвалархьама	2	0
дуьхьалвалахь	2	0
дуьхьалваха	2	0
дуьхьалваьккхира	2	0
дуьхьалваьлларг	2	0
дуьхьалдаьллачу	2	0
дуьхьалдевр	2	0
дуьхьалдовлахь	2	0
дуьхьалйогӏуш	2	0
дуьхьалхӏоьттина	2	0
дӏаалар	2	0
дӏаалийта	2	0
дӏааьлла	2	0
дӏабахахьа	2	0
дӏабахийтина	2	0
дӏабаххалц	2	0
дӏабаьлча	2	0
дӏабеллачу	2	0
дӏабигначу	2	0
дӏабиллира	2	0
дӏабихкина	2	0
дӏабовзийтира	2	0
дӏабовлийла	2	0
дӏабовллалц	2	0
дӏабовр	2	0
дӏаболабелира	2	0
дӏаболор	2	0
дӏабохуьйтур	2	0
дӏабоьлхура	2	0
дӏабуьгуш	2	0
дӏаваларх	2	0
дӏавахийта	2	0
дӏаваьлла	2	0
дӏаваьхьира	2	0
дӏаверзийра	2	0
дӏавижар	2	0
дӏавижна	2	0
дӏаволавелла	2	0
дӏавохуьйтур	2	0
дӏагойтуш	2	0
дӏагӏахьара	2	0
дӏадайина	2	0
дӏадаккхархьама	2	0
дӏадаккхахь	2	0
дӏадаккхахьа	2	0
дӏадахалора	2	0
дӏадаханчу	2	0
дӏадахийтина	2	0
дӏадаьккхи	2	0
дӏадаьхьнера	2	0
дӏадаьхьча	2	0
дӏаделлалур	2	0
дӏадеша	2	0
дӏадиггалц	2	0
дӏадиира	2	0
дӏадийцийта	2	0
дӏадиллинарг	2	0
дӏадиллира	2	0
дӏадирзира	2	0
дӏадиъна	2	0
дӏадовр	2	0
дӏадоладе	2	0
дӏадолуш	2	0
дӏадохуш	2	0
дӏадохуьйту	2	0
дӏадоькхур	2	0
дӏадоьллира	2	0
дӏадоьллу	2	0
дӏадоьрзур	2	0
дӏадоьшуш	2	0
дӏадуьйр	2	0
дӏадуьйчу	2	0
дӏадуьло	2	0
дӏае	2	0
дӏаели	2	0
дӏаехира	2	0
дӏаехка	2	0
дӏаихира	2	0
дӏайигалора	2	0
дӏайирзира	2	0
дӏайихкина	2	0
дӏайоьллур	2	0
дӏакарчийна	2	0
дӏакхайкхабе	2	0
дӏакхаллархьама	2	0
дӏакхаллийтархьама	2	0
дӏакхетча	2	0
дӏакховдадора	2	0
дӏакховдо	2	0
дӏакхоллийла	2	0
дӏакхоллура	2	0
дӏакхоллурш	2	0
дӏакхочур	2	0
дӏакхоьссира	2	0
дӏакхоьхьу	2	0
дӏакхуссур	2	0
дӏакъастийнарг	2	0
дӏакъастийначух	2	0
дӏакъастийча	2	0
дӏакъастош	2	0
дӏакъаьсташ	2	0
дӏакъаьстича	2	0
дӏакъехка	2	0
дӏакъовла	2	0
дӏалачкъархьама	2	0
дӏалаьцначу	2	0
дӏалаьцначул	2	0
дӏалоллур	2	0
дӏалохкуш	2	0
дӏалохьа	2	0
дӏалун	2	0
дӏасабаржийра	2	0
дӏасабахара	2	0
дӏасабийкъира	2	0
дӏасадаржадо	2	0
дӏасадекъаделира	2	0
дӏасадовдур	2	0
дӏасайоькъур	2	0
дӏасакхийсина	2	0
дӏасакхисса	2	0
дӏасакхоьхьу	2	0
дӏасалелаш	2	0
дӏасалело	2	0
дӏасауьдуш	2	0
дӏасахьаьжча	2	0
дӏасацор	2	0
дӏасаяржайо	2	0
дӏасаяржо	2	0
дӏасаяьржар	2	0
дӏасаяьржира	2	0
дӏасевцира	2	0
дӏатарлур	2	0
дӏате	2	1
дӏатийра	2	0
дӏатийса	2	0
дӏатохар	2	0
дӏатохийтархьама	2	0
дӏатуху	2	0
дӏатуьйр	2	0
дӏахаалаш	2	0
дӏахадийра	2	0
дӏахадор	2	0
дӏахазарна	2	0
дӏахазий	2	0
дӏахазийта	2	0
дӏахаийтина	2	0
дӏахеза	2	0
дӏахецахьа	2	0
дӏахьажийча	2	0
дӏахьакхавала	2	0
дӏахьеде	2	0
дӏахьулбелира	2	0
дӏахьулбина	2	0
дӏахьулдейша	2	0
дӏахьулдора	2	0
дӏахӏитти	2	0
дӏахӏиттийча	2	0
дӏахӏиттинера	2	0
дӏахӏиттича	2	0
дӏахӏоттавехьа	2	0
дӏахӏоттайо	2	0
дӏахӏотталц	2	0
дӏахӏоттахьа	2	0
дӏахӏоттаяйтира	2	0
дӏахӏоттийча	2	0
дӏахӏотточу	2	0
дӏахӏоьттинарг	2	0
дӏаэккхийна	2	0
дӏаэхар	2	0
дӏаэцахьара	2	0
дӏаюьгу	2	0
дӏаязбинера	2	0
дӏаязвина	2	0
дӏаяздан	2	0
дӏаяздора	2	0
дӏаязйира	2	0
дӏаязъечу	2	0
дӏаяккхийтархьама	2	0
дӏаяхийтина	2	0
дӏаяхийтира	2	0
дӏаяхьийтира	2	0
дӏаяьккхи	2	0
дӏаӏанаделаш	2	0
егайо	2	0
егийна	2	0
егор	2	0
езарг	2	0
езачунна	2	0
ейта	2	0
екъачу	2	0
ели	2	0
еллаелла	2	0
емалвар	2	0
емалво	2	0
енай	2	1
ерзаехьа	2	0
еттийтина	2	0
ечуьра	2	0
еччул	2	0
ешира	2	0
ешна	2	0
жайни	2	0
жаннаш	2	0
жаӏуьно	2	0
жерчийн	2	0
жижигна	2	0
жимачунна	2	0
жимо	2	0
жимчохь	2	0
жинех	2	0
жирга	2	1
жиргӏа	2	0
жиргӏанашца	2	0
жовхӏарел	2	0
жоьжахате	2	0
жӏарана	2	0
жӏуга	2	0
забула	2	1
забулхойн	2	0
зайтдаьттан	2	0
закай	2	1
заманара	2	0
замин	2	1
захалонаш	2	0
зебула	2	1
зебулин	2	1
зехьа	2	0
зийначул	2	0
зимарин	2	1
зов	2	0
зудчуьнгара	2	0
зудчуьнгахь	2	0
зуламаша	2	0
зуламхойх	2	0
зуламхоша	2	0
зурбабела	2	1
зурбабеле	2	1
зӏок	2	0
ибалӏам	2	1
ибхьар	2	1
ивцан	2	1
игӏал	2	1
израхь	2	1
израӏалан	2	1
израӏалхойн	2	0
иконехь	2	1
илланча	2	0
иллешна	2	0
инкарло	2	0
иракарахӏиттийра	2	0
иракарахӏитто	2	0
иракарахӏитторхьама	2	0
иракарахӏиттош	2	0
иракарахӏоттийра	2	0
иралла	2	0
ирахӏоттийра	2	0
ирхъоьллина	2	0
ирхъоьллира	2	0
искархочун	2	1
исраиле	2	1
исраилхошний	2	0
ита	2	1
итарна	2	1
итран	2	1
иттшахьар	2	1
ишви	2	1
ишттанаш	2	0
ишттачех	2	0
ишхьин	2	1
йигина	2	0
йигира	2	0
йигна	2	0
йижа	2	0
йийхира	2	0
йийцина	2	0
йилбазмохана	2	0
йилбазмохо	2	0
йилина	2	0
йиллий	2	0
йимлаан	2	1
йиначарна	2	0
йисийтархьама	2	0
йистошкахула	2	0
йистхилира	2	0
йити	2	0
йиттича	2	0
йихкира	2	0
йицъелла	2	0
йишех	2	0
йишина	2	0
йовза	2	0
йовзуьйтур	2	0
йовзуьйтуш	2	0
йовхоно	2	0
йогур	2	0
йогӏийла	2	0
йожийтина	2	0
йойту	2	0
йоккхий	2	0
йоккхург	2	0
йолалур	2	0
йоллу	2	0
йолучу	2	0
йолччуьра	2	0
йохаллина	2	0
йохкур	2	0
йохура	2	0
йоцурш	2	0
йоцчу	2	0
йоьзах	2	0
йоьлча	2	0
йоьхку	2	0
йоьхкуш	2	0
йоӏаршца	2	0
йоӏбӏаьрг	2	0
кагйина	2	0
кагъян	2	0
калабди	2	1
канаӏанхоша	2	0
капира	2	1
каптӏархой	2	0
караво	2	0
карадеанарг	2	0
карайо	2	0
карарчу	2	0
карахула	2	0
карбункул	2	0
карзахбаьллачу	2	0
карзахбаьллачуьра	2	0
карзахдаьккхира	2	0
карзахъяьлла	2	0
карлабаьккхира	2	0
кармин	2	1
кевнашкахула	2	0
кег	2	0
кегдира	2	0
кегйина	2	0
кегйира	2	0
кегъеш	2	0
кедара	2	0
кератхошний	2	0
кераюккъалц	2	0
кераюккъехь	2	0
керташна	2	0
керча	2	0
керчаш	2	0
кехатна	2	0
кечбан	2	0
кечбеш	2	0
кечбинчу	2	0
кечбо	2	0
кечвеллачу	2	0
кечдаран	2	0
кечделла	2	0
кечдинера	2	0
кечдо	2	0
кечйо	2	0
кечлур	2	0
кечъяй	2	0
килабе	2	1
киликера	2	1
кипига	2	1
кипр	2	1
кипре	2	1
кицанашца	2	0
кицанна	2	0
кишмаш	2	0
когах	2	0
кого	2	0
комарш	2	0
корнила	2	1
кошана	2	0
коьртанаш	2	0
коьчалш	2	0
кулло	2	0
кураллица	2	0
куралло	2	0
курачарна	2	0
курачийн	2	0
кушан	2	1
куьйгалхочуьнгара	2	0
куьйгалхочуьнца	2	0
куьйгашкахь	2	0
куьпчичо	2	0
куьцан	2	0
кхабанашна	2	0
кхабар	2	0
кхайкхадейша	2	0
кхайкхайо	2	0
кхайкхамашка	2	0
кхайкхинчул	2	0
кхайкхирий	2	0
кхайкхорна	2	0
кхалха	2	0
кхалхале	2	0
кхардийта	2	0
кхардийтахьа	2	0
кхарза	2	0
кхахӏатах	2	1
кхачаза	2	0
кхачало	2	0
кхачалора	2	0
кхачамбацар	2	0
кхачарна	2	0
кхачийра	2	0
кхачийтина	2	0
кхачийтира	2	0
кхаьллира	2	0
кхаьрга	2	0
кхаьчнийла	2	0
кхевдина	2	0
кхелахочун	2	0
кхелахочунна	2	0
кхелахочуьнга	2	0
кхелаца	2	0
кхераделира	2	0
кхерахь	2	0
кхерчаца	2	0
кхерчашна	2	0
кхетаве	2	0
кхетамо	2	0
кхетарна	2	0
кхетархьама	2	0
кхеташонан	2	0
кхеташонна	2	0
кхеташоно	2	0
кхетийта	2	0
кхетташехь	2	0
кхехьа	2	0
кхечуьнца	2	0
кхиа	2	0
кхиволу	2	0
кхиийнарг	2	0
кхиийта	2	0
кхиира	2	0
кхийдадо	2	0
кхилати	2	1
кхиниг	2	0
кхиръют	2	1
кхиссалуш	2	0
кхиссий	2	0
кхиссийта	2	0
кховдадора	2	0
кхозлагӏчо	2	0
кхойкхурш	2	0
кхолладелла	2	0
кхоллало	2	0
кхоллар	2	0
кхорахье	2	1
кхочушбарх	2	0
кхочушбархьама	2	0
кхочушбира	2	0
кхочушдаран	2	0
кхочушдарна	2	0
кхочушдехьа	2	0
кхочушдинчух	2	0
кхочуьйту	2	0
кхоьллинера	2	0
кхоьллинчуьнца	2	0
кхоьтуьйтуш	2	0
кхузарчу	2	0
кхуллург	2	0
кхуорахь	2	1
кхурин	2	1
кхуьйсуш	2	0
кхуьучу	2	0
кхуьуьйту	2	0
къабциал	2	1
къайлабевр	2	0
къайлавоккхуш	2	0
къайладаккхархьама	2	0
къайладаьккхира	2	0
къайладаьлча	2	0
къайладохур	2	0
къайлаехира	2	0
къайлахчу	2	0
къайлаяьккхира	2	0
къамело	2	0
къанвелла	2	0
къаношца	2	0
къапалгийн	2	0
къапарнамехь	2	1
къарлуш	2	0
къастабай	2	0
къаставо	2	0
къастадора	2	0
къастийта	2	0
къахетар	2	0
къахьделла	2	0
къахьегнарг	2	0
къаьстира	2	0
къаьхкаш	2	0
къаьхьаниг	2	0
къаӏилан	2	1
къекъарх	2	0
къематаца	2	0
къематаш	2	0
къематде	2	0
къепе	2	0
къечара	2	0
къечо	2	0
къиг	2	0
къий	2	0
къийсарш	2	0
къилбаседехьарачу	2	0
къиношка	2	0
къинхьегамца	2	0
къобалбечу	2	0
къобалбеш	2	0
къобалбира	2	0
къобалдар	2	0
къобалдаран	2	1
къобалдаро	2	0
къобалйина	2	0
къовла	2	0
къовлий	2	0
къовлу	2	0
къомаца	2	0
къомера	2	0
къонахошна	2	0
къонахчунна	2	0
къорачарна	2	0
къоьжа	2	0
къуббанашна	2	0
къуй	2	0
къули	2	1
къурешан	2	1
къуьданашна	2	0
къуьйсу	2	0
къуьйсура	2	0
къуьнан	2	0
кӏадло	2	0
кӏажа	2	0
кӏажашкахь	2	0
кӏай	2	0
кӏайделира	2	0
кӏайдийр	2	0
кӏамхӏам	2	1
кӏантал	2	0
кӏаркамиш	2	1
кӏархаш	2	0
кӏелонаш	2	0
кӏелхула	2	0
кӏелхьарбахар	2	0
кӏелхьарбахархьама	2	0
кӏелхьарбевр	2	0
кӏелхьарбовларан	2	0
кӏелхьарбохуш	2	0
кӏелхьарваккхархо	2	1
кӏелхьарваьлларг	2	0
кӏелхьарвоккхучу	2	0
кӏелхьарволу	2	0
кӏелхьардалар	2	0
кӏелхьардаьккхи	2	0
кӏелхьардаьккхира	2	0
кӏелхьардер	2	0
кӏелхьардехи	2	0
кӏелхьардовларе	2	0
кӏелхьардовлархьама	2	0
кӏелхьаръер	2	0
кӏелхьаръяккха	2	0
кӏенах	2	0
кӏиранан	2	0
кӏирнах	2	0
кӏоранах	2	0
кӏоргалла	2	0
кӏоргене	2	0
кӏоршамечу	2	0
кӏуьрах	2	0
лаамо	2	0
лагӏлуш	2	0
ладогӏалахь	2	0
ладогӏархьама	2	0
лаза	2	0
лазарна	2	0
лазор	2	0
лайначу	2	0
лакхаллин	2	0
лакхарца	2	0
лало	2	0
ламанца	2	0
ларарна	2	0
ларбахь	2	0
ларвелахь	2	0
ларделахь	2	0
лардечу	2	0
лардийриг	2	0
ларий	2	0
ларйина	2	0
лартӏехь	2	0
латабо	2	0
латадайтира	2	0
латар	2	0
латоран	2	0
латорхьама	2	0
латтабора	2	0
латтаво	2	0
латтаделахь	2	0
латтадехьа	2	0
латталаш	2	0
латталелорхой	2	0
латтало	2	0
латтанашкахь	2	0
латтархьама	2	0
латтахь	2	0
лахарниг	2	0
лахйийр	2	0
лахлур	2	0
лахьай	2	0
лахьара	2	0
лацархьама	2	0
лачкъийнарг	2	0
лаъалц	2	0
лаьар	2	0
лаьмнашца	2	0
лаьттачаьрга	2	0
лаьттачех	2	0
лаьттачохь	2	0
лаьхьанаш	2	0
лаьхьанийн	2	0
лаьхьарчийн	2	0
лаьцнера	2	0
левеш	2	0
левихочунна	2	0
ледан	2	0
ледарло	2	0
леина	2	1
леккха	2	0
лекъарчий	2	0
лекъна	2	0
лелаво	2	0
леладайта	2	0
леладайтархьама	2	0
лелалур	2	0
леларехь	2	0
лелачара	2	0
лелачохь	2	0
лелачунна	2	0
лелий	2	0
лелийта	2	0
лелийтира	2	0
лелийша	2	0
лелорш	2	0
лелочара	2	0
лелочарах	2	0
лелочунна	2	0
лергех	2	0
леста	2	0
лестор	2	0
летара	2	0
летийначара	2	0
летийначунна	2	0
леточу	2	0
лецархой	2	0
лечкъа	2	0
лечкъаш	2	0
лечкъор	2	0
ливан	2	0
ливанаца	2	0
ливанунах	2	1
ловзабаьллачу	2	0
ловзуш	2	0
ловчкъу	2	0
логах	2	0
локхаллина	2	0
лоллера	2	0
лоттуьйтур	2	0
лоций	2	0
лоьмех	2	0
лоьхий	2	0
лоьхучеран	2	0
лоьхучух	2	0
лоьцур	2	0
лудамхой	2	0
луларчу	2	0
лулахошна	2	0
лунаш	2	0
луо	2	0
лутани	2	1
лутӏе	2	1
луьйчуш	2	0
луьстачу	2	0
магийнера	2	0
магийтинарг	2	0
майраниг	2	0
македонехула	2	1
макхеда	2	1
малалахь	2	0
маларо	2	0
маларца	2	0
малий	2	0
маликашка	2	0
маликашкахула	2	0
малончин	2	1
малхах	2	0
малхбале	2	0
малххий	2	0
малъелла	2	0
мамихана	2	1
манахьан	2	1
манахьат	2	1
маней	2	1
маннашана	2	1
марвешин	2	0
маргӏалдулур	2	0
маргӏалдулуш	2	0
мардахайх	2	1
мардуха	2	1
мармути	2	1
марнана	2	0
марнанас	2	0
марнене	2	0
мархах	2	0
мархашкахь	2	0
мархийн	2	0
маршонца	2	0
масалш	2	0
масарх	2	0
масарш	2	0
матинай	2	1
матит	2	1
матте	2	0
махах	2	0
маххьаш	2	0
махьарца	2	0
махьран	2	1
мац	2	0
мацбелча	2	0
мацвеллера	2	0
маша	2	0
машарх	2	0
маши	2	1
машшийн	2	0
маьӏда	2	0
маьӏнах	2	0
маӏах	2	0
маӏо	2	0
маӏхахойн	2	0
маӏхахочун	2	0
мегий	2	0
меженаша	2	0
меженашна	2	0
меженех	2	0
мейдеба	2	1
мекарлонех	2	0
мелча	2	0
менахьима	2	1
мерарих	2	1
мерӏуьргех	2	0
металш	2	0
меттаматтера	2	0
меттаматтехула	2	0
меттаметтанашкахь	2	0
меттана	2	0
меттанашна	2	0
меттигашкарчу	2	0
меха	2	0
мехалчу	2	0
мехаца	2	0
мецачунна	2	0
мешаӏ	2	1
мибасам	2	1
мигдал	2	1
миза	2	1
мийлира	2	0
милет	2	1
мираба	2	1
мисарна	2	1
мисарх	2	1
мисархойх	2	0
мисархочунна	2	0
мишаал	2	1
мишаале	2	1
мишмаӏ	2	1
мияман	2	1
моггӏара	2	0
могушалла	2	0
могӏаршкахь	2	0
можачу	2	0
мокхазах	2	0
молушший	2	0
морахӏ	2	1
мостагӏчух	2	0
мостагӏчуьнца	2	0
моттара	2	0
мохаца	2	0
моьттур	2	0
моьттучу	2	0
муабих	2	1
муршат	2	1
мусах	2	1
муцин	2	1
муьйлура	2	0
муьлханиг	2	0
набалехь	2	1
набарха	2	0
набутис	2	1
надабан	2	1
наж	2	0
назманашна	2	0
накхойн	2	0
накъосташа	2	0
накъосташка	2	0
наношка	2	0
напталхойн	2	0
нар	2	0
нартолна	2	0
натунаӏил	2	1
натунаӏила	2	1
нахус	2	1
наххий	2	0
нахьашан	2	1
нахьлимхо	2	0
нахьшона	2	1
наӏар	2	1
наӏран	2	1
негӏарца	2	0
нежнаш	2	0
некъахо	2	0
некъахой	2	0
некъо	2	0
нер	2	1
несе	2	0
несо	2	0
нецаре	2	1
неӏсагӏанашна	2	0
неӏсагӏи	2	0
низамехь	2	0
нийсаниг	2	0
нийсоне	2	0
нимра	2	1
нисбелла	2	0
нисвала	2	0
нисве	2	0
нисвелира	2	0
нисдаран	2	0
нисделира	2	0
нисдинера	2	0
нисдира	2	0
нислахь	2	0
нисъеш	2	0
нихано	2	0
ницкъан	2	0
ницкъболчеран	2	0
ницкъболчо	2	1
новкъавелира	2	0
новкъах	2	0
нуй	2	0
нургал	2	1
нускалан	2	0
нускалх	2	0
нуьцкъах	2	0
нуӏматан	2	1
обанна	2	0
овкъарна	2	0
овкъарш	2	0
оганаш	2	0
олахоша	2	0
олхазарна	2	0
омар	2	1
омранийн	2	0
омранна	2	0
омре	2	0
ондалла	2	0
орамех	2	0
орана	2	0
орион	2	1
оручу	2	0
орцах	2	0
оста	2	0
оту	2	0
отуш	2	0
охур	2	0
охьабоьжна	2	0
охьабуьллу	2	0
охьабуьссуш	2	0
охьавоьссича	2	0
охьавужур	2	0
охьадахара	2	0
охьадисса	2	0
охьадогӏучохь	2	0
охьадоладелира	2	0
охьадуьллура	2	0
охьакхаччалц	2	0
охьакхоьссира	2	0
охьакхуьссур	2	0
охьаоьгу	2	0
охьаоьгура	2	0
охьаоьху	2	0
охьатесира	2	0
охьатуьйсура	2	0
охьахаор	2	0
охьахевшинера	2	0
охьахиина	2	0
охьахоу	2	0
охьахьоьжу	2	0
охьаэга	2	0
охьаэгар	2	0
охӏлиаб	2	1
оцунна	2	0
оьгӏаза	2	0
оьгӏазаллах	2	0
оьгӏазаллина	2	0
оьгӏазваханчохь	2	0
оьгӏазечу	2	0
оьгӏазлоно	2	0
оьгӏазъоьхуш	2	0
оьздачу	2	0
оьзча	2	0
оьмаран	2	0
оьший	2	0
оьшучул	2	0
оьшшучу	2	0
пагӏиала	2	1
пайнехьассий	2	1
пайхамарах	2	0
палетхой	2	0
палетхошний	2	0
пали	2	1
палу	2	1
паргӏатбахархьама	2	0
паргӏатдахархьама	2	0
паргӏатдаьхна	2	0
паргӏатдехира	2	0
паргӏатдохур	2	0
паргӏатдохург	2	1
паргӏатонах	2	0
паруцим	2	1
парушхоший	2	0
парушхошка	2	0
патарш	2	0
патипараӏан	2	1
пахӏалах	2	1
пачхьалкхех	2	0
пачхьалкхехула	2	0
паччахьаллех	2	0
паччахьех	2	0
паччахьниг	2	0
паӏар	2	1
пеланхо	2	0
пенашца	2	0
пенехьа	2	0
перезахошна	2	0
пилапан	2	1
пирӏунца	2	0
писухьан	2	1
понти	2	1
пур	2	0
пхеаммо	2	0
пхоьазза	2	0
пхьерана	2	0
пхьерашна	2	0
пхьере	2	0
пӏарӏатунхо	2	0
пӏелаштамхочо	2	0
пӏелаштамхошка	2	0
раабана	2	1
раабанхоша	2	0
раабанхошна	2	0
рамехь	2	1
рами	2	1
рахбий	2	1
рахбихойн	2	0
рахьим	2	1
рахӏаб	2	1
рашхьатайман	2	1
регӏал	2	1
резахилар	2	0
резахилийта	2	0
резацахилар	2	0
репахой	2	0
репахойх	2	0
речӏано	2	0
ризун	2	1
римунан	2	1
рицанан	2	1
рицпата	2	1
рои	2	0
рухьама	2	1
руӏман	2	1
сагатдора	2	0
садаӏаран	2	0
садаӏийта	2	0
садолчу	2	0
сажа	2	0
сайл	2	0
салам	2	0
салис	2	1
салуъ	2	1
самавалахьа	2	0
самаваьккхина	2	0
самах	2	0
самла	2	1
самукъаделира	2	0
самукъадолура	2	0
самукъанечу	2	0
сапар	2	1
саратна	2	1
сардис	2	0
сатийсарна	2	0
сатоссуш	2	0
сатосуш	2	0
сахилале	2	0
сахьтана	2	0
сацадо	2	0
сацалахь	2	0
сацамна	2	0
сацамца	2	0
сацийнарг	2	0
сацийнера	2	0
сацориг	2	0
саьрмикна	2	0
севцича	2	0
седарчашна	2	0
семанаш	2	0
сенаш	2	0
сенделла	2	0
серлабоккху	2	0
серладуьйлуш	2	0
серлаяккхийта	2	0
серлоно	2	0
сеттина	2	0
сецнера	2	0
сецо	2	0
сецош	2	0
сеӏиран	2	1
сибма	2	1
сидим	2	1
сийдийр	2	0
сийсазбина	2	0
сийсазвоккху	2	0
сийсаздан	2	0
сийсазйохур	2	0
сийсазъяьккхира	2	0
сингаттамо	2	0
синкъераман	2	0
синошна	2	0
синтемца	2	0
сихъелла	2	0
совбевллачу	2	0
совгӏатех	2	0
совдахий	2	0
совдаьлларг	2	0
совдевр	2	0
совдер	2	0
совций	2	0
совцо	2	0
сонталле	2	0
сонтачара	2	0
сонтачеран	2	0
соьгахьара	2	0
соьцуш	2	0
стагехь	2	0
стамлур	2	0
стараца	2	0
стеро	2	0
стерчашца	2	0
стечу	2	0
стигалал	2	0
стим	2	0
стоьлаш	2	0
стундега	2	0
стуннана	2	0
суйнаш	2	0
сунтван	2	0
сунтвира	2	0
сунтдан	2	0
сунтдар	2	0
сурсаташна	2	0
суьйренга	2	0
суьпалла	2	0
суьпачу	2	0
суьрта	2	0
суьрташна	2	0
суьрташца	2	0
схьааьлла	2	0
схьабаьккхира	2	0
схьабаьлла	2	0
схьабевлира	2	0
схьабиллина	2	0
схьабиллича	2	0
схьаболучу	2	0
схьабоху	2	0
схьавалавайта	2	0
схьаваьккхина	2	0
схьавелира	2	0
схьавер	2	0
схьагайтина	2	0
схьагулбайтира	2	0
схьагулделла	2	0
схьагуш	2	0
схьадархьама	2	0
схьадаьккхича	2	0
схьадаьллера	2	0
схьадаьхкинчу	2	1
схьадаьхкича	2	0
схьадеанера	2	0
схьадевр	2	0
схьадехира	2	0
схьадийхира	2	0
схьадиллича	2	0
схьадовлу	2	0
схьайолучу	2	0
схьакарийча	2	0
схьакхайкхахьа	2	0
схьакхайкхийша	2	0
схьакхайкхинера	2	0
схьакхачале	2	0
схьакхойкху	2	0
схьалаьцначу	2	0
схьалоцу	2	0
схьаоьхур	2	0
схьахаьржира	2	0
схьахезна	2	0
схьахеца	2	0
схьахьаькхначу	2	0
схьахьоькхуш	2	0
схьаэцаран	2	0
схьаэцнарг	2	0
схьаэцначух	2	0
схьаэцнера	2	0
схьаэцча	2	0
схьаяккхалур	2	0
схьаян	2	0
схьаяьлларг	2	0
табурна	2	1
тавита	2	1
тайнарш	2	0
тайнера	2	0
тайтира	2	0
такхархьама	2	0
такхоӏхо	2	0
таллам	2	0
таллар	2	0
талорхойх	2	0
талорхоша	2	0
талхабо	2	0
талхайо	2	0
талхар	2	0
тамарехь	2	1
тамарина	2	1
тамариск	2	0
тамнат	2	1
тамне	2	1
тардина	2	0
тарлойла	2	0
тароне	2	0
тарраша	2	0
таррашций	2	0
таррех	2	0
тархан	2	0
тархе	2	0
тархийн	2	0
тархо	2	1
таршашан	2	1
тасаболуьйтуш	2	0
татолех	2	0
таттахьа	2	0
таьжнашна	2	0
таьллангана	2	0
таьллангах	2	0
таӏзарна	2	0
таӏзарца	2	0
таӏош	2	0
тевжина	2	0
тевна	2	0
тезет	2	0
текха	2	0
телхаш	2	0
терхеш	2	0
техкинчу	2	0
тешаменаш	2	0
тешарг	2	0
тешачеран	2	0
тешашна	2	0
тешнабехке	2	0
тешначунна	2	0
тешнера	2	0
тийжарш	2	0
тийналла	2	0
тийналлехь	2	0
тикхавин	2	1
тиладеллачу	2	0
тиллинера	2	0
тиллинчу	2	0
тимапига	2	1
тихӏак	2	1
тиш	2	0
тиша	2	0
ткъайоьсналгӏа	2	0
ткъесан	2	0
товала	2	0
товалар	2	0
товаларан	2	0
тогӏарма	2	1
тогӏешка	2	0
тогӏешкара	2	0
тоеш	2	0
токхуш	2	0
тола	2	0
толлура	2	0
тосий	2	0
тосучо	2	0
тоттура	2	0
тохалур	2	0
тохархьама	2	0
тохийта	2	0
тоьу	2	0
тоьур	2	0
тоьхнехь	2	0
тоьшаллех	2	0
тоян	2	0
трахӏим	2	1
тукхамах	2	0
тукхамаша	2	0
тукхамашкахь	2	0
тулгӏенашка	2	0
туо	2	0
тупалан	2	1
туррий	2	0
тутмакхийн	2	0
тухий	2	0
тухура	2	0
туьдур	2	0
туьйранаш	2	0
туьта	2	0
тхайгара	2	0
тхайнаш	2	0
тхайца	2	0
тхино	2	0
тховх	2	0
тхьабара	2	1
тхьада	2	1
тӏаьххьарлераниг	2	1
тӏаьхьаваьллачуьра	2	0
тӏаьхьадовлий	2	0
тӏаьхьало	2	0
тӏаьхьахӏиттинчуьра	2	0
тӏебаийтина	2	0
тӏебаьхкича	2	0
тӏеберза	2	0
тӏебилла	2	0
тӏебирзина	2	0
тӏебирзира	2	0
тӏевалаво	2	0
тӏевахча	2	0
тӏевига	2	0
тӏевогӏург	2	0
тӏевоьду	2	0
тӏегӏанашна	2	0
тӏегӏертар	2	0
тӏедаларан	2	0
тӏедахка	2	0
тӏедахкийта	2	0
тӏедехкинчаьрга	2	0
тӏедиллинчух	2	0
тӏедиллинчуьнца	2	0
тӏедожорш	2	0
тӏедожоршка	2	0
тӏедоуьйту	2	0
тӏедоуьйтучу	2	0
тӏедохкуш	2	0
тӏедоьдура	2	0
тӏедоьлху	2	0
тӏедуьйхина	2	0
тӏееанчу	2	0
тӏейижна	2	0
тӏекхайкхинчу	2	0
тӏекхайкхича	2	0
тӏекхаьчнийла	2	0
тӏекхийтира	2	0
тӏекхоьллина	2	0
тӏелаьцнарш	2	0
тӏелоцур	2	0
тӏелур	2	0
тӏелхигаш	2	0
тӏемалочух	2	0
тӏемашкахь	2	0
тӏемех	2	0
тӏеозийна	2	0
тӏеоьшуш	2	0
тӏергаца	2	0
тӏетайра	2	0
тӏетовжар	2	0
тӏетовжийла	2	0
тӏетуху	2	0
тӏехвер	2	0
тӏехдукха	2	0
тӏехдуьйлуш	2	0
тӏехиира	2	0
тӏехийцира	2	0
тӏехьажийна	2	0
тӏехьаькхна	2	0
тӏехӏиттийна	2	0
тӏехӏоьттинарг	2	0
тӏехӏоьттинчу	2	0
тӏечӏегӏира	2	0
тӏеэцахьа	2	0
тӏеэцнарг	2	0
тӏорказца	2	0
тӏоьрмага	2	0
тӏулгаца	2	0
тӏулге	2	0
угӏуш	2	0
уллорачаьрга	2	0
уллорачух	2	0
уллуш	2	0
урамашка	2	0
урамашкара	2	0
урамнекъашкахула	2	0
уриал	2	1
ухӏулат	2	1
ухӏулатна	2	1
ухӏулибатна	2	1
уьстагӏаша	2	0
хаалур	2	0
хаамашка	2	0
хаамийн	2	0
хаамо	2	0
хаамча	2	0
хабарех	2	0
хададой	2	0
хаддора	2	0
хадийра	2	0
хадорца	2	0
хазаллех	2	0
хазаллин	2	0
хазархьама	2	0
хазахетарг	2	0
хазахеттера	2	0
хаий	2	0
халахийтира	2	0
халин	2	1
халонашкахь	2	0
халха	2	0
хама	2	0
ханнех	2	0
харцделанех	2	0
харцжинаша	2	1
харцнекъа	2	0
харцнекъаш	2	0
харцонах	2	0
харцонашка	2	0
харцхьехамчаш	2	0
хастийна	2	0
хаттаршца	2	0
хахкаделла	2	0
хашадхошкахьа	2	0
хаьржинчеран	2	0
хевшича	2	0
хедадо	2	0
хезий	2	0
хезначара	2	0
хезначул	2	0
хезначунна	2	0
херхашца	2	0
хеста	2	0
хетарх	2	0
хетийта	2	0
хеттара	2	0
хетча	2	0
хеца	2	0
хийисте	2	0
хийистехь	2	0
хийх	2	0
хийцаелира	2	0
хийцам	2	0
хийцамаш	2	0
хиларехула	2	0
хиларехь	2	0
хилийталахь	2	0
хилийтинарг	2	0
хиллачаьрца	2	0
хиндолчун	2	0
хинкеманашца	2	0
хитӏедалар	2	0
хичаш	2	0
ховшийра	2	0
ховшор	2	0
холмачаллин	2	0
хоржура	2	0
хорха	2	0
хорханаш	2	0
худург	2	0
хуучух	2	0
хуьйцучеран	2	0
хьабула	2	1
хьабур	2	1
хьава	2	1
хьавас	2	1
хьагайс	2	1
хьагатан	2	1
хьагбеллачу	2	0
хьаги	2	1
хьаглур	2	0
хьагӏла	2	1
хьадидан	2	1
хьажжий	2	0
хьажийначу	2	0
хьажийта	2	0
хьажо	2	0
хьажош	2	0
хьазиалан	2	1
хьазиална	2	1
хьазиалца	2	1
хьаилан	2	1
хьакхаделларг	2	0
хьакхаза	2	0
хьакхалолаш	2	0
хьакхарчий	2	0
хьалаайинчохь	2	0
хьалабевлира	2	0
хьалабевр	2	0
хьалабоккхур	2	0
хьалаболу	2	0
хьалаболуш	2	0
хьалаволийла	2	0
хьалагӏатталур	2	0
хьалагӏевттича	2	0
хьалагӏоттур	2	0
хьаладевр	2	0
хьаладелира	2	0
хьаладолура	2	0
хьалайоккхур	2	0
хьалайолу	2	0
хьалайолучу	2	0
хьалайолуш	2	0
хьалакхиъна	2	0
хьалаоьхуш	2	0
хьалахь	2	1
хьалхавер	2	0
хьалхадаьккхина	2	0
хьалхалернаш	2	0
хьалхалерниг	2	0
хьалхарчо	2	1
хьалхахула	2	0
хьалхаяьлла	2	0
хьамутал	2	1
хьанунис	2	1
хьапний	2	1
хьарамдерг	2	0
хьарамлонаш	2	0
хьарамниг	2	0
хьарибехь	2	1
хьарми	2	1
хьарча	2	0
хьаршат	2	1
хьахарш	2	0
хьахила	2	1
хьацоран	2	1
хьашуби	2	1
хьашуман	2	1
хьаьжначу	2	0
хьаьжнашна	2	0
хьаькамалла	2	0
хьаьрчина	2	0
хьаьттара	2	0
хьаьттарехь	2	0
хьебаран	2	1
хьегалахь	2	0
хьекхош	2	0
хьекъалан	2	0
хьекъалча	2	0
хьекъалчашна	2	0
хьелий	2	0
хьелкхат	2	1
хьераваьллачо	2	0
хьерчийна	2	0
хьесапехь	2	0
хьетахошкара	2	0
хьехан	2	0
хьехашна	2	0
хьехначух	2	0
хьешан	2	0
хьиала	2	1
хьийзар	2	0
хьийзара	2	0
хьийкхира	2	0
хьийшира	2	0
хьира	2	1
хьираман	2	1
хьовсурш	2	0
хьовсучара	2	0
хьовсуш	2	0
хьогӏах	2	0
хьоза	2	1
хьокханашций	2	0
хьокхура	2	0
хьокхуьйтур	2	0
хьокъехь	2	0
хьола	2	0
хьолахочо	2	0
хьолахоша	2	0
хьолахь	2	0
хьоло	2	0
хьорзамаш	2	0
хьорихойн	2	0
хьоронайм	2	1
хьорша	2	1
хьостамашца	2	0
хьостур	2	0
хьошалгӏахь	2	0
хьоьгучунна	2	0
хьоьжурш	2	0
хьоьхучу	2	0
хьулдина	2	0
хьулдинарг	2	0
хьулйина	2	0
хьулон	2	1
хьумар	2	0
хьушим	2	1
хӏаваэ	2	0
хӏаваэра	2	0
хӏагирхой	2	0
хӏадада	2	1
хӏададна	2	1
хӏайдарам	2	1
хӏайманна	2	1
хӏаллакбар	2	0
хӏаллакбен	2	0
хӏаллакбинчу	2	0
хӏаллаквархьама	2	0
хӏаллакве	2	0
хӏаллакдинера	2	0
хӏаллакйо	2	0
хӏаллакйора	2	0
хӏаллакьхилийтархьама	2	0
хӏаллакьхиллалц	2	0
хӏаллакьхиллера	2	0
хӏаллакьхилча	2	0
хӏаллакьярхьама	2	0
хӏаманца	2	1
хӏаронан	2	1
хӏахьират	2	1
хӏигайн	2	1
хӏинаӏ	2	1
хӏине	2	1
хӏиттабехьа	2	0
хӏиттабора	2	0
хӏиттадо	2	0
хӏиттайо	2	0
хӏокхара	2	0
хӏокхунна	2	0
хӏоно	2	0
хӏоралла	2	0
хӏордкеманан	2	0
хӏоттадора	2	0
хӏоттайо	2	0
хӏотталц	2	0
хӏоттаяхь	2	0
хӏотторгаш	2	0
хӏоьтти	2	0
хӏусамна	2	0
хӏушаӏана	2	1
хӏушаӏе	2	1
хӏуьнах	2	0
цадар	2	0
цадашарца	2	0
цакхелагӏахь	2	1
цалелар	2	0
цалмун	2	1
цамгарийн	2	0
цатешарна	2	0
цепа	2	1
цестина	2	0
цецвелира	2	0
цийоно	2	1
цистира	2	0
цомгушчарна	2	0
цомгушчун	2	0
цоьсту	2	0
цоьстуш	2	0
цуьргаш	2	0
цхьадолчу	2	0
цхьаьнадогӏуш	2	0
цхьаьнакхийтира	2	0
цхьаьнатесна	2	0
цхьаьнгахь	2	0
цхьаьнгга	2	0
цхьаьнггахь	2	0
цхьогал	2	0
цӏаданарчу	2	1
цӏаданхой	2	0
цӏаданхоша	2	0
цӏандечу	2	0
цӏанъяран	2	0
цӏаре	2	0
цӏартан	2	1
цӏастанца	2	0
цӏеналла	2	0
цӏентӏера	2	0
цӏерачарна	2	0
цӏестах	2	0
цӏибӏон	2	1
цӏиййиначу	2	0
цӏийлахь	2	0
цӏийш	2	0
цӏинваларан	2	0
цӏоганехь	2	0
цӏоканаш	2	0
цӏохьар	2	1
цӏун	2	0
чагӏарал	2	0
чагӏарца	2	0
чаккхенехь	2	0
чаккхенна	2	0
чалбанаш	2	0
чангӏалкхаша	2	0
чархаш	2	0
чархех	2	0
чекхбевлира	2	0
чекхбелира	2	0
чекхваккхар	2	0
чекхваккхийта	2	0
чекхваьккхира	2	0
чекхваьлча	2	0
чекхволийла	2	0
чекхволучу	2	0
чекхдаккхалц	2	0
чекхдахар	2	0
чекхдаьхна	2	0
чекхдевр	2	0
чекхдовлуш	2	0
чекхдолу	2	0
чекхдолучу	2	0
чекхйоккхур	2	0
чекхъяла	2	0
чекхъялале	2	0
чен	2	0
чено	2	0
четара	2	0
четарх	2	0
четаршка	2	0
чкъургана	2	0
чкъургашна	2	0
чкъургийн	2	0
чопа	2	0
чорха	2	0
чоьн	2	0
чоьхьара	2	0
чубахара	2	0
чубаьхкинчу	2	0
чубогӏучу	2	0
чубуззалц	2	0
чуван	2	0
чуваха	2	0
чуваьлларг	2	0
чуваьлча	2	0
чувеача	2	0
чувогӏур	2	0
чувогӏуш	2	0
чуволийла	2	0
чуволла	2	0
чуволучохь	2	0
чувоьдуш	2	0
чудерзийна	2	0
чудилла	2	0
чукхосса	2	0
чукхоьссина	2	0
чухчарин	2	0
чухьаьжначу	2	0
чухӏитто	2	0
чӏаба	2	0
чӏагарх	2	0
чӏагӏбархьама	2	0
чӏагӏбо	2	0
чӏагӏвелира	2	0
чӏагӏвийр	2	0
чӏагӏдар	2	0
чӏагӏделира	2	0
чӏагӏдехьа	2	0
чӏагӏдинарг	2	0
чӏагӏлолаш	2	0
чӏагӏонашна	2	0
чӏагӏонийн	2	0
чӏагӏоно	2	0
чӏагӏъе	2	0
чӏерийлецархоша	2	0
чӏогӏалла	2	0
чӏоь	2	0
чӏоьнашна	2	0
чӏурам	2	0
шабаӏера	2	1
шабитай	2	1
шагделла	2	0
шад	2	0
шайтӏано	2	0
шалавинарг	2	1
шалтаал	2	1
шалхонча	2	0
шамай	2	1
шамайн	2	1
шамаше	2	1
шамашерачу	2	1
шамаӏа	2	1
шамаӏан	2	1
шамаӏис	2	1
шамир	2	1
шамирамути	2	1
шамранхо	2	0
шамранхой	2	0
шамранхойн	2	0
шамъалах	2	1
шамъалца	2	1
шапанис	2	1
шаршух	2	0
шатӏин	2	1
шач	2	0
шаштас	2	1
шаьшшиннан	2	0
шаӏрайм	2	1
шебаӏа	2	1
шебаӏана	2	1
шелумиала	2	1
шемаӏ	2	1
шениг	2	0
шехемара	2	1
шехемехь	2	1
шехемна	2	1
шилон	2	1
шилунера	2	1
шимрон	2	1
шинне	2	0
шодмаш	2	0
шолгӏачо	2	1
шорлуш	2	0
шубалин	2	1
шубиал	2	1
шушакх	2	1
шуьйтталгӏа	2	0
шуьн	2	0
эбина	2	0
эвлаяашна	2	0
эгначу	2	0
эгӏазаллаш	2	0
эдинарг	2	0
эдинчу	2	0
эдомера	2	1
эймимахой	2	0
эккха	2	0
эккхае	2	0
экхане	2	0
экъанна	2	0
элал	2	1
элашца	2	0
элидаӏ	2	1
элим	2	1
элисата	2	1
элицура	2	1
элиӏасан	2	1
элша	2	1
элъясайп	2	1
элъясайпа	2	1
эмкалан	2	0
эпарпис	2	1
эпасера	2	1
эпраймхо	2	0
эпратин	2	1
эпсар	2	0
эрзах	2	0
эрзашкахь	2	0
эрзе	2	0
эсалалла	2	0
эсар	2	1
эскархошна	2	0
этан	2	1
эханган	2	0
эхийта	2	0
эцалур	2	0
эцара	2	1
эццара	2	0
эшадо	2	0
эшаршна	2	0
эшийча	2	0
южур	2	0
юзорхьама	2	0
юзу	2	0
юкъавогӏуш	2	0
юнусал	2	1
юстийна	2	0
юстуш	2	0
юсупах	2	1
юушший	2	0
юхабевлча	2	0
юхабирзинарш	2	0
юхабирзинчара	2	0
юхавалийра	2	0
юхаверзахьа	2	0
юхавирзинчул	2	0
юхадеара	2	0
юхаделира	2	0
юхадерзадехьа	2	0
юхадерзахьа	2	1
юхадерзорхьама	2	0
юхадоьрзура	2	0
юхадоьрзуш	2	0
юхадуьйла	2	0
юхаерзор	2	0
юхало	2	0
юхаметтахӏоттаде	2	0
юхаметтахӏоттийнарг	2	0
юхаметтахӏоттийча	2	0
юхаметтахӏоттош	2	0
юхаоьцуш	2	0
юххехьа	2	0
юшаян	2	1
юшаӏаца	2	1
юшаӏна	2	1
юьзначу	2	0
юьйжира	2	0
юьйр	2	0
юьйцинчу	2	0
юьртана	2	0
юьттучу	2	0
юьхьанцара	2	0
яале	2	0
ягаяйтира	2	0
ягийначу	2	0
ядутуне	2	1
яжош	2	0
яз	2	0
яздай	2	0
яздархо	2	0
яздархочун	2	0
язъе	2	0
яий	2	0
яийтина	2	0
яира	2	1
яйначу	2	0
якхешан	2	1
якъор	2	0
яларе	2	0
яларна	2	0
ялгӏу	2	0
ялийтина	2	0
ялоза	2	0
ялора	2	0
ялочу	2	0
ялтина	2	0
ялтица	2	0
ялто	2	0
ялхошкара	2	0
ялхошкахула	2	0
яманхойх	2	0
ямартлонах	2	0
ямартхо	2	0
яор	2	0
ярби	2	1
ярбин	2	1
ярмут	2	1
ярташкахула	2	0
ярушалаймхойн	2	0
яхина	2	1
яхкий	2	0
яххана	2	0
яхча	2	0
яхъялийтархьама	2	0
яхьиалан	2	1
яхьийта	2	0
яхӏува	2	1
яхӏудах	2	1
яхӏуде	2	1
яхӏудхо	2	0
яхӏунатий	2	1
яхӏунатиний	2	1
яшбаӏам	2	1
яшимут	2	1
яьккхинера	2	0
яьккхича	2	0
яьллачул	2	0
яьхкина	2	0
яӏабац	2	1
яӏал	2	1
яӏала	2	1
яӏалан	2	1
яӏиала	2	1
яӏиалан	2	1
ӏаба	2	1
ӏабдин	2	1
ӏагӏлат	2	1
ӏадатийн	2	1
ӏадийнехь	2	1
ӏазгӏадин	2	1
ӏазубат	2	1
ӏакхешан	2	1
ӏакхубин	2	1
ӏалашбе	2	1
ӏалашбо	2	1
ӏалашвехьа	2	1
ӏалашвийр	2	1
ӏалашдар	2	1
ӏалашдора	2	1
ӏалашйийраш	2	1
ӏалашъеш	2	1
ӏалмун	2	1
ӏамабо	2	1
ӏамадо	2	1
ӏамалур	2	1
ӏамалъярх	2	1
ӏамар	2	1
ӏамархьама	2	1
ӏамасаига	2	1
ӏаморера	2	1
ӏамос	2	1
ӏамоса	2	1
ӏанан	2	1
ӏанна	2	1
ӏаннаш	2	1
ӏаноран	2	1
ӏанорхьама	2	1
ӏаржделла	2	1
ӏарна	2	1
ӏаруӏерахь	2	1
ӏаршна	2	1
ӏасанах	2	1
ӏацам	2	1
ӏачул	2	1
ӏаштартана	2	1
ӏаьмнаш	2	1
ӏаьмнашна	2	1
ӏаьнаро	2	1
ӏаьрбихо	2	1
ӏаьрбихой	2	1
ӏаюн	2	1
ӏебира	2	1
ӏева	2	1
ӏедалца	2	1
ӏезарахьахо	2	1
ӏезарна	2	1
ӏезарца	2	1
ӏей	2	1
ӏейламхой	2	1
ӏейнан	2	1
ӏенар	2	1
ӏенор	2	1
ӏер	2	1
ӏесаллех	2	1
ӏесаллина	2	1
ӏесалло	2	1
ӏеттораш	2	1
ӏехабо	2	1
ӏехийра	2	1
ӏехорна	2	1
ӏиду	2	1
ӏий	2	1
ӏиллинчу	2	1
ӏимануал	2	1
ӏинах	2	1
ӏиндагӏаш	2	1
ӏиндагӏо	2	1
ӏиттахь	2	1
ӏовгӏина	2	1
ӏоврех	2	1
ӏожан	2	1
ӏора	2	1
ӏораб	2	1
ӏумарис	2	1
ӏуьйренна	2	1
ӏуьнна	2	1
ӏуьргахула	2	1
абадехь	1	0
абани	1	1
абел	1	1
абиталис	1	1
абуал	1	1
абуалан	1	1
абумаил	1	1
абушайгий	1	1
абушаламал	1	1
аванна	1	1
авдани	1	1
авидаӏ	1	1
агав	1	1
агат	1	0
агӏонашкара	1	0
агӏонга	1	0
агӏонгахьа	1	0
агӏора	1	0
агӏордаьккхина	1	0
агӏорхьа	1	0
адбаал	1	1
адданан	1	1
адданана	1	1
адуммим	1	1
азал	1	1
аист	1	0
айаделлачу	1	0
айалур	1	0
айде	1	0
айдийр	1	0
айи	1	0
айинийла	1	0
айрашца	1	0
акхарошний	1	0
акхарошца	1	0
акъарехь	1	0
акъарешкахь	1	0
алалуш	1	0
аларан	1	0
алмадад	1	1
алсамбуьйлу	1	0
алсамдалийта	1	0
алсамдалийтархьама	1	0
алсамдаьккхина	1	0
алсамдаьккхира	1	0
алсамдаьхча	1	0
алсамделира	1	0
алсамдоккхийла	1	0
алсамдоху	1	0
алсамдуьйлуш	1	0
алссамчу	1	0
алхашна	1	0
амалх	1	0
амалшка	1	0
амана	1	1
аматин	1	1
амина	1	1
аминна	1	1
амир	1	1
амнанан	1	1
амнане	1	1
амцин	1	1
анисапаран	1	1
апаран	1	1
арабаьккхина	1	0
арабаьккхинчу	1	0
арабаьхнарг	1	0
арабевллачул	1	0
арабийла	1	0
арабовлу	1	0
араболуш	1	0
арабуьйлу	1	0
арабуьйлура	1	0
аравалахь	1	0
араваллалц	1	0
араваьллачу	1	0
араваьллачул	1	0
арадаьккхинера	1	0
арадаьккхичхьана	1	0
арадаьллачул	1	0
арадевлира	1	0
арадевр	1	0
арадер	1	0
арадовллалц	1	0
арадоккхур	1	0
арадолучо	1	0
арадохур	1	0
араехира	1	0
араиккхина	1	0
арайовлу	1	0
аракхуссур	1	0
аракхуьссур	1	0
арамхошка	1	0
арани	1	1
арахеца	1	0
арахьахула	1	0
араяккха	1	0
араяьлла	1	0
арвадихой	1	0
арди	1	1
аренал	1	0
аренаша	1	0
арене	1	0
аренехула	1	0
арехьа	1	0
ариале	1	1
арихана	1	1
ариханна	1	1
аркъал	1	0
артдина	1	0
асиара	1	1
асната	1	1
асс	1	1
астагӏниг	1	0
астагӏчунна	1	0
аталаш	1	0
аталур	1	0
атам	1	1
атари	1	1
ахаера	1	1
ахзама	1	0
ахзиб	1	1
ахтайпанах	1	0
ахтоба	1	0
ахтукхам	1	0
ахчанал	1	0
ахчанца	1	0
ахьазе	1	1
ахьиам	1	1
ахьикхам	1	1
ахьикхамина	1	1
ахьиман	1	1
ахьиманан	1	1
ахьимаӏацций	1	1
ахьираӏ	1	1
ахьнуӏмата	1	1
ахьъюй	1	1
ахьъяхӏуд	1	1
ахӏад	1	1
ахӏаронах	1	1
ацал	1	1
ачо	1	0
ашбели	1	1
ашдодхой	1	0
ашерин	1	1
ашихьур	1	1
ашкиназ	1	1
ашна	1	1
ашпеназе	1	1
ашурхойх	1	0
аьзнашка	1	0
аьллачо	1	0
аьллачуьнгахула	1	0
аьллехьара	1	0
аьн	1	0
аьрхаллина	1	0
аьшкалш	1	0
аяхӏу	1	1
баарца	1	0
бавелхой	1	0
багабе	1	0
багабелаш	1	0
багарбаран	1	0
багӏахь	1	0
бажош	1	0
базарш	1	0
базбе	1	0
базбийр	1	0
баийтархьама	1	0
байий	1	0
байиначарал	1	0
байинера	1	0
байракхашца	1	0
байтлахаман	1	1
байтлахамехь	1	1
байъийта	1	0
байъиначеран	1	0
баккхаре	1	0
баккхархьама	1	0
баккхийтарна	1	0
баккхийтахьа	1	0
баккхийтинера	1	0
баккхийчарна	1	0
баккхийчеран	1	0
баккъашна	1	0
бакхбукъ	1	1
бакхбукъан	1	1
бакъахьарачу	1	0
бакъбехьа	1	0
бакъбеш	1	0
бакъбийр	1	0
бакъвинарг	1	0
бакъдарх	1	0
бакъдархьама	1	0
бакъдеш	1	0
бакъдо	1	0
бакъдоцучух	1	0
бакъйолчу	1	0
бакъонах	1	0
бакъонехь	1	1
бакъонийн	1	0
бакъхила	1	0
бакъхилийтархьама	1	0
бакъхилла	1	0
балабелаш	1	0
балакхана	1	1
балале	1	0
баланан	1	0
баланаша	1	0
баланашка	1	0
балдех	1	0
бале	1	0
балий	1	0
балийнарг	1	0
балийнарш	1	0
балийначеран	1	0
балийнера	1	0
балийча	1	0
баллара	1	0
балорна	1	0
балхара	1	0
балхаца	1	0
балхо	1	0
балхьатан	1	1
балхьатца	1	1
баракхца	1	1
барамах	1	0
барамаш	1	0
барамашца	1	0
барамна	1	0
барахиалан	1	1
баред	1	1
баржийна	1	0
барзакъ	1	0
барзалайс	1	1
барзо	1	0
баркаллица	1	0
баркусин	1	1
барнаьӏа	1	1
барнаьӏе	1	1
барта	1	0
бартаца	1	0
бартхошна	1	0
бархи	1	1
басарш	1	0
басе	1	0
бассийначу	1	0
бахаман	1	0
баханера	1	0
баханчарна	1	0
баханчохь	1	0
бахача	1	0
бахийтинчара	1	0
бахийтича	1	0
бахийча	1	0
бахкийтарх	1	0
бахкийтинера	1	0
бахкийтинчу	1	0
бахккара	1	0
бахкор	1	0
бахри	1	1
бахрин	1	1
бахтар	1	0
баххалц	1	0
баххашна	1	0
баххьашна	1	0
бахьанашца	1	0
бахьийтинчу	1	0
бахьруме	1	1
бацабойла	1	0
бацийначу	1	0
башанера	1	1
башанерачу	1	1
башош	1	0
баьккхинарш	1	0
баьккхинера	1	0
баьрзнел	1	0
баьссачу	1	0
баьхкинчара	1	0
баьхкинчаьрга	1	0
баьхнарш	1	0
баьхнера	1	0
баьхьа	1	0
баьӏаш	1	0
баӏана	1	1
баӏас	1	1
беарин	1	1
бевдча	1	0
бевзачу	1	0
бегабо	1	0
бегабора	1	0
бегаш	1	0
бегийна	1	0
бедадан	1	1
бедан	1	1
бедда	1	0
бедо	1	0
бежанашца	1	0
бежано	1	0
безалаш	1	0
безарг	1	0
безаргаша	1	0
безаршна	1	0
безачарна	1	0
безза	1	0
безий	1	0
безийла	1	0
бей	1	0
бекхамаш	1	0
бекъалучу	1	0
бекъий	1	0
белаца	1	0
белхалочо	1	0
белхалочун	1	0
белхалочуьнга	1	0
белхарийн	1	0
белхаро	1	0
белхашна	1	0
белше	1	0
бенна	1	0
бенъяхӏуга	1	1
бераллехь	1	0
берашний	1	0
беречо	1	0
берзабо	1	0
берзалойн	1	0
берзийра	1	0
берзийтина	1	0
берстинчу	1	0
бертиг	1	0
берхӏитталгӏачу	1	0
бесайн	1	1
бестара	1	0
бетана	1	0
бето	1	0
бетталуш	1	0
беттарг	1	0
беттасин	1	0
беттина	1	0
бехачара	1	0
бехвелла	1	0
бехвеш	1	0
бехдалаза	1	0
бехдеш	1	0
бехдо	1	0
бехйира	1	0
бехказавала	1	0
бехказавалархьама	1	0
бехказавоккхур	1	0
бехказаволийла	1	0
бехках	1	0
бехкечу	1	0
бехначу	1	0
бехча	1	0
бехь	1	0
бецайн	1	1
бецах	1	0
бецашна	1	0
бецашца	1	0
бечара	1	0
бешахула	1	0
бешира	1	0
бешна	1	0
беӏалт	1	1
бигнарш	1	0
бигначу	1	0
биинчу	1	0
бийкъира	1	0
бийцина	1	0
билахь	1	0
билгалваьккхина	1	0
билгалваьккхинарг	1	0
билгалваьккхира	1	0
билгалдаккха	1	0
билгалделира	1	0
билгалдоккхуш	1	0
билгалонашка	1	0
билгалонийн	1	0
билгалъяккха	1	0
билгалъяккхалур	1	0
билгалъяккхархьама	1	0
билггалчу	1	0
билгин	1	1
биллича	1	0
билхира	1	0
билшан	1	1
бинчун	1	0
бинчуьра	1	0
бинӏа	1	1
бирдолаг	1	0
бирий	1	0
бисарна	1	0
бисахь	1	0
бисинчех	1	0
бисначара	1	0
биснера	1	0
биссира	1	0
битхьуни	1	1
бихкинехь	1	0
бицбина	1	0
бицлур	1	0
бовдий	1	0
бовду	1	0
бовзийтархьама	1	0
бовзийтахьа	1	0
бовзийтира	1	0
бовзуьйту	1	0
бовлале	1	0
бовларна	1	0
бовлархьама	1	0
бовлийта	1	0
бовлийтархьама	1	0
бовлийтий	1	0
бовллалц	1	0
бовлучу	1	0
боггӏу	1	0
богу	1	0
богӏучаьрца	1	0
боданал	1	0
боданашкахь	1	0
бодахь	1	0
бодашка	1	0
божаршца	1	0
бозбунчаллашца	1	0
бозбунчин	1	0
бойнех	1	0
бойнийн	1	0
бойтучу	1	0
бойург	1	0
бойучуьра	1	0
боккхий	1	0
боккхушехь	1	0
боккхуьйтура	1	0
боккхуьйтуш	1	0
болабелла	1	0
болабелча	1	0
болалучу	1	0
боларх	1	0
болийра	1	0
болуьйтуш	1	0
болчаьргахула	1	0
болчул	1	0
болчухьа	1	0
болчуьнга	1	0
болччул	1	0
бомозий	1	0
борзана	1	0
боссор	1	0
ботта	1	0
боттийтархьама	1	0
боура	1	0
боуьйту	1	0
боуьйтура	1	0
боуьйтуш	1	0
бохабайтира	1	0
бохийначу	1	0
бохкий	1	0
бохку	1	0
бохлуш	1	0
бохорна	1	0
бохру	1	1
бохучара	1	0
боххучу	1	0
боххьера	1	0
бохӏанан	1	1
боцкхат	1	1
боцучаьрга	1	0
боцчу	1	0
бошмашкара	1	0
бошмашна	1	0
бошмех	1	0
боькъу	1	0
боькъур	1	0
боьлакашкахь	1	0
боьлу	1	0
боьлур	1	0
боьлхурш	1	0
боьранашка	1	0
боьрзуш	1	0
боьршаниг	1	0
боьттинчу	1	0
боьттира	1	0
боьхкур	1	0
боьхначу	1	0
боьхнера	1	0
боьшуш	1	0
буз	1	1
бузийта	1	0
бузин	1	1
бузнай	1	1
бузнайс	1	1
бузор	1	0
бузуьйту	1	0
букъана	1	0
букъах	1	0
букъи	1	1
буллу	1	0
буни	1	1
буржалшца	1	0
буссу	1	0
буссур	1	0
буткъа	1	0
буточу	1	0
буттур	1	0
буттучу	1	0
буура	1	0
буучу	1	0
бухадисина	1	0
бухадохуьйтур	1	0
бухадуьсур	1	0
бухаларчу	1	0
бухахӏотторгаш	1	0
бухӏанаш	1	0
буьзначеран	1	0
буьзнера	1	0
буьзча	1	0
буьйжира	1	0
буьйлабеллачу	1	0
буьйлу	1	0
буьйсанах	1	0
буьйсано	1	0
буьйсанца	1	0
буьйсий	1	0
буьйхина	1	0
буьйцур	1	0
буьйш	1	0
буькъа	1	0
буькъачу	1	0
буьллу	1	0
буьртигийн	1	0
буьтийла	1	0
буьттуш	1	0
бӏаран	1	0
бӏарза	1	0
бӏарзвина	1	0
бӏаьвнашкахь	1	0
бӏаьвнашна	1	0
бӏаьрганегӏарш	1	0
бӏаьргахь	1	0
бӏаьргаца	1	0
бӏаьхочо	1	0
бӏаьштигаш	1	0
бӏеннаш	1	0
бӏешерашкахь	1	0
бӏобулий	1	0
бӏогӏамана	1	0
бӏогӏамца	1	0
бӏош	1	0
вагарвечу	1	0
вагийра	1	0
вагийча	1	0
вадалур	1	0
вадий	1	0
вазве	1	1
вазвейша	1	1
вазвинарг	1	0
ваийтаре	1	0
ваийтахь	1	0
ваийтий	1	0
ваийтинчо	1	1
вайначуьра	1	0
вайнаш	1	0
вайталахь	1	0
вайша	1	0
вайшимма	1	0
вайшинга	1	0
ваккхалц	1	0
ваккхарна	1	0
вакхо	1	0
вакхош	1	0
валавахь	1	0
валалуш	1	0
валийтахьа	1	0
валол	1	1
валур	1	0
варраша	1	0
варрашца	1	0
ваставаллалц	1	0
васте	1	0
вахарх	1	0
вахархочун	1	0
вахархочунна	1	0
вахийна	1	0
вахийтинарг	1	0
вахийтинчу	1	0
ваххалц	1	0
ваххарх	1	0
вахьара	1	0
вахьаш	1	0
вашатина	1	1
вашатис	1	1
ваьккхи	1	0
ваьллехь	1	0
ваьлчхьана	1	0
ваьхьара	1	0
ваьӏначунна	1	0
ваӏданех	1	0
веанийла	1	0
веанчунна	1	0
вевзарш	1	0
вевзахьара	1	0
вевзачарна	1	0
вевзачу	1	0
вевззашехь	1	0
вевзий	1	0
вега	1	0
вежаралла	1	0
везавелла	1	0
везарго	1	0
веззара	1	0
векалан	1	0
векалел	1	0
векалех	1	0
векалца	1	0
векалшца	1	0
веле	1	0
верзалуш	1	0
верзийна	1	0
верзор	1	0
верзош	1	0
вериг	1	0
весетаца	1	0
весеташа	1	0
весетийн	1	0
ветанах	1	0
ветта	1	0
вехха	1	0
вешар	1	0
вешига	1	0
вешил	1	0
ви	1	0
вигий	1	0
вижинчунна	1	0
вижначуьра	1	0
вийхира	1	0
винчо	1	0
вирбокъана	1	0
виррий	1	0
висинарг	1	0
висинчо	1	0
висите	1	1
висний	1	0
вистхиларо	1	0
вистхир	1	0
висча	1	0
витар	1	0
витарна	1	0
витархьама	1	0
витича	1	0
вицвинера	1	0
виъна	1	0
вовзаза	1	0
вовзархьама	1	0
вовзийла	1	0
вовзуьйтура	1	0
вовзуьйтуш	1	0
вовшахдеттарца	1	0
вовшахдетташ	1	0
вовшахкхетара	1	0
вовшахкхетча	1	0
вовшахлеташ	1	0
вовшахтухур	1	0
вогуш	1	0
воду	1	0
водуш	1	0
вожар	1	0
возалло	1	0
войтура	1	0
войтуш	1	0
воккхавеван	1	0
воккхаверан	1	0
воккхавоь	1	0
воккхачуьнца	1	0
воккхийла	1	0
вокх	1	0
волавала	1	0
волавеллачу	1	0
волавеллачуьра	1	0
волалой	1	0
волалуш	1	0
воллийтира	1	0
волччу	1	0
вонашна	1	0
воне	1	0
вонех	1	0
ворданах	1	0
вортанаш	1	0
ворххӏе	1	0
вота	1	0
вотанаш	1	0
вотанашца	1	0
вох	1	0
вохийта	1	0
вохка	1	0
вохкахь	1	0
вохор	1	0
вохуьйтура	1	0
воцучух	1	0
воццуш	1	0
вочуьнга	1	0
воьдучул	1	0
воьйтур	1	0
воьйтуш	1	0
воькъур	1	0
воьлларг	1	0
воьллахь	1	0
воьрзийла	1	0
воьхнера	1	0
вужу	1	0
вуза	1	0
вузаво	1	0
вуззалц	1	0
вузийна	1	0
вузу	1	0
вуллур	1	0
вуллуш	1	0
вуочу	1	0
вухавеара	1	0
вухавеача	1	0
вухаверзахь	1	0
вухавоьрзийла	1	0
вухуш	1	0
вуьгийла	1	0
вуьжур	1	0
вуьжучу	1	0
вуьзначу	1	0
вуьйлуш	1	0
вуьрхӏитталгӏачу	1	0
вуьсург	1	0
вуьсучу	1	0
вуьсуш	1	0
вуьтура	1	0
гавӏонера	1	1
гавӏонхо	1	0
гад	1	1
гадан	1	1
гадана	1	1
гадахой	1	0
гадахошна	1	0
гадера	1	1
гадина	1	1
гадира	1	1
гадирахо	1	0
гадирут	1	1
газамин	1	1
гайтарца	1	0
гайтахьара	1	0
гайтинера	1	0
галали	1	1
галалин	1	1
галбер	1	0
галбовлар	1	0
галбовлийта	1	0
галвалахь	1	0
галгалехь	1	1
галдевр	1	0
галилайн	1	1
галилайхой	1	0
галин	1	0
галморзаха	1	0
галӏаде	1	1
галӏадерчу	1	1
гамо	1	0
гаранан	1	0
гаранийн	1	0
гарх	1	0
гатшамани	1	1
гахьарин	1	1
гаьннаша	1	0
гаьннашца	1	0
гаьннех	1	0
гебаӏе	1	1
гебаӏхо	1	0
гезарша	1	0
гезгашна	1	0
гезгийн	1	0
геланчашкара	1	0
геланчашкахула	1	0
геланчин	1	0
геланчина	1	0
генаваьлла	1	0
генадер	1	0
генарчарна	1	0
гергарлонаш	1	0
гергарчаьрга	1	0
гергарчех	1	0
гечдаран	1	0
гечдаре	1	0
гечдарра	1	0
гечдахь	1	0
гечде	1	0
гечдийриг	1	0
гечдойла	1	0
гешура	1	1
гешурара	1	1
гило	1	1
гилохо	1	0
гинатин	1	1
гиначунна	1	0
гиначуьнга	1	0
гинна	1	0
гиннехь	1	0
гирий	1	0
гобаккха	1	0
говзанча	1	0
говзанчашца	1	0
говрах	1	0
гола	1	0
гома	1	0
гомара	1	1
гомаран	1	1
гонан	1	0
горавуьйжира	1	0
горгалеш	1	0
гоьмукъан	1	0
гоьмукъашший	1	0
гоьмукъийн	1	0
грек	1	0
грекахо	1	0
грекахой	1	0
грекаш	1	0
гуламах	1	0
гулбо	1	0
гулдай	1	0
гулдахь	1	0
гулйо	1	0
гулйой	1	0
гуллуш	1	0
гулъеллачу	1	0
гулъешберш	1	0
гуни	1	1
гунийн	1	0
гураца	1	0
гуре	1	0
гучубаккха	1	0
гучубевлла	1	0
гучубевр	1	0
гучувала	1	0
гучуваьккхина	1	0
гучуваьлла	1	0
гучуваьлча	1	0
гучувоккхучу	1	0
гучудаккхар	1	0
гучудаккхархьама	1	0
гучудаккхахь	1	0
гучудаьккхина	1	0
гучудевлла	1	0
гучудоккху	1	0
гучуевр	1	0
гучуйоккху	1	0
гучуйоккхуш	1	0
гучуйохур	1	0
гучух	1	0
гучуяккхархьама	1	0
гучуяьккхина	1	0
гуьйригах	1	0
гӏабакхийн	1	0
гӏадвахна	1	1
гӏазаран	1	1
гӏайбица	1	0
гӏайгӏабийриг	1	0
гӏакх	1	0
гӏаланехьа	1	0
гӏаларташ	1	0
гӏалица	1	0
гӏамар	1	0
гӏамарал	1	0
гӏамарла	1	0
гӏантахь	1	0
гӏараб	1	1
гӏарадевлла	1	0
гӏарас	1	1
гӏараяккхархьама	1	0
гӏаролах	1	0
гӏаролхочуьнга	1	0
гӏаролхошца	1	0
гӏатталц	1	0
гӏаттамаш	1	0
гӏашане	1	1
гӏашлойх	1	0
гӏебарера	1	1
гӏевттира	1	0
гӏелвеллачунна	1	0
гӏелдина	1	0
гӏелйина	1	0
гӏеллур	1	0
гӏеллуш	1	0
гӏемашца	1	0
гӏенашца	1	0
гӏертий	1	0
гӏетӏар	1	1
гӏийланаш	1	0
гӏирсо	1	0
гӏиттайо	1	0
гӏишама	1	1
гӏишлон	1	0
гӏишлонна	1	0
гӏишлошна	1	0
гӏовгӏанал	1	0
гӏовттуш	1	0
гӏогӏа	1	0
гӏогӏана	1	0
гӏогӏе	1	1
гӏодах	1	0
гӏодаюкъал	1	0
гӏодаюкъарчу	1	0
гӏодийриг	1	0
гӏодоккхург	1	0
гӏожах	1	0
гӏожо	1	0
гӏойша	1	0
гӏомат	1	0
гӏоранца	1	0
гӏорасизаллех	1	0
гӏорашца	1	0
гӏорторийн	1	0
гӏоьртича	1	0
гӏудалкхаша	1	0
гӏудалкхо	1	0
гӏуллакхел	1	0
гӏуллакххо	1	0
гӏун	1	0
гӏуркх	1	0
даадора	1	0
даарх	1	0
дагабаийтахьа	1	0
дагабахкийтахьа	1	1
дагавалархьама	1	0
дагавогӏуш	1	0
дагадаийтар	1	0
дагадаийтахь	1	0
дагадеа	1	0
дагадеанера	1	0
дагадовлуьйтур	1	0
дагадоуьйтуш	1	0
дагалацам	1	0
дагалацамаш	1	0
дагалацийтаран	1	1
дагалаьцна	1	0
дагалецамаш	1	0
дагалоцуш	1	0
дагаран	1	0
дагардалур	1	0
дагардинчу	1	0
дагардича	1	0
дагарш	1	0
дагатесира	1	0
дагатесна	1	0
дагахьбаллам	1	0
дагаяийтахьа	1	0
дагорна	1	0
дагӏон	1	1
дагӏонна	1	1
дадас	1	1
дадданан	1	1
дажа	1	0
дажадайта	1	0
дажорна	1	0
дажочу	1	0
дазделаш	1	0
дазделла	1	0
даздинарш	1	0
дазлур	1	0
даийна	1	0
даийтар	1	0
даийтахьара	1	0
дайар	1	0
дайарна	1	0
дайарх	1	0
дайархьама	1	0
дайдар	1	0
дайинехь	1	0
даймахке	1	0
дайтахь	1	0
дайтича	1	0
дайча	1	0
дайший	1	0
дайшний	1	0
даккхаделира	1	0
даккхаза	1	0
даккхалц	1	0
даккхарал	1	0
даккхаран	1	0
даккхарх	1	0
даккхийден	1	0
даккхийтина	1	0
дакъадаллалц	1	0
дакъазабоху	1	0
дакъазадаккха	1	0
дакъазадер	1	0
дакъазадоху	1	0
дакъазаяьккхира	1	0
дакъало	1	0
дакъалоцур	1	0
дакъалоцура	1	0
дакъийра	1	0
дакъойн	1	0
дакъор	1	0
дакъоша	1	0
даладай	1	0
даладайтина	1	0
даладойтуш	1	0
далалора	1	0
даларе	1	0
далий	1	0
далийталаш	1	0
далийтарна	1	0
далийтахьара	1	0
далийтинчу	1	0
дамарти	1	1
даниалан	1	1
даниалх	1	1
дарбелла	1	0
дарвелира	1	0
дарвелча	1	0
дарделлачу	1	0
даржашкахь	1	0
даркхунин	1	1
даро	1	0
дарцана	1	0
дарцах	1	0
дарцаца	1	0
дарцо	1	0
дасса	1	0
дассорхьама	1	0
дассош	1	0
датанна	1	1
дауданий	1	1
даудехула	1	1
даудехьа	1	1
дахаза	1	0
даханехь	1	0
дахархой	1	0
дахдалийталур	1	0
дахделла	1	0
дахдийр	1	0
дахийтахьара	1	0
дахкар	1	0
дахкий	1	0
дахкийтархьама	1	0
дахкийтира	1	0
дахханчу	1	0
дахчор	1	0
дахьалур	1	0
дахьахь	1	0
дашаца	1	0
даьгна	1	0
даьккхинехь	1	0
даьккхиний	1	0
даьккхинчун	1	0
даьккхинчунна	1	0
даьллачул	1	0
даьссачух	1	0
даьттана	1	0
даьхкинера	1	0
даьхкинехь	1	0
даьхнехь	1	0
даьхний	1	0
даьхница	1	0
даьхьнехь	1	0
даьӏнех	1	0
даӏийта	1	0
дебара	1	0
дебийра	1	0
дебийта	1	0
дебийтина	1	0
дебийтира	1	0
дебош	1	0
девдча	1	0
девешин	1	0
девзара	1	0
девзий	1	0
девзира	1	0
девзича	1	0
девллера	1	0
дегадахь	1	0
дегалуш	1	0
дегалчу	1	0
дегахула	1	0
дегийра	1	0
дегийча	1	0
дегнашкара	1	0
дегнех	1	0
дегорца	1	0
дегӏера	1	0
дежар	1	0
дежийлашка	1	0
дежийле	1	0
дезаделла	1	0
дезалахь	1	0
дезарий	1	0
дезачо	1	0
дезачохь	1	0
дезийталаш	1	0
дезийша	1	0
дезча	1	0
дезчу	1	0
дейтталгӏачуй	1	0
декхарх	1	0
декъадалийта	1	0
декъазаниг	1	0
декъазачунна	1	0
декъалбе	1	0
декъалбелаш	1	0
декъалбехьа	1	0
декъалбинарш	1	0
декъалбойла	1	0
декъалваран	1	0
декъалве	1	0
декъалдан	1	0
декъалдаран	1	0
декъалдаре	1	0
декъалдарх	1	0
декъалдаршца	1	0
декъалдехьа	1	0
декъалйийр	1	0
декъалйина	1	0
декъалниг	1	0
декъалъехьа	1	0
декъара	1	0
декъашхо	1	0
декъийн	1	0
деланашкахьа	1	0
делехула	1	1
делехьара	1	1
делила	1	1
делладеллачу	1	0
деллехьара	1	0
делли	1	0
делхаран	1	0
денбалар	1	0
денбар	1	0
денбелча	1	0
денбеш	1	0
денваларе	1	0
денваллалц	1	0
денварх	1	0
денвелира	1	0
денвинчо	1	1
денвича	1	0
дендар	1	0
денделира	1	0
дендечу	1	0
дендийриг	1	0
дерба	1	1
дерзийта	1	0
дерзинчу	1	0
дерзорхьама	1	0
дестаро	1	0
детий	1	0
детталора	1	0
деттахьа	1	0
деттийта	1	0
дехарх	1	0
дехархьама	1	0
дехкахь	1	0
дехкинера	1	0
дехьабовлуш	1	0
дехьавала	1	0
дехьаваьлча	1	0
дехьавер	1	0
дехьадала	1	0
дехьадевр	1	0
дехьадовллалц	1	0
дехьадолучу	1	0
дехьадолуш	1	0
дехьара	1	0
дехьаяла	1	0
дечигаца	1	0
дечигашна	1	0
дечигпхьераш	1	0
дечуьнгахьара	1	1
дечуьнца	1	0
дешига	1	0
дешнашкахула	1	0
дешча	1	0
дешшехь	1	0
деъа	1	0
дибаран	1	1
дибарна	1	1
дибонахь	1	1
дибонна	1	1
дигначу	1	0
дижина	1	0
дийзи	1	0
дийлалаш	1	0
дийнал	1	0
дийнаташка	1	0
дийнаца	1	0
дийначарна	1	0
дийцийша	1	0
дийцинчу	1	0
дикаллица	1	0
диканийн	1	0
дикхалла	1	1
диллаза	1	0
диллахь	1	0
диллийтира	1	0
диллинарш	1	0
дилхана	1	0
диначарна	1	0
дино	1	0
динхӏаба	1	1
дирзи	1	0
дисначу	1	0
диснийла	1	0
диссалц	1	0
дистинчу	1	0
дистхила	1	0
дистхилар	1	0
дистхуьлуш	1	0
диталаш	1	0
дитархьама	1	0
дитахь	1	0
дитахьара	1	0
дитинехь	1	0
дитташца	1	0
диттира	1	0
дихкинера	1	0
дицделахь	1	0
дицлахь	1	0
дишанан	1	1
дишонан	1	1
диънарг	1	0
довлале	1	0
довлийтахьара	1	0
довхочуьнца	1	0
доггӏучу	1	0
догйовха	1	0
догъоьцур	1	0
догъоьцург	1	0
догъэцар	1	0
догъэцархьама	1	0
догӏале	1	0
догӏанах	1	0
догӏмашкахула	1	0
догӏун	1	0
догӏучуьнга	1	0
догӏучуьра	1	0
дожадора	1	0
дожийна	1	0
дозаллина	1	0
дойург	1	0
доккхаха	1	0
доккхачунна	1	0
доккхун	1	0
доккхуьйтуш	1	0
докъан	1	0
докъар	1	0
докъех	1	0
доладаллалц	1	0
доладелчхьана	1	0
долалур	1	0
доларчу	1	0
доллий	1	0
доллург	1	0
доллучул	1	0
долушший	1	0
долчаьрца	1	0
долчеран	1	0
долчех	1	0
долчухула	1	0
долчухьа	1	0
дораха	1	0
дотан	1	1
доттагӏчух	1	0
доттархьама	1	0
доттучу	1	0
дохадай	1	0
дохаделаш	1	0
дохаран	1	0
дохделла	1	0
дохделлачу	1	0
дохкобевлла	1	0
дохковер	1	0
дохно	1	0
дохоза	1	0
дохоран	1	0
дохьийла	1	0
дохьуьйтур	1	0
дохьуьйтура	1	0
дохьуьйтуш	1	0
доцучунна	1	0
доцца	1	0
доццачу	1	0
доцчу	1	0
дошлойх	1	0
доьбуьйту	1	0
доьгӏнарг	1	0
доьгӏначу	1	0
доьгӏнера	1	0
доьгӏнехь	1	0
доьзначу	1	0
доьллина	1	0
доьлу	1	0
доьлур	1	0
доьлхура	1	0
доьхкарх	1	0
доьхкаршца	1	0
доьхкур	1	0
доьхначеран	1	0
доьхучу	1	0
доьхучуьра	1	0
доьшур	1	0
доӏанах	1	0
доӏано	1	0
доӏуш	1	0
драхма	1	0
дубрат	1	1
дугӏий	1	0
дузадора	1	0
дузар	1	0
дузархьама	1	0
дузахьа	1	0
дузийтархьама	1	0
дуккхаммо	1	0
дукхавезавелира	1	0
дукхаезаш	1	0
дукхалла	1	0
дукхахболчаьрца	1	0
дукхахдолчу	1	1
дукхахьолахь	1	0
дукъана	1	0
дукъойх	1	0
дулу	1	0
дуссу	1	0
дуссур	1	0
дуссура	1	0
дуссуш	1	0
дустаран	1	0
дустарех	1	0
дустийначу	1	0
дусту	1	0
дустуш	1	0
дуттучарна	1	0
дуучун	1	0
духадоьрзийла	1	0
духарийн	1	0
духийтина	1	0
духкий	1	0
духкучеран	1	0
духуш	1	0
духӏи	1	0
дуцуш	1	0
дуьгура	1	0
дуьзина	1	0
дуьзнарш	1	0
дуьзнера	1	0
дуьзча	1	0
дуьйладала	1	0
дуьйладелира	1	0
дуьйлало	1	0
дуьйлуьйтура	1	0
дуьйцинчу	1	0
дуьйцурш	1	0
дуьйцучаьрга	1	0
дуьйцучул	1	0
дуьйцучунна	1	0
дуьйцучуьнца	1	0
дуьйчу	1	0
дуьйшу	1	0
дуькъа	1	0
дуьллий	1	0
дуьлуш	1	0
дуьненал	1	0
дуьрстанан	1	0
дуьссу	1	0
дуьсун	1	0
дуьсура	1	0
дуьтура	1	0
дуьхьалбаха	1	0
дуьхьалбахара	1	0
дуьхьалбевллачара	1	0
дуьхьалбевллачеран	1	0
дуьхьалбевллачех	1	0
дуьхьалбевллачу	1	0
дуьхьалбевллера	1	0
дуьхьалваллал	1	0
дуьхьалваьллачу	1	0
дуьхьалваьллера	1	0
дуьхьалвеана	1	0
дуьхьалвеара	1	0
дуьхьалвогӏу	1	0
дуьхьалволура	1	0
дуьхьалдаха	1	0
дуьхьалдевлла	1	0
дуьхьалдевллачу	1	0
дуьхьалдер	1	0
дуьхьалйолу	1	0
дуьхьалкхетар	1	0
дуьхьалонаш	1	0
дуьхьалхӏитта	1	0
дуьхьалхӏиттина	1	0
дуьхьалхӏуьтту	1	0
дуьхьалъелира	1	0
дуьхьарг	1	0
дӏаалийтархьама	1	0
дӏааьлларг	1	0
дӏааьлча	1	0
дӏабалале	1	0
дӏабаллалц	1	0
дӏабаханчул	1	0
дӏабахийтахьа	1	0
дӏабахийтинера	1	0
дӏабахийтинчу	1	0
дӏабаша	1	0
дӏабаьккхи	1	0
дӏабаьллачул	1	0
дӏабаьржира	1	0
дӏабевдда	1	0
дӏабевддера	1	0
дӏабели	1	0
дӏаберзар	1	0
дӏабехкалур	1	0
дӏабиггалц	1	0
дӏабигина	1	0
дӏабигначарна	1	0
дӏабийшира	1	0
дӏабиллинчу	1	0
дӏабихкира	1	0
дӏабовда	1	0
дӏабовдийтинчу	1	0
дӏабовду	1	0
дӏабовдур	1	0
дӏабовдуьйтур	1	0
дӏабовла	1	0
дӏабогӏур	1	0
дӏабожа	1	0
дӏабоккху	1	0
дӏаболо	1	0
дӏаболу	1	0
дӏабохкархьама	1	0
дӏабоху	1	0
дӏабоьрзу	1	0
дӏабоьрзучу	1	0
дӏабузале	1	0
дӏабуур	1	0
дӏабухкура	1	0
дӏабухкучу	1	0
дӏабухкуш	1	0
дӏабуьгу	1	0
дӏабуьйцур	1	0
дӏаваккхалаш	1	0
дӏаваккхалц	1	0
дӏавалийтархьама	1	0
дӏавахар	1	0
дӏавахнера	1	0
дӏаваьккхича	1	0
дӏаваьхьна	1	0
дӏавеанчу	1	0
дӏавеача	1	0
дӏаведдера	1	0
дӏавеллачу	1	0
дӏаверза	1	0
дӏаверзарна	1	0
дӏавехкахь	1	0
дӏавирзи	1	0
дӏавирзинчу	1	0
дӏавогӏуш	1	0
дӏаводийла	1	0
дӏаводу	1	0
дӏавоккхуш	1	0
дӏавола	1	0
дӏаволалуш	1	0
дӏаволлалахь	1	0
дӏаволу	1	0
дӏавоьдура	1	0
дӏавоьллинера	1	0
дӏавоьрзу	1	0
дӏавуллур	1	0
дӏавуллуш	1	0
дӏавухкур	1	0
дӏавуьгу	1	0
дӏавуьжур	1	0
дӏавуьжуш	1	0
дӏагайтина	1	0
дӏагайтира	1	0
дӏагулдира	1	0
дӏагӏахь	1	0
дӏагӏор	1	0
дӏадайна	1	0
дӏадалале	1	0
дӏадаларна	1	0
дӏадаларца	1	0
дӏадалийтахьара	1	0
дӏадахалур	1	0
дӏадаханера	1	0
дӏадахийтахьара	1	0
дӏадаьхначу	1	0
дӏадаьхча	1	0
дӏадекхалаш	1	0
дӏаделлачул	1	0
дӏаделлачунна	1	0
дӏадерзош	1	0
дӏадехкина	1	0
дӏадигначу	1	0
дӏадийцархьама	1	0
дӏадийцича	1	0
дӏадиллинчу	1	0
дӏадихкира	1	0
дӏадовдале	1	0
дӏадовлу	1	0
дӏадоккхийла	1	0
дӏадоладелча	1	0
дӏадолийна	1	0
дӏадолийра	1	0
дӏадоло	1	0
дӏадолор	1	0
дӏадохкийта	1	0
дӏадохучу	1	0
дӏадошур	1	0
дӏадоьлху	1	0
дӏадоьлхура	1	0
дӏадоьлхурш	1	0
дӏадоьрзура	1	0
дӏадоьрзуш	1	0
дӏадоьхкина	1	0
дӏадугӏур	1	0
дӏадукъуш	1	0
дӏадуур	1	0
дӏадуьгура	1	0
дӏадуьгучу	1	0
дӏадуьйлало	1	0
дӏадуьйцура	1	0
дӏадуьйцучу	1	0
дӏадуьйчо	1	0
дӏадуьйшуш	1	0
дӏадуьллу	1	0
дӏаевллехь	1	0
дӏаевр	1	0
дӏаеллало	1	0
дӏаеллахьа	1	0
дӏаешира	1	0
дӏаиккхира	1	0
дӏаихна	1	0
дӏайигна	1	0
дӏайигнера	1	0
дӏайижира	1	0
дӏайижча	1	0
дӏайийначохь	1	0
дӏайийначу	1	0
дӏайиъна	1	0
дӏайовлу	1	0
дӏайоккхийла	1	0
дӏайолаелира	1	0
дӏайоьду	1	0
дӏайоьдучу	1	0
дӏайоьллина	1	0
дӏайоьллу	1	0
дӏайоьлхура	1	0
дӏайоьлхучу	1	0
дӏайоьхкуш	1	0
дӏакхайкхабайта	1	0
дӏакхайкхадайтархьама	1	0
дӏакхайкхадайтина	1	0
дӏакхайкхадо	1	0
дӏакхайкхае	1	0
дӏакхайкхочу	1	0
дӏакхаллар	1	0
дӏакхалларе	1	0
дӏакхалхар	1	0
дӏакхалхахь	1	0
дӏакхачадора	1	0
дӏакхачо	1	0
дӏакхачор	1	0
дӏакхаьчначул	1	0
дӏакхелхар	1	0
дӏакхелхинера	1	0
дӏакхелхинчу	1	0
дӏакхелхинчул	1	0
дӏакхета	1	0
дӏакхетийра	1	0
дӏакхеттачул	1	0
дӏакхехьийта	1	0
дӏакхисса	1	0
дӏакховдаде	1	0
дӏакховдош	1	0
дӏакхойкхуш	1	0
дӏакхоллучу	1	0
дӏакхоссан	1	0
дӏакхочуш	1	0
дӏакхоьхьучу	1	0
дӏакхуссучохь	1	0
дӏакхуьссуьйтур	1	0
дӏакъастаде	1	0
дӏакъастар	1	0
дӏакъастахь	1	0
дӏакъастийнера	1	0
дӏакъастийта	1	0
дӏакъаьстинчу	1	0
дӏакъовлаелла	1	0
дӏакъовлале	1	0
дӏакъовлахь	1	0
дӏакъовлура	1	0
дӏалалла	1	0
дӏаларга	1	0
дӏалатор	1	0
дӏалахкархьама	1	0
дӏалахкахь	1	0
дӏалацар	1	0
дӏалацархьама	1	0
дӏалачкъайо	1	0
дӏалачкъор	1	0
дӏалаьллина	1	0
дӏалевчкъина	1	0
дӏалевчкъира	1	0
дӏалекъна	1	0
дӏалела	1	0
дӏалетта	1	0
дӏалечкъа	1	0
дӏалечкъаш	1	0
дӏалохку	1	0
дӏалохкура	1	0
дӏалохкучу	1	0
дӏалоьхкура	1	0
дӏамалийтира	1	0
дӏанехьа	1	0
дӏанисдина	1	0
дӏаолура	1	0
дӏаоьцу	1	0
дӏаоьцург	1	0
дӏасабаржабо	1	0
дӏасабаржийнехь	1	0
дӏасабаржийта	1	0
дӏасабаржош	1	0
дӏасадаккха	1	0
дӏасадаржа	1	0
дӏасадаржаде	1	0
дӏасадаржар	1	0
дӏасадаржахь	1	0
дӏасадаржийра	1	0
дӏасадаржо	1	0
дӏасадаржорна	1	0
дӏасадаьржинехь	1	0
дӏасадохуьйтур	1	0
дӏасадоькъур	1	0
дӏасадоькъура	1	0
дӏасаекъа	1	0
дӏасаийзош	1	0
дӏасакерчаш	1	0
дӏасакхайкхабайта	1	0
дӏасакхоьхьучу	1	0
дӏасакхуьссу	1	0
дӏасакъаста	1	0
дӏасакъастар	1	0
дӏасакъаьсташ	1	0
дӏасакъаьстира	1	0
дӏасалаьхкира	1	0
дӏасалела	1	0
дӏасатеттира	1	0
дӏасахьажийра	1	0
дӏасацийна	1	0
дӏасаяржор	1	0
дӏасаяьржа	1	0
дӏасаяьржаш	1	0
дӏатакхархьама	1	0
дӏатакхийра	1	0
дӏатарлахь	1	0
дӏатасахь	1	0
дӏататтал	1	0
дӏатевжира	1	0
дӏатеси	1	0
дӏатесча	1	0
дӏатеттинарг	1	0
дӏатеттинера	1	0
дӏатовжо	1	0
дӏатосургашца	1	0
дӏатохаран	1	0
дӏатохийтира	1	0
дӏатоьхча	1	0
дӏатухур	1	0
дӏахаахь	1	0
дӏахададо	1	0
дӏахадо	1	0
дӏахаийтар	1	0
дӏахеда	1	0
дӏахедар	1	0
дӏахезнера	1	0
дӏахецар	1	0
дӏахецахьара	1	0
дӏахецийтира	1	0
дӏахецна	1	0
дӏахотталора	1	0
дӏахоуьйла	1	1
дӏахоуьйтун	1	0
дӏахоуьйтура	1	0
дӏахоьцийла	1	0
дӏахьажийначу	1	0
дӏахьажор	1	0
дӏахьажош	1	0
дӏахьакхавелла	1	0
дӏахьакхаелира	1	0
дӏахьарчийна	1	0
дӏахьаьвдира	1	0
дӏахьаьшна	1	0
дӏахьедеш	1	0
дӏахьедийр	1	0
дӏахьедора	1	0
дӏахьожжушехь	1	0
дӏахьожур	1	0
дӏахьойла	1	0
дӏахьокхур	1	0
дӏахьочо	1	0
дӏахьошур	1	0
дӏахьоькху	1	0
дӏахьулбийр	1	0
дӏахьулвелира	1	0
дӏахьулвийр	1	0
дӏахьулвира	1	0
дӏахьулделира	1	0
дӏахьулдо	1	0
дӏахьулйина	1	0
дӏахӏиттадора	1	0
дӏахӏиттайора	1	0
дӏахӏитталаш	1	0
дӏахӏиттаяйтира	1	0
дӏахӏиттинийла	1	0
дӏахӏитторхьама	1	0
дӏахӏоттабора	1	0
дӏахӏоттавахь	1	0
дӏахӏоттавойла	1	0
дӏахӏоттадейша	1	0
дӏахӏоттадо	1	0
дӏахӏоттаяллалц	1	0
дӏахӏоттийначул	1	0
дӏахӏоттийначунна	1	0
дӏахӏуттун	1	0
дӏахӏуьттийла	1	0
дӏахӏуьттуш	1	0
дӏачӏагӏъе	1	0
дӏаэриг	1	0
дӏаэцар	1	0
дӏаэцархьама	1	0
дӏаэцахь	1	0
дӏаюллур	1	0
дӏаюьгучу	1	0
дӏаюьжучу	1	0
дӏаюьйгӏира	1	0
дӏаюьллучу	1	0
дӏаюьстира	1	0
дӏаязбе	1	0
дӏаязбира	1	0
дӏаязвала	1	0
дӏаяздинчу	1	0
дӏаязйинчу	1	0
дӏаязъеш	1	0
дӏаяккхалур	1	0
дӏаяккхар	1	0
дӏаялар	1	0
дӏаялархьама	1	0
дӏаян	1	0
дӏаясталур	1	0
дӏаястахь	1	0
дӏаяхархьама	1	0
дӏаяхахьа	1	0
дӏаяхьар	1	0
дӏаяша	1	0
дӏаяьллачу	1	0
дӏаяьллера	1	0
дӏаяьржина	1	0
дӏаяьхьнарг	1	0
дӏаяьшна	1	0
дӏаӏеттор	1	0
дӏовшах	1	0
дӏогахь	1	1
еанчух	1	0
евзира	1	0
евлча	1	0
ега	1	0
едиӏаалан	1	1
ез	1	0
еззачеран	1	0
еззачу	1	0
еззнарг	1	0
езийла	1	0
езийта	1	0
езначу	1	0
ей	1	0
ейтина	1	0
екхамӏам	1	1
екъаелира	1	0
ела	1	0
еллаелира	1	0
еллачул	1	0
еллехь	1	0
емалбеш	1	0
емалбина	1	0
емалвинарг	1	0
емалдо	1	0
емуал	1	1
ерзайойла	1	0
ерзийра	1	0
ерзо	1	0
ерихонера	1	1
етар	1	1
етат	1	1
еттачу	1	0
ехкинера	1	0
еххнарг	1	0
ечара	1	0
ечарах	1	0
ешшехь	1	0
еъа	1	0
жагӏанна	1	0
жашка	1	0
жаӏуйх	1	0
жаӏушна	1	0
жаӏуьнна	1	0
женах	1	0
жех	1	0
жижигца	1	0
жийн	1	0
жималлехь	1	0
жимачуьнца	1	0
жимлур	1	0
жовхӏарх	1	0
жовхӏаршца	1	0
жоьпах	1	0
жоьпех	1	0
жоьпехь	1	0
жӏаьвнашца	1	0
жӏаьлин	1	0
жӏаьлина	1	0
жӏаьло	1	0
жӏугано	1	0
забадан	1	1
забда	1	1
забиалан	1	1
забубе	1	1
зайлаш	1	0
закайн	1	1
закрин	1	1
закрис	1	1
залпаъ	1	1
заманийн	1	0
замано	1	0
заманца	1	0
зами	1	1
заралла	1	0
заьӏапхой	1	0
заьӏапчу	1	0
заӏван	1	1
зевнечу	1	0
зевс	1	1
зейта	1	0
зело	1	0
зерахьах	1	1
зерахьахой	1	0
зеришата	1	1
зерца	1	0
зиаб	1	1
зив	1	1
зимран	1	1
зипахоша	1	1
зиярташ	1	0
зудаберо	1	0
зударел	1	0
зудчул	1	0
зуламехь	1	0
зуламо	1	0
зуламхочо	1	0
зуламхочунна	1	0
зурбабелана	1	1
зурманча	1	0
зурманчашна	1	0
зурманчин	1	0
зухьати	1	1
зуьгалгаш	1	0
зуьйра	1	0
зуьйчу	1	0
зуя	1	0
зӏакардаьхни	1	0
зӏенар	1	0
зӏенаца	1	0
зӏенийн	1	0
ибис	1	0
иблисал	1	0
иблисах	1	0
ивай	1	1
ида	1	1
идо	1	0
ижунах	1	1
изабалах	1	1
изабале	1	1
израӏална	1	1
ийдеш	1	0
ийдо	1	0
ийзалуш	1	0
ийпадах	1	0
ийци	1	0
ийшира	1	0
иконе	1	1
иллешца	1	0
имани	1	1
имари	1	1
имарин	1	1
индина	1	1
инзарабевлла	1	0
инзаралла	1	0
инзарбевллера	1	0
инзарбевр	1	0
инзарваларца	1	0
инзаръяьллера	1	0
иракарахӏиттаво	1	0
иракарахӏоттийна	1	0
иракарахӏотторхьама	1	0
иракарахӏоттош	1	0
иракарахӏоьттира	1	0
ираллица	1	0
ирахӏиттийна	1	0
ирачу	1	0
ирде	1	0
ирдина	1	0
ирсах	1	0
ирхдугӏур	1	0
ирхкхиссалуш	1	0
ирхлелхаш	1	0
ирхъоллавелира	1	0
ирхъоьхкина	1	0
ирхъоьхкира	1	0
исмаьӏалхо	1	0
исмаьӏалхой	1	0
испани	1	1
исраилана	1	1
исраилехь	1	1
исраилхочуьнца	1	0
иссарханхойн	1	0
итали	1	1
итамара	1	1
итамаре	1	1
итаран	1	1
итигий	1	1
иттазза	1	0
итте	1	0
ишана	1	1
ишбакх	1	1
ишби	1	1
ишва	1	1
ишмаӏ	1	1
ишттадерг	1	0
ишттачух	1	0
ишхьи	1	1
йижарех	1	0
йижаршна	1	0
йиинчо	1	0
йиинчул	1	0
йий	1	0
йийнера	1	0
йийсархо	1	0
йийсархошка	1	0
йилича	1	0
йиллинчу	1	0
йиллинчуьра	1	0
йиллича	1	0
йиначарах	1	0
йиначеран	1	0
йиначуьнга	1	0
йинчул	1	0
йираъ	1	1
йирзича	1	0
йисийтахьа	1	0
йисначу	1	0
йистах	1	0
йистерчу	1	0
йистте	1	0
йистхила	1	0
йистхуьлуш	1	0
йисча	1	0
йитархьама	1	0
йитинарг	1	0
йитинчун	1	0
йиттийта	1	0
йицар	1	1
йише	1	0
йиънера	1	0
йиънехь	1	0
йоабах	1	1
йов	1	0
йовзар	1	0
йовзийтира	1	0
йовлуш	1	0
йовхачу	1	0
йоггӏу	1	0
йогӏа	1	0
йогӏург	1	0
йожарх	1	0
йожийна	1	0
йожийта	1	0
йозалла	1	0
йозано	1	1
йозанчина	1	0
йозуш	1	0
йойтура	1	0
йойуш	1	0
йоккхае	1	0
йоккхурш	1	0
йоккхучийн	1	0
йоккхуьйтур	1	0
йокъано	1	1
йол	1	0
йолаялале	1	0
йолийла	1	0
йолийначохь	1	0
йолла	1	0
йоллура	1	0
йоллуш	1	0
йолура	1	0
йолуьйту	1	0
йолчарах	1	0
йолчул	1	0
йолчух	1	0
йолччохь	1	0
йолччу	1	0
йоманаш	1	0
йорамна	1	1
йоссор	1	0
йостуш	1	0
йоуьйтура	1	0
йоуьйтуш	1	0
йохабадат	1	1
йохаелаш	1	0
йохале	1	0
йохалур	1	0
йохаяй	1	0
йохаяйта	1	0
йохийначуьра	1	0
йохкархой	1	0
йохкархоша	1	0
йохкий	1	0
йохьа	1	1
йохьийла	1	0
йоцучохь	1	0
йоцучун	1	0
йоцучунна	1	0
йоцучух	1	0
йоццушехь	1	0
йочана	1	0
йоьжначу	1	0
йоьлу	1	0
йоьлур	1	0
йоьлхура	1	0
йоьра	1	0
йоьхкина	1	0
йоьхкинарг	1	0
йоьхуш	1	0
йоӏстага	1	0
кагбалла	1	1
кагбийр	1	0
кагдийр	1	0
кагло	1	0
кагъе	1	0
кагъелира	1	0
кагъелла	1	0
кайбас	1	1
калахь	1	1
камошна	1	1
канашкахь	1	1
канаӏанах	1	1
канаӏанахь	1	1
канаӏанхочо	1	0
канаӏанхочун	1	0
канаӏанхошка	1	0
каравахнарг	1	0
каравойтур	1	0
каравоьду	1	0
карагӏур	1	0
карадаллалц	1	0
карадахана	1	0
карадахь	1	0
карадерзо	1	0
карадирзина	1	0
карадойту	1	0
карайора	1	0
каралоцу	1	0
караоьцур	1	0
караяхь	1	0
карзахбаьккхира	1	0
карзахбаьхна	1	0
карзахбевлла	1	0
карзахбехира	1	0
карзахбохуш	1	0
карзахваккха	1	0
карзахдаьккхина	1	0
карит	1	1
карладаккхар	1	0
карладаккхийта	1	0
карладуьйлу	1	0
каслахӏамхой	1	0
кассия	1	0
кевна	1	0
кевнашца	1	0
кевнехьа	1	0
кегбина	1	0
кегийрхой	1	0
кегийрхойх	1	0
кегийрхошка	1	0
кегйора	1	0
кедана	1	0
кеманашна	1	0
кемсашлелорхой	1	0
кемсашна	1	0
кенахари	1	1
кенаша	1	0
кепах	1	0
кепаш	1	0
керан	1	1
кератхойн	1	0
кераюкъан	1	0
кераяккъаш	1	0
керланаш	1	0
кертал	1	0
кехаташна	1	0
кехато	1	0
кехатца	1	0
кечбинарг	1	0
кечбира	1	0
кечвелларг	1	0
кечвеллера	1	0
кечвеллехь	1	0
кечвира	1	0
кечделлачу	1	0
кечйича	1	0
кечлора	1	0
кечъелла	1	0
кечъечу	1	0
кешнашка	1	0
кийранашка	1	0
кийрарчу	1	0
кийсак	1	0
кипех	1	1
кирана	1	0
киранах	1	0
кирхьанаш	1	0
ковра	1	0
когана	1	0
когаша	1	0
когашкара	1	0
коге	1	0
койх	1	0
корана	1	0
корашкахула	1	0
корашна	1	0
кохьаран	1	0
кочаран	1	0
кочах	1	0
кошах	1	0
кошахь	1	0
коьжалгана	1	0
коьллашкахь	1	0
коьртал	1	0
крисп	1	1
кузаби	1	1
кузаш	1	0
курадаьлла	1	0
кураллина	1	0
курачаьрга	1	0
курсаца	1	0
курсаш	1	0
кут	1	1
куьгдуьлургана	1	0
куьйгаллица	1	0
куьйгалхойл	1	0
куьйгалхошкара	1	0
куьйгашка	1	0
куьпчичун	1	0
кхаанга	1	0
кхабарца	1	0
кхабий	1	0
кхадешера	1	1
кхадешехь	1	1
кхадмиалан	1	1
кхаиман	1	1
кхайкхабе	1	0
кхайкхадайтархьама	1	0
кхайкхаделаш	1	0
кхайкхадойла	1	0
кхайкхадойтур	1	0
кхайкхалур	1	0
кхайкхаман	1	0
кхайкхий	1	0
кхайкхийнарг	1	0
кхайкхийначу	1	0
кхайкхийтархьама	1	0
кхайкхийча	1	0
кхайкхорхьама	1	0
кхала	1	0
кхан	1	0
кханенга	1	0
кханенна	1	0
кхарал	1	0
кхарах	1	0
кхардамца	1	0
кхардаран	1	0
кхардарх	1	0
кхардийтархьама	1	0
кхаркхур	1	1
кхахьпаллин	1	0
кхахьпаллина	1	0
кхахьпаллица	1	0
кхачадо	1	0
кхачано	1	0
кхачар	1	0
кхачаран	1	0
кхашкахь	1	0
кхаьлли	1	0
кхаьллича	1	0
кхаьргахь	1	1
кхаьрдира	1	0
кхаьчначо	1	0
кхаьчначух	1	0
кхаьчний	1	0
кхаьънех	1	0
кхевдича	1	0
кхейрусан	1	1
кхекхий	1	0
кхелахошкара	1	0
кхелехь	1	1
кхелира	1	0
кхелхинера	1	0
кхеназхо	1	0
кхенахо	1	0
кхенахойн	1	0
кхенахошна	1	0
кхерабаларна	1	0
кхераваларна	1	0
кхераво	1	0
кхерало	1	0
кхерамбоцуш	1	0
кхерамех	1	0
кхерийша	1	0
кхерстар	1	0
кхерче	1	0
кхерчийн	1	0
кхетаво	1	0
кхетадехьа	1	0
кхетале	1	0
кхетамал	1	0
кхетамечу	1	0
кхетарг	1	0
кхетахьара	1	0
кхетачохь	1	0
кхеташона	1	0
кхеташонера	1	0
кхеторхьама	1	0
кхетталц	1	0
кхеттера	1	0
кхехкийнехь	1	0
кхехко	1	0
кхехкор	1	0
кхечанхьа	1	0
кхиадайта	1	0
кхиадо	1	0
кхиале	1	0
кхиболчаьрга	1	0
кхиийра	1	0
кхиийтира	1	0
кхийдор	1	0
кхийран	1	0
кхийса	1	0
кхийсина	1	0
кхинат	1	1
кхинаш	1	0
кхиоре	1	0
кхиссаделла	1	0
кхиссича	1	0
кхишон	1	1
кхиъалц	1	0
кхоаве	1	0
кхоадехьа	1	0
кхоам	1	0
кхобура	1	0
кховдадахь	1	0
кховдайо	1	0
кховдо	1	0
кховдон	1	0
кхозлагӏнаш	1	0
кхоийна	1	0
кхоийначу	1	0
кхойкхий	1	0
кхойкхург	1	0
кхойкхучарна	1	0
кхойкхучаьрца	1	0
кхойтталгӏачуй	1	0
кхолале	1	0
кхоллаелира	1	0
кхоллаелла	1	0
кхолламах	1	0
кхорахьа	1	1
кхорахьахойх	1	0
кхордуьйтур	1	0
кхоссало	1	0
кхоссар	1	0
кхоссархоша	1	0
кхоссий	1	0
кхочушбийраш	1	0
кхочушбина	1	0
кхочушбойла	1	0
кхочушдалур	1	0
кхочушделахь	1	0
кхочушди	1	0
кхочушдинарг	1	0
кхочушдинчу	1	0
кхочушхиларе	1	0
кхочушхиларо	1	0
кхочушхиларх	1	0
кхочушхили	1	1
кхочушхиллачул	1	0
кхочушъеш	1	0
кхочушъяйтархьама	1	0
кхочушъяр	1	0
кхочуьйтура	1	0
кхоьлира	1	0
кхоьллинарш	1	0
кхоьллинехь	1	0
кхоьллинчарна	1	0
кхоьллинчун	1	1
кхоьлличхьана	1	0
кхоьрийла	1	0
кхоьручарах	1	0
кхоьручаьрга	1	0
кхоьруьйтуш	1	0
кхоэ	1	0
кхоэхула	1	0
кхузахула	1	0
кхузткъазза	1	0
кхулуьйтуш	1	0
кхура	1	1
кхуссура	1	0
кхуссуьйтучул	1	0
кхуьнгара	1	0
кхуьссура	1	0
кхуьссург	1	0
кхуьссурш	1	0
кхуьуьйтур	1	0
къагийра	1	0
къагийтархьама	1	0
къаиман	1	1
къайлабоху	1	0
къайлабохуш	1	0
къайлавалархьама	1	0
къайлаваьккхина	1	0
къайлаваьккхинера	1	0
къайлаваьккхира	1	0
къайладахаран	1	0
къайладаьхна	1	0
къайладолу	1	0
къайлайоккху	1	0
къайлайоккхур	1	0
къайлайохур	1	0
къайлаяьккхинера	1	0
къайлаяьккхинчу	1	0
къайлаяьккхича	1	0
къайленах	1	0
къалатийнарг	1	0
къалатор	1	0
къамелех	1	0
къамелехь	1	0
къамелийн	1	0
къамелца	1	0
къамкъаргана	1	0
къамкъаргах	1	0
къамкъаргаш	1	0
къамуал	1	1
къанвеллера	1	0
къанойн	1	0
къаноший	1	0
къанъелла	1	0
къапалгашна	1	0
къарбан	1	0
къардалийтархьама	1	0
къарделла	1	0
къаставой	1	0
къастадай	1	0
къастамаш	1	0
къастийначарна	1	0
къастийначаьрга	1	0
къастийначул	1	0
къастийнера	1	0
къахкалахь	1	0
къахьегаро	1	0
къахьегарх	1	0
къахьегначу	1	0
къахьоьгучун	1	0
къаьстар	1	0
къаьхьалла	1	0
къега	1	0
къегара	1	0
къеггинчу	1	0
къегийта	1	0
къедархой	1	0
къедархойн	1	1
къедима	1	1
къеелла	1	0
къежбелла	1	0
къекъачу	1	0
къекъийтича	1	0
къекъош	1	0
къематах	1	0
къемато	1	0
къеналле	1	0
къераз	1	1
къеста	1	0
къестош	1	0
къечеран	1	0
къечунах	1	0
къечуьнга	1	0
къизаллин	1	0
къизалло	1	0
къийгашка	1	0
къийкъира	1	0
къийсало	1	0
къийсалур	1	0
къийсам	1	0
къийсарех	1	0
къийсинера	1	0
къилбанан	1	0
къилбаседа	1	0
къилбаседехула	1	0
къинхетамалле	1	0
къинхетаман	1	0
къинхетамаш	1	0
къитурата	1	1
къиэн	1	0
къобалбан	1	0
къобалбархьама	1	0
къобалбийр	1	0
къобалбинера	1	0
къобалбинчарах	1	0
къобалбора	1	0
къобалвар	1	0
къобалвехьа	1	0
къобалвинера	1	0
къобалвинчуьнгара	1	1
къобалдинарш	1	0
къобалдинчу	1	0
къобалдича	1	0
къобалйира	1	0
къовкъош	1	0
къовсамашкахь	1	0
къоламца	1	0
къома	1	0
къоналла	1	0
къоналлехь	1	0
къонанаш	1	0
къонахийн	1	0
къонахоша	1	0
къонахошка	1	0
къоначарна	1	0
къоначийн	1	0
къонзи	1	0
къорачунна	1	0
къотӏалгӏадина	1	0
къоьгуьйту	1	0
къуббан	1	0
къуббанан	1	0
къух	1	0
кӏаг	1	0
кӏадвина	1	0
кӏадидархочо	1	0
кӏантехь	1	0
кӏанттий	1	0
кӏарам	1	1
кӏега	1	0
кӏегашна	1	0
кӏезигалла	1	0
кӏезигаллина	1	0
кӏелбуьтур	1	0
кӏелонехь	1	0
кӏелонна	1	0
кӏелоно	1	0
кӏелхьарбаккхалур	1	0
кӏелхьарбаьккхина	1	0
кӏелхьарбаьккхиний	1	0
кӏелхьарбаьхнарш	1	0
кӏелхьарбевлла	1	0
кӏелхьарбовла	1	0
кӏелхьарбовлийтархьама	1	0
кӏелхьарбовлуш	1	0
кӏелхьарбохург	1	0
кӏелхьарваккхарх	1	0
кӏелхьарваларе	1	0
кӏелхьарвалархьама	1	0
кӏелхьардаккхаран	1	0
кӏелхьардалийтархьама	1	0
кӏелхьардахаре	1	0
кӏелхьардахарна	1	0
кӏелхьардахархьама	1	0
кӏелхьардевлла	1	0
кӏелхьаръяьккхина	1	0
кӏелхьаръяьккхиний	1	0
кӏенан	1	0
кӏенташкара	1	0
кӏозйохург	1	0
кӏомсарш	1	0
кӏорге	1	0
кӏорда	1	0
кӏордийна	1	0
кӏорнел	1	0
кӏорнешна	1	0
кӏорнешца	1	0
кӏохцал	1	0
кӏошта	1	0
кӏоштана	1	0
кӏоштах	1	0
лаамах	1	0
лаарна	1	0
лаарх	1	0
лаба	1	0
лагӏ	1	0
лагӏделира	1	0
лагӏделла	1	0
ладар	1	0
ладегӏарх	1	0
ладогӏарна	1	0
ладогӏарца	1	0
ладоьгӏча	1	0
ладугӏурш	1	0
ладугӏучарна	1	0
ладугӏучаьрга	1	0
лазаро	1	0
лазаршна	1	0
лазаршца	1	0
лазийна	1	0
лазийнарш	1	0
лазийначунна	1	0
лазийча	1	0
лайшин	1	1
лаккхахь	1	0
лакхабер	1	0
лакхаваккхал	1	0
лакхаваьккхира	1	0
лакхавоккху	1	0
лакхавоккхур	1	0
лакхадаьккхина	1	0
лакхадаьлла	1	0
лакхадевлла	1	0
лакхаделира	1	0
лакхадоккхийла	1	0
лакхаллашкахь	1	0
лакхахула	1	0
лакхаяьлла	1	0
лакхенашкара	1	0
лакхенашкахула	1	0
лала	1	0
ламаст	1	0
ламасташка	1	0
ламеш	1	0
ламуал	1	1
ларамал	1	0
ларбайтархьама	1	0
ларбехьа	1	0
ларбечо	1	0
ларбечу	1	0
ларбийриг	1	0
ларвайтар	1	0
ларвайтархьама	1	0
лардарца	1	0
лардийраш	1	0
лардойла	1	0
лардойтучу	1	0
ларйийраш	1	0
ларъярхьама	1	0
ласта	1	0
ластийча	1	0
латадора	1	0
латайо	1	0
латахь	1	0
латаяй	1	0
латий	1	0
латорах	1	0
латтабелаш	1	0
латтавелахь	1	0
латтавелаш	1	0
латтаделира	1	0
латтае	1	0
латтайора	1	0
латтанашка	1	0
латтанашкахула	1	0
латтанашца	1	0
латтар	1	0
латтарх	1	0
латтийтира	1	0
латточу	1	0
лаудика	1	1
лахалаш	1	0
лахархьама	1	0
лахварна	1	0
лахийтархьама	1	0
лахкабелира	1	0
лахкахьа	1	0
лахо	1	0
лахьадо	1	0
лахьо	1	0
лахьор	1	0
лахӏабхой	1	0
лацахь	1	0
лацийтира	1	0
лачкъийначунна	1	0
лачкъийра	1	0
лачкъийча	1	0
лачкъорхьама	1	0
лаьмнел	1	0
лаьттаний	1	0
лаьттехьа	1	0
лаьттинехь	1	0
лаьттича	1	0
лаьхкинчу	1	0
лаьхьанех	1	0
лаьцнехь	1	0
лаӏдан	1	1
лаӏзарна	1	1
лебаот	1	1
лебо	1	0
левина	1	0
левис	1	1
левихойл	1	0
ледарчу	1	0
лееш	1	0
леига	1	1
леица	1	1
лейина	1	0
лейн	1	0
лейо	1	0
лекханаш	1	0
лекъаш	1	0
лекъира	1	0
лелавехьа	1	0
леладахьара	1	0
леладелаш	1	0
леладеш	1	0
леладойтура	1	0
лелаелаш	1	0
лелалахь	1	0
лелархьама	1	0
лелачаьрца	1	0
лелачийн	1	0
лелаяйта	1	0
лелаяйтархьама	1	0
лелаяхь	1	0
лелийнарш	1	0
лелийнехь	1	0
леллал	1	0
лелларг	1	0
леллера	1	0
леллий	1	0
лелорг	1	0
лелорхо	1	0
лелорхой	1	0
лелочарех	1	0
лелочул	1	0
лелочун	1	0
лема	1	0
лемакӏан	1	1
лепайойла	1	0
лепара	1	0
лепийла	1	0
лерга	1	0
лергара	1	0
лергъагӏонах	1	0
лерехь	1	0
лестира	1	0
лесточу	1	0
летадайта	1	0
летадар	1	0
летадойтура	1	0
летийначеран	1	0
летийначийн	1	0
летийнехь	1	0
летийнчу	1	0
летийра	1	0
лето	1	0
летораш	1	0
леточарна	1	0
леттехь	1	0
лехарх	1	0
лехахь	1	0
лехначарна	1	0
лехьаде	1	0
лехьийна	1	0
лецархьама	1	0
леча	1	0
лечкъийна	1	0
лечкъийнарг	1	0
лечкъина	1	0
лешца	1	0
леэл	1	1
либанин	1	1
либнера	1	1
либнехь	1	1
лива	1	1
ливанунерчу	1	1
ливахой	1	0
лидия	1	1
лийна	1	0
лийриг	1	0
лийцира	1	0
лийчийначуьра	1	1
лили	1	0
листар	1	1
листаре	1	1
листарехь	1	1
лиънехь	1	0
ловзур	1	0
ловзучу	1	0
ловчу	1	0
логе	1	0
локхура	1	0
локхучеран	1	0
локхуьйтуш	1	0
ломъаьрзу	1	0
ломъаьрзунаша	1	0
лоргучунна	1	0
лорийла	1	0
лоттуьйтура	1	0
лоха	1	0
лохачу	1	0
лохкуш	1	0
лоцийла	1	0
лоцура	1	0
лоцуьйтуш	1	0
лочунна	1	0
лоькхийла	1	0
лоькхурш	1	0
лоьлийла	1	0
лоьлуьйтур	1	0
лоьмана	1	0
лоьралла	1	0
лоьраш	1	0
лоьраша	1	0
лоьрашна	1	0
лоьхкуш	1	0
лоьхучара	1	0
лоьхучийн	1	0
лоьхучунна	1	0
лоьххург	1	0
лоьххушехь	1	0
лоьцу	1	0
лу	1	0
лулахочуьнца	1	0
лулахошка	1	0
лунийн	1	0
лучул	1	0
луъушехь	1	0
луьйр	1	0
магдаал	1	1
магдал	1	1
магийнарг	1	0
магийначу	1	0
магийра	1	0
магӏиддан	1	1
магӏран	1	1
мадайхой	1	0
маданин	1	1
мадду	1	0
мазалца	1	0
мазаца	1	0
майда	1	0
майдана	1	0
майданара	1	0
майданашкара	1	0
маймалш	1	0
майранашка	1	0
майрий	1	0
македонхо	1	0
макира	1	1
макирах	1	1
маккхал	1	0
макхедан	1	1
макхедехь	1	1
макхи	1	1
макхни	1	1
мал	1	0
малаза	1	0
малалур	1	0
малалуш	1	0
маларна	1	0
малийтахьа	1	0
малийтина	1	0
маликашца	1	0
маликера	1	1
малкан	1	1
малкас	1	1
малкиал	1	1
малкин	1	1
малончаш	1	0
малош	1	0
малхбузерачу	1	0
малхехь	1	0
мамарина	1	1
манахьана	1	1
маннаше	1	1
марайоьллина	1	0
марахь	1	0
маргӏалйоьлла	1	0
мардай	1	0
маржанаш	1	0
марзъелира	1	0
марзъелла	1	0
марзъеллера	1	0
марка	1	1
маркабут	1	1
мармутис	1	1
марненаца	1	0
марош	1	0
марунихо	1	0
марут	1	1
марханех	1	0
марца	1	0
маси	1	1
маслаӏат	1	0
массанхьара	1	0
массарел	1	0
массарех	1	0
матани	1	1
матарадан	1	1
маттат	1	1
маттатан	1	1
маттера	1	0
маттет	1	1
махкахо	1	0
махкахойн	1	0
махкахьа	1	0
махьаллалан	1	1
махьаней	1	1
махьарх	1	0
махьатан	1	1
махьдин	1	1
махьир	1	1
махьлан	1	1
махьси	1	1
махӏир	1	1
мацаллин	1	0
мацбелла	1	0
мацца	1	0
мачашший	1	0
мачех	1	0
мачтанаш	1	0
машахан	1	1
машахь	1	1
машли	1	1
маьнга	1	0
маьрсахочо	1	0
маьршадевлла	1	0
маьӏиг	1	0
маьӏигашна	1	0
маӏаз	1	1
маӏак	1	1
маӏаца	1	0
маӏашкахь	1	0
маӏунхошна	1	0
меа	1	1
мегарг	1	0
медан	1	1
меженашкахь	1	0
меженийн	1	0
мезан	1	0
мейдебана	1	1
мекарлонашца	1	0
мелларг	1	0
меллачул	1	0
мелхи	1	1
мелхин	1	1
менахьиман	1	1
мерибан	1	1
мером	1	1
мерӏуьргаш	1	0
мерӏуьргашца	1	0
месел	1	0
месийн	1	0
меттавеара	1	0
меттанаша	1	0
меттара	1	0
меттахбер	1	0
меттахвер	1	0
меттахдаьлла	1	0
меттахӏоттийра	1	0
меттиго	1	0
мехкадайша	1	0
мехкадайшна	1	0
мехкаршна	1	0
мехьал	1	1
мешаъ	1	1
микхлут	1	1
микхлутан	1	1
миллион	1	0
миндал	1	0
мисарахула	1	1
мисаре	1	1
миси	1	1
мискачара	1	0
мискачарах	1	1
мискачо	1	0
мискачун	1	0
мисрепат	1	1
михулина	1	1
мицӏпе	1	1
миччахь	1	0
миччахьахула	1	0
мишъал	1	1
могуьйтуш	1	0
могӏанах	1	0
могӏанаш	1	0
могӏарш	1	0
могӏаршна	1	0
мозаша	1	0
молуьйтур	1	0
морзанах	1	0
морзахаш	1	0
морцуш	1	0
мостагӏ	1	0
мостагӏашкара	1	0
мостагӏел	1	0
моттаделла	1	0
моттарехь	1	0
мохан	1	0
моханца	1	0
моххьий	1	0
мочхал	1	0
мочхалех	1	0
мочхалца	1	0
моьлкъа	1	0
моьттург	1	0
муабахойх	1	0
муабахошкара	1	0
мубацар	1	1
мукъ	1	0
мукъабовлу	1	0
мукъаваккха	1	0
мукъавоккху	1	0
мурдах	1	0
мурйоьлла	1	0
мусагара	1	1
мусаний	1	1
муттдоккхург	1	0
муттдоккхургах	1	0
мутӏин	1	1
мухачу	1	0
муца	1	1
муьйлу	1	0
муьлхачуьнга	1	0
муьлххачунна	1	0
муьшан	1	0
муӏаниман	1	1
мӏерашца	1	0
наабан	1	1
набутига	1	1
набуяти	1	1
набуятин	1	1
назартхо	1	0
назархочунна	1	0
накхойх	1	0
накъостана	1	0
накъосто	1	0
намуал	1	1
нанойн	1	0
нанойх	1	0
наптухьхой	1	0
напуши	1	1
нараша	1	0
нард	1	0
нарийн	1	0
нартол	1	0
натӏупат	1	1
нахал	1	0
нахехьара	1	0
нахий	1	0
нахьаша	1	1
нахьирна	1	1
нахьрай	1	1
нахӏлал	1	1
нацухьан	1	1
наюта	1	1
наютахь	1	1
наӏаманан	1	1
нежнашна	1	0
некъахоша	1	0
некъахошна	1	0
некъаша	1	0
нептухь	1	1
нехча	1	0
неӏалтех	1	0
неӏарера	1	0
неӏарехула	1	0
нийсадерг	1	0
никласхойн	1	0
нисан	1	1
нисбе	1	0
нисбеш	1	0
нисваран	1	0
нисваре	1	0
нисваро	1	0
нисварх	1	0
нисвахь	1	0
нисвеллера	1	0
нисвелча	1	0
нисвойтуш	1	0
нисдан	1	0
нисдар	1	0
нисделча	1	0
нисдинчу	1	0
нисйира	1	0
нисло	1	0
нислора	1	0
нисрухан	1	1
нисъелла	1	0
нисъелча	1	0
ниттийн	1	0
ниха	1	0
ницкъаша	1	0
ницкъберг	1	0
ницкъболчу	1	0
ницкъболчун	1	1
ницкъболчух	1	0
нишке	1	0
нобахьа	1	1
новкъаваьлла	1	0
ножана	1	0
нохьица	1	1
нугӏахӏи	1	1
нускалийн	1	0
нускална	1	1
нускало	1	0
нуьйра	1	0
нуьре	1	0
нуьцкъалаллал	1	0
нуьцкъаллица	1	0
нуьцкъалчух	1	1
нуьцкъаха	1	0
нуӏад	1	1
нуӏмате	1	1
нӏаьнаша	1	0
нӏаьнех	1	0
нӏаьно	1	0
обатера	1	1
оганна	1	0
озалур	1	0
озах	1	0
озийра	1	0
озийча	1	0
ойийла	1	0
ойланашкахь	1	0
ойланашна	1	0
ойура	1	0
олаллера	1	1
олахойх	1	0
олахочух	1	0
оллийна	1	0
оллушехь	1	0
олучух	1	0
олучуьнга	1	0
олуьйтур	1	0
олхазарел	1	0
олхазаро	1	0
олхазарх	1	0
олхазарца	1	0
олхазаршний	1	0
олхазаршца	1	0
омрано	1	0
онам	1	1
онаман	1	1
ондачуьнгара	1	1
орамато	1	0
орамашна	1	1
орамо	1	0
оран	1	0
орцахвала	1	0
орцахвалахьа	1	0
отургашца	1	0
охьабехкира	1	0
охьабилла	1	0
охьабожийра	1	0
охьабохкур	1	0
охьабуьссучу	1	0
охьавогӏуш	1	0
охьавожахь	1	0
охьавоьжнарг	1	0
охьавоьжнехь	1	0
охьавоьжча	1	0
охьавуссур	1	0
охьавуссуш	1	0
охьадахана	1	0
охьадахийтира	1	0
охьадахийтича	1	0
охьадеана	1	0
охьадеара	1	0
охьадогӏур	1	0
охьадоьссина	1	0
охьадуссур	1	0
охьадуссуш	1	0
охьадуттура	1	0
охьадуьйжира	1	0
охьадуьллу	1	0
охьайижа	1	1
охьайилла	1	0
охьайогӏу	1	0
охьайогӏуш	1	0
охьайоуьйтуш	1	0
охьакхисса	1	0
охьакхоссийтира	1	0
охьаоьгун	1	0
охьаоьхур	1	0
охьаоьхуьйтура	1	0
охьатаьӏаш	1	0
охьатаьӏийла	1	0
охьатаӏо	1	0
охьатеӏаш	1	0
охьатийсира	1	0
охьатосур	1	0
охьатуьйхира	1	0
охьахаар	1	0
охьахаахьа	1	0
охьаховшуш	1	0
охьахӏиттае	1	0
охьахӏоттийра	1	0
охьахӏоттийча	1	0
охьаэгийла	1	0
охьаэгийра	1	0
охьаэгначу	1	0
охьаэгор	1	0
охьаэхийта	1	0
охьаюьллур	1	0
охьаяхка	1	0
охьаӏанийначу	1	0
охьаӏано	1	0
оцам	1	1
оччам	1	0
оччаман	1	0
оьгий	1	0
оьгийла	1	0
оьгӏазбахара	1	0
оьгӏазваха	1	0
оьгӏазвахарца	1	0
оьгӏазвахийтинчу	1	0
оьгӏазвохуьйту	1	0
оьгӏазвоьду	1	0
оьздангаллица	1	0
оьланаш	1	0
оьланна	1	0
оьллинчу	1	0
оьргаш	1	0
оьхуьйтуш	1	0
оьцийла	1	0
оьцурш	1	0
оьцучо	1	0
оьшун	1	0
оьшучохь	1	0
паг	1	1
пагӏиал	1	1
падунан	1	1
пайдехьа	1	0
пайхамарел	1	0
палиасарна	1	1
палтиале	1	1
пампили	1	1
паннанас	1	1
парашан	1	1
паргӏатбаьхнарш	1	0
паргӏатбевлла	1	0
паргӏатбовлийтархьама	1	0
паргӏатбохург	1	1
паргӏатвала	1	0
паргӏатваьккхира	1	0
паргӏатваьлла	1	0
паргӏатвоккху	1	0
паргӏатвоккхург	1	0
паргӏатдаккхархьама	1	0
паргӏатдаккхахьа	1	0
паргӏатдахаран	1	0
паргӏатдаьхначу	1	0
паргӏатдовлар	1	0
паргӏатдоккхур	1	0
паргӏатдоккхург	1	0
паргӏатдоккхучо	1	1
паргӏатйоккхург	1	1
паргӏатъяккха	1	0
парудин	1	1
паруциме	1	1
пасги	1	1
патипар	1	1
патипаран	1	1
патур	1	1
патӏрус	1	1
патӏрусхой	1	0
пахӏалца	1	1
пачхьалкхашкарчу	1	0
паччахьаллел	1	0
пашихьура	1	1
паӏалан	1	1
паӏорехь	1	1
паӏорна	1	1
паӏу	1	1
пелагашна	1	0
пелат	1	1
пеликан	1	0
пенал	1	0
пешийн	1	1
пийсакашца	1	0
пикхахьин	1	1
пилапана	1	1
пилти	1	1
пинан	1	1
пиника	1	1
питана	1	0
питанаш	1	0
питун	1	1
пихал	1	1
пондарх	1	0
похӏме	1	0
похӏмица	1	0
пукрати	1	1
пхарца	1	0
пхерчашца	1	0
пхуьйтталгӏаниг	1	0
пхьаьрсах	1	0
пхьаьрскӏилата	1	1
пхьаьрскӏилате	1	1
пхьаьрсо	1	0
пхьегӏашца	1	0
пхьерашка	1	0
пхьерийн	1	0
пӏарӏатунарчу	1	1
пӏелаштамхочуьнца	1	0
пӏелгана	1	0
пӏелгашца	1	0
пӏенда	1	0
пӏендаршна	1	0
пӏерасканан	1	0
раабанна	1	1
рапа	1	1
рапидам	1	1
рапидамера	1	1
расан	1	1
расхачу	1	0
рахьале	1	1
рахьбуӏаме	1	1
рахьбуӏамца	1	1
рахьубан	1	1
рахьубера	1	1
рахьун	1	1
рацап	1	1
раьгӏнашкахь	1	0
ребаӏ	1	1
ребин	1	1
регӏа	1	0
регӏам	1	1
резаван	1	0
резахилийтар	1	0
резахилийтархьама	1	0
резахилла	1	0
резахуьлуьйтучу	1	0
репахо	1	0
речӏанах	1	0
римехь	1	1
рипӏат	1	1
рожехь	1	0
рубин	1	0
румамти	1	1
руӏманан	1	1
сабахьтани	1	0
сабба	1	1
сабтехьа	1	1
сабтӏа	1	1
сагалматаш	1	0
сагатдарца	1	0
сагӏадоьхург	1	0
сагӏанаша	1	0
садалар	1	0
садаржаран	1	0
садаьӏна	1	0
садаӏийтархьама	1	0
садетта	1	0
садеӏаро	1	0
садеӏарца	1	0
саззи	1	0
сайгахьа	1	0
сайнаш	1	0
сайранаш	1	0
сакхатара	1	1
сакхатарчу	1	1
сакхатехь	1	1
сакъералойша	1	0
сакъералур	1	0
салин	1	1
салина	1	1
салма	1	1
салман	1	1
салманан	1	1
салмин	1	1
самабала	1	1
самабевр	1	0
самабоккхур	1	0
самаваккха	1	0
самаваьккхира	1	0
самаваьллачу	1	1
самаялахьа	1	0
самукъадаккхар	1	0
санбулата	1	1
санехьа	1	0
саниара	1	1
саннарш	1	0
санначарна	1	0
санначеран	1	0
сардамех	1	0
сарете	1	1
сарид	1	1
сарпат	1	1
сатасаран	1	0
сатийсамах	1	0
сатийсамаш	1	0
сатийсамехь	1	0
сатийсамца	1	0
сатийсарца	1	0
сатоссучу	1	0
сатта	1	1
сатуьйсура	1	0
сахуьллучу	1	1
сахьтаний	1	0
сацабайтира	1	0
сацадайтархьама	1	0
сацадахь	1	0
сацало	1	0
сацамах	1	0
сацамо	1	0
сацкъаран	1	0
сацош	1	0
саьлнашна	1	0
саьлнийн	1	0
саьмгалан	1	0
саьмгалх	1	0
саьхьаш	1	0
севсина	1	0
севцинчу	1	0
севцна	1	0
севцначу	1	0
сегӏазан	1	0
седамехь	1	1
сейн	1	0
селад	1	1
сенах	1	0
сенашкахь	1	0
сено	1	0
серагӏан	1	1
серана	1	1
серлаяьккхира	1	0
серлаяьлла	1	0
сеттачу	1	0
сех	1	0
сецор	1	0
сеш	1	0
сеӏирна	1	1
сибате	1	0
сибмерачу	1	1
сийде	1	0
сийлаллах	1	0
сийлалло	1	0
сийлахьа	1	0
сийналла	1	0
сийсазаллех	1	0
сийсазбаьккхина	1	0
сийсазбаьхна	1	0
сийсазвинарг	1	0
сийсазвохура	1	0
сийсазвочеран	1	0
сийсаздар	1	0
сийсаздаьккхира	1	0
сийсаздинера	1	0
сийсаздоккхуш	1	0
сийсаздохура	1	0
сийсазйина	1	0
сийсазйохуш	1	0
сийсазлелар	1	0
синахой	1	0
сингаттамечу	1	0
сингаттамца	1	0
синойн	1	0
синпаргӏатоне	1	0
сип	1	0
сирап	1	0
сириюн	1	1
сирлачу	1	0
сискал	1	0
сихвелира	1	0
сихвира	1	0
сихлой	1	1
сихлойла	1	0
сихлуш	1	0
совбевлира	1	0
совбер	1	0
совгӏатана	1	0
совгӏато	1	0
совдаккхархьама	1	0
совдегар	1	0
совдегарийн	1	0
совдерг	1	0
совдоккхур	1	0
совдоккхуш	1	0
совдохур	1	0
совйолуш	1	0
совсабо	1	0
совсийначу	1	0
совсо	1	0
совсош	1	0
совцабе	1	0
совцийна	1	0
совцур	1	0
совъяккха	1	0
сой	1	0
соне	1	0
сонерачу	1	1
сонна	1	0
сонталлица	1	0
сонтачийн	1	0
соцу	1	0
соьгарчух	1	1
соька	1	0
соьналлех	1	0
стагехула	1	0
стаммий	1	0
старах	1	0
стелахаьштиго	1	0
стерчех	1	0
стигалаш	1	0
стигале	1	0
стигалех	1	0
стигалний	1	0
стигало	1	0
стогарх	1	0
стогарца	1	0
стоммалла	1	0
стохка	1	0
стоьме	1	0
стунден	1	0
субахи	1	1
субахис	1	1
сулимах	1	1
сунтбаран	1	0
сунтбе	1	0
сунтбинчех	1	0
сунтварах	1	0
сунтвинчул	1	0
супартин	1	1
сурх	1	0
сутайн	1	1
суьйренгахьа	1	0
суьрташа	1	0
суьртех	1	0
суьрто	1	0
схьаалахьа	1	0
схьабаккха	1	0
схьабалабора	1	0
схьабан	1	0
схьабаха	1	0
схьабаьккхича	1	0
схьабаьллачу	1	0
схьабаьхкинарш	1	0
схьабеана	1	0
схьабеара	1	0
схьабевллачарах	1	0
схьабелча	1	0
схьабехира	1	0
схьабогӏий	1	0
схьабогӏура	1	0
схьабогӏучу	1	0
схьаболу	1	0
схьаваза	1	0
схьавалар	1	0
схьаваларх	1	0
схьавало	1	0
схьавалош	1	0
схьавар	1	0
схьаваран	1	0
схьаваьллий	1	0
схьаверзахьа	1	0
схьаволахь	1	1
схьавоьл	1	1
схьагайтира	1	0
схьагарехь	1	0
схьагулбеллачарна	1	0
схьагулбина	1	0
схьагулвелла	1	0
схьагулвеллера	1	0
схьагулдайтархьама	1	0
схьагулйича	1	0
схьагуллуш	1	0
схьагулъян	1	0
схьадаийта	1	0
схьадаийтархьама	1	0
схьадаийтира	1	0
схьадала	1	0
схьадалар	1	0
схьадалархьама	1	0
схьадаржийна	1	0
схьадаржийра	1	0
схьадахьара	1	0
схьадаьллачух	1	0
схьадаьстира	1	0
схьадеанчу	1	0
схьадеача	1	0
схьадевлира	1	0
схьадевлларш	1	0
схьадевллачу	1	0
схьаделлахьа	1	0
схьаделлачу	1	0
схьаделча	1	0
схьадовлар	1	0
схьадовлийла	1	0
схьадогӏу	1	0
схьадола	1	0
схьадолуьйтур	1	0
схьадуьйлуш	1	0
схьаеанчу	1	0
схьаевлла	1	0
схьаихна	1	0
схьайогӏучу	1	0
схьайола	1	0
схьайолург	1	0
схьайоьллуьйту	1	0
схьакхайкхал	1	1
схьакхайкхийтира	1	0
схьакхаьчначу	1	0
схьакхаьчначул	1	0
схьакхета	1	0
схьакхетталц	1	0
схьакховдийна	1	0
схьакховдийначу	1	0
схьакховдийра	1	0
схьакхочу	1	0
схьакхоьтуьйту	1	0
схьакхоьхьуш	1	0
схьакъастаде	1	0
схьакъастахь	1	0
схьалахь	1	0
схьалацаза	1	0
схьалацахь	1	0
схьалоьцуш	1	0
схьаоьцийла	1	0
схьатосуьйтур	1	0
схьахазийта	1	0
схьахаьржжинарг	1	0
схьахаьржинарг	1	0
схьахьажал	1	1
схьахьаьжча	1	0
схьахьовсийша	1	0
схьаэцарна	1	0
схьаэций	1	0
схьаюьйла	1	0
схьаюьйлучу	1	0
схьаяийтира	1	0
схьаяккхахь	1	0
схьаяла	1	0
схьаялайора	1	0
схьаялар	1	0
схьаялаяйта	1	0
схьаялор	1	0
схьаяьккхинера	1	0
схьаӏеттор	1	0
табуӏатин	1	1
тайнарг	1	0
тайначарах	1	0
тайначарна	1	0
тайпан	1	0
тайпанашкарчу	1	0
тайпанера	1	0
тайпанца	1	0
тайтина	1	0
такхел	1	1
такхоӏан	1	1
такхоӏарчу	1	1
талларна	1	0
таллархьама	1	0
таллахьа	1	0
таллий	1	0
таллийта	1	0
талмай	1	1
талхаделаш	1	0
талхарх	1	0
талхийта	1	0
тамаре	1	1
тамарига	1	1
тамухьан	1	1
танхьуматан	1	1
тапас	1	1
тапе	1	1
тапин	1	1
тапсахь	1	1
тарбийр	1	0
тарбо	1	0
тардала	1	0
тарделира	1	0
тардеш	1	0
тарлой	1	0
тарлолаш	1	0
тарлучу	1	0
таррашший	1	0
тархашкахь	1	0
таръелла	1	0
тасабалийта	1	0
тасабелира	1	0
тасабелларг	1	0
тасаболуьйтун	1	0
тасаболуьйтур	1	0
тасаза	1	0
тасалахь	1	0
тасар	1	0
тасархьама	1	0
тасийталаш	1	0
татанах	1	0
татинай	1	1
татинайс	1	1
татолашна	1	0
татталаш	1	0
тахкийна	1	0
таьлланган	1	0
таьллангех	1	0
таьӏаш	1	0
таӏзарех	1	0
таӏзаро	1	0
теапил	1	1
теба	1	0
теван	1	0
тевийр	1	0
тега	1	0
тедархьама	1	0
тезетахь	1	0
тейийриг	1	0
текхар	1	0
текхара	1	0
телам	1	1
теллинчул	1	0
теллира	1	0
теллича	1	0
телхинера	1	0
телхира	1	0
теманхойн	1	0
тептарна	1	0
тептаршка	1	0
тераниг	1	0
тергалвеш	1	0
терзан	1	0
терзанаш	1	0
тесначу	1	0
теттира	1	0
техкира	1	0
тешана	1	0
тешаша	1	0
тешийна	1	0
тешийра	1	0
тешийча	1	0
теӏош	1	0
тибанина	1	1
тидамца	1	0
тийжарийн	1	0
тийжарца	1	0
тийначу	1	0
тийсалаш	1	0
тийсахь	1	0
тийши	1	0
тилабеллачу	1	0
тилар	1	0
тилассар	1	1
тилгӏат	1	1
тиллинарг	1	0
тилош	1	0
тирас	1	1
тирхӏакъа	1	1
тите	1	1
тихӏака	1	1
тишачу	1	0
тишлуш	1	0
ткъайоьсналгӏаниг	1	0
ткъайоьсналгӏачу	1	0
ткъесана	1	0
ткъесо	1	0
ткъолгӏа	1	0
ткъолгӏаниг	1	0
тоарна	1	0
тобанашкара	1	0
тобе	1	0
товеллачуьнга	1	0
товелча	1	0
товехьа	1	0
товр	1	0
тогӏене	1	0
тогӏех	1	0
тогӏехула	1	0
тогӏешкахь	1	0
тогӏешна	1	0
тоделира	1	0
тоделла	1	0
тоелира	1	0
тойира	1	0
тойтуш	1	0
токх	1	0
токхур	1	0
токхуьйтуш	1	0
толамах	1	1
толамашна	1	0
толуш	1	0
томмагӏана	1	0
тосуьйтуш	1	0
тохавелла	1	0
тохарна	1	0
тохийтина	1	0
тохийтира	1	0
тоьгу	1	0
тоьира	1	0
тоьтту	1	0
тоьхнера	1	0
тоьххна	1	0
тоьшаллица	1	0
тоӏас	1	1
тубалан	1	1
туовар	1	0
турбано	1	0
турби	1	0
турбин	1	0
туркх	1	0
турпалхойн	1	0
турпалхочунна	1	0
турсашший	1	0
турсо	1	0
тускарш	1	0
тутмакхан	1	0
тутмакхех	1	0
тухучунна	1	0
тухуьйтур	1	0
туьдуш	1	0
туьйдаргех	1	0
туьйсучу	1	0
туьллу	1	0
туьллуш	1	0
туьрал	1	0
туьхана	1	0
тхайга	1	0
тхевнах	1	0
тхевнашна	1	0
тхине	1	0
тховссехь	1	0
тхойша	1	0
тхол	1	0
тхоьгахула	1	0
тхоьгахьа	1	0
тхуний	1	0
тхьайтир	1	1
тӏа	1	0
тӏадам	1	0
тӏадамал	1	0
тӏадор	1	0
тӏамига	1	1
тӏапломахь	1	0
тӏаус	1	0
тӏаьрсигана	1	0
тӏаьххьалц	1	0
тӏаьхьабахара	1	0
тӏаьхьабевллачеран	1	0
тӏаьхьабевллачех	1	0
тӏаьхьабовлу	1	0
тӏаьхьабогӏучу	1	0
тӏаьхьаваьллачу	1	0
тӏаьхьаваьллера	1	0
тӏаьхьавогӏу	1	0
тӏаьхьаволу	1	0
тӏаьхьадевлла	1	0
тӏаьхьадисина	1	0
тӏаьхьадисинарг	1	0
тӏаьхьадисинчу	1	0
тӏаьхьадовла	1	0
тӏаьхьалонах	1	0
тӏаьхьахӏиттинчара	1	0
тӏаьхьахӏиттинчарах	1	0
тӏаьхьахӏиттинчарна	1	0
тӏаьхьахӏиттинчу	1	0
тӏаьхьахӏиттича	1	0
тӏаьхьахӏоьттинарг	1	0
тӏаьхьахӏоьттинчу	1	0
тӏаьхьахӏуттур	1	0
тӏаьхьахӏуьттурш	1	0
тӏаьхьаяьлла	1	0
тӏаьхьенехь	1	0
тӏебалабе	1	0
тӏебар	1	0
тӏебахийта	1	0
тӏебахка	1	0
тӏебахкийта	1	0
тӏебахкийтиначарна	1	0
тӏебахча	1	0
тӏебаьхкинчарна	1	0
тӏеберзор	1	0
тӏебехкина	1	0
тӏебиллира	1	0
тӏебогӏур	1	0
тӏебогӏучу	1	0
тӏебоьрзу	1	0
тӏеваийта	1	0
тӏеваийтина	1	0
тӏевало	1	0
тӏевалор	1	0
тӏевалош	1	0
тӏевирзинчу	1	0
тӏевирзира	1	0
тӏевогӏур	1	0
тӏеволавелча	1	0
тӏевохуьйтур	1	0
тӏевоьдучохь	1	0
тӏевоьрзур	1	0
тӏегӏорта	1	0
тӏегӏоьртинчу	1	0
тӏегӏуртур	1	0
тӏедаийтахьа	1	0
тӏедаийтина	1	0
тӏедаларца	1	0
тӏедале	1	0
тӏедар	1	0
тӏедаран	1	0
тӏедахана	1	0
тӏедаьккхина	1	0
тӏедаьлла	1	0
тӏедаьлларг	1	0
тӏедаьлча	1	0
тӏедаьхкинарш	1	0
тӏедевллачу	1	1
тӏедерзийра	1	0
тӏедерзийтархьама	1	0
тӏедерзош	1	0
тӏедехкинаршна	1	0
тӏедехкинчарах	1	0
тӏедехкира	1	0
тӏедиллар	1	0
тӏедирзира	1	0
тӏедогӏаре	1	0
тӏедожор	1	0
тӏедожош	1	0
тӏедолу	1	0
тӏедотта	1	0
тӏедоьгӏна	1	0
тӏедоьлхуш	1	0
тӏедоьрзура	1	0
тӏедуьгучу	1	0
тӏедуьллура	1	0
тӏеелира	1	0
тӏеетта	1	0
тӏейилла	1	0
тӏейирзина	1	0
тӏейоьжна	1	0
тӏекхайкхинчарна	1	0
тӏекхачаран	1	0
тӏекхаьчний	1	0
тӏекхиира	1	0
тӏекхойкху	1	0
тӏекхойкхучу	1	0
тӏекхоччуш	1	0
тӏекхоьллира	1	0
тӏекхоьхьура	1	0
тӏекхоьхьуш	1	0
тӏекхуьучу	1	0
тӏелатархьама	1	0
тӏелаьцначо	1	0
тӏелетара	1	0
тӏелеттера	1	0
тӏелетча	1	0
тӏелоцун	1	0
тӏелоцуш	1	0
тӏемавелира	1	0
тӏемалойл	1	0
тӏемах	1	0
тӏемаяьлла	1	0
тӏеоьхур	1	0
тӏеоьцун	1	0
тӏеоьцура	1	0
тӏеоьцучунна	1	0
тӏеоьшург	1	0
тӏерадаьккхира	1	0
тӏергаш	1	0
тӏетаса	1	0
тӏетевжина	1	0
тӏетовжош	1	0
тӏетовр	1	0
тӏетосург	1	0
тӏетосучу	1	0
тӏехбевлира	1	0
тӏехбеттам	1	0
тӏехбеттаме	1	0
тӏехбовлучу	1	0
тӏехваьлла	1	0
тӏехваьлча	1	0
тӏехдаллалц	1	0
тӏехдаьлла	1	0
тӏехдеттар	1	0
тӏехдолуш	1	0
тӏехиттина	1	0
тӏехлелха	1	0
тӏехоьцур	1	0
тӏехъоьху	1	0
тӏехъоьхур	1	0
тӏехъоьхуш	1	0
тӏехъюьзна	1	0
тӏехъяьлла	1	0
тӏехьенаш	1	0
тӏехьовсурш	1	0
тӏехьовсучара	1	1
тӏехьовсуш	1	0
тӏехьур	1	0
тӏехӏиттина	1	1
тӏехӏотта	1	0
тӏехӏоттор	1	0
тӏехӏоьттина	1	0
тӏехӏуттуш	1	0
тӏеэцалаш	1	0
тӏеэцалур	1	0
тӏеэцарна	1	0
тӏеэцархьама	1	0
тӏеэцийта	1	0
тӏеэцначо	1	0
тӏеэцнера	1	0
тӏеюттура	1	0
тӏеюхур	1	0
тӏеюхучу	1	0
тӏеюьйхинчу	1	0
тӏеягӏахь	1	0
тӏеяре	1	0
тӏеяхана	1	0
тӏеяхка	1	0
тӏеяхьаш	1	0
тӏеяьлла	1	0
тӏийриг	1	0
тӏингар	1	0
тӏоба	1	1
тӏобера	1	1
тӏомах	1	0
тӏохьа	1	1
тӏоьрмагаш	1	0
тӏулгал	1	0
тӏулгашка	1	0
тӏулгел	1	0
тӏулман	1	1
тӏулманан	1	1
тӏунбайта	1	0
угӏар	1	0
угӏу	1	0
угӏур	1	0
узал	1	1
узарша	1	0
узур	1	0
улай	1	1
улам	1	1
уламан	1	1
уллобаха	1	0
уллорачарах	1	0
уллорнаш	1	0
улха	1	0
упарсин	1	1
урамера	1	0
урамновкъахь	1	0
ури	1	1
уриалан	1	1
урхалчашна	1	0
уръяхӏуна	1	1
устазал	1	0
устазана	1	1
ухӏулибатан	1	1
уьйзира	1	0
уьйтӏахь	1	0
уьйтӏе	1	0
уьстагӏал	1	0
уьстагӏах	1	0
уьшалш	1	0
уьшаршца	1	0
хааделла	1	0
хааза	1	0
хаале	1	0
хаалуш	1	0
хаамех	1	0
хаамехь	1	0
хаамца	1	0
хаамчас	1	0
хаарна	1	0
хааро	1	0
хаарша	1	0
хадабай	1	0
хадийнарг	1	0
хазалле	1	0
хазаллехь	1	0
хазаллина	1	0
хазаниг	1	0
хазар	1	0
хазарна	1	0
хазделира	1	0
хазийтира	1	0
хазнашкахь	1	0
хазне	1	0
хазнел	1	0
хазнин	1	0
хазъелла	1	0
хаийтахьа	1	0
хаийтинера	1	0
халахетаран	1	0
халахетарна	1	0
хална	1	1
халубан	1	1
харжам	1	0
харжар	1	0
харжий	1	0
харжийта	1	0
харцахьарчу	1	0
харцболу	1	0
харцделанашка	1	0
харцдолчуьнца	1	0
харцдуй	1	0
харцжинашна	1	0
харцийра	1	0
харцкхайкхамаш	1	0
харцкхелаш	1	0
харцлуьйчеран	1	0
харцматтаца	1	0
харцонашца	1	0
харцоне	1	0
харцонехьа	1	0
харцоно	1	0
харцончаш	1	0
харцор	1	0
харцпайхамар	1	0
харцтоьшаллаш	1	0
хас	1	0
хастадайтархьама	1	0
хастайойла	1	1
хастаяйта	1	0
хастийра	1	0
хатталц	1	0
хаттархьама	1	0
хаттарца	1	0
хаттийтахьа	1	0
хатӏ	1	0
хахкаелла	1	0
хашадхошца	1	0
хаъал	1	0
хаъалц	1	0
хаьахьара	1	0
хаьснаш	1	0
хаьттинера	1	0
хаьттиний	1	0
хаьштигех	1	0
хевшинчохь	1	0
хедадай	1	0
хедаш	1	0
хедийла	1	0
хеззина	1	0
хелхавуьйлуш	1	0
хелхар	1	0
хелхарш	1	0
хеназа	1	0
херабевлла	1	0
херо	1	0
херцош	1	0
хеставо	1	0
хестадаран	1	0
хестайо	1	0
хестайойла	1	0
хестийна	1	0
хеталаш	1	0
хетарца	1	0
хетарш	1	0
хетачийн	1	0
хетийти	1	0
хехой	1	0
хехочо	1	1
хехочуьнга	1	0
хецаеллий	1	0
хиинчу	1	0
хийрачо	1	0
хийрачун	1	0
хийцаделла	1	0
хийцахь	1	0
хилаза	1	0
хилийти	1	0
хилийтийша	1	0
хиллачаьрга	1	0
хиллачеран	1	0
хиллачех	1	0
хиллачохь	1	0
хиллачуьнга	1	0
хиллачуьра	1	0
хинболу	1	0
хинболчу	1	0
хиндерш	1	0
хиндолчунна	1	0
хиъинехь	1	0
ховхачу	1	0
ховшийнера	1	0
ховшо	1	0
ховшу	1	0
хоржучу	1	0
хорша	1	0
хотта	1	0
хоттана	1	0
хотту	1	0
хоьттучарна	1	0
хоьтуьйту	1	0
хоьцу	1	0
хуийла	1	0
хуучуьнга	1	0
хушахойх	1	0
хушахочуьнга	1	0
хуьлурш	1	0
хуьлучунна	1	0
хуьлуьйтура	1	0
хьабаба	1	1
хьаби	1	1
хьабукъа	1	1
хьабуле	1	1
хьабулна	1	1
хьавах	1	1
хьаг	1	0
хьагам	1	0
хьагамо	1	0
хьагата	1	1
хьагвелла	1	0
хьагид	1	1
хьагӏабин	1	1
хьада	1	1
хьадидана	1	1
хьадидара	1	1
хьадун	1	1
хьажаво	1	0
хьажадо	1	0
хьажаехьа	1	0
хьажалора	1	0
хьази	1	1
хьазиале	1	1
хьайбанаша	1	0
хьайгахьа	1	1
хьакхаделла	1	0
хьакхалаш	1	0
хьакхалуш	1	0
хьакхарех	1	0
хьакхийтинчу	1	0
хьакхийтира	1	0
хьакхош	1	0
хьакъупин	1	1
хьалаайаделира	1	0
хьалаайаделча	1	0
хьалаайае	1	0
хьалаайайо	1	0
хьалаайийта	1	0
хьалабер	1	0
хьалабовлу	1	0
хьалаболучу	1	0
хьалабузур	1	0
хьалабуьйлу	1	0
хьалавахара	1	0
хьалаваьккхинчу	1	0
хьалаваьккхича	1	0
хьалаваьлларг	1	0
хьалавоккхур	1	0
хьалавоккхуш	1	0
хьалаволуш	1	0
хьалавуьзна	1	0
хьалагӏатто	1	0
хьалагӏаттор	1	0
хьалагӏаьттинчул	1	0
хьалагӏовттийта	1	0
хьалагӏовттуш	1	0
хьалагӏоттучу	1	0
хьаладахара	1	0
хьаладаьлларг	1	0
хьаладевлира	1	0
хьаладевлча	1	0
хьаладоккхур	1	0
хьаладоьттира	1	0
хьаладузура	1	0
хьалаелира	1	0
хьалаер	1	0
хьалайолуьйту	1	0
хьалакх	1	1
хьалакхаччал	1	0
хьалакхаччалц	1	0
хьалакхаьчна	1	0
хьалакхиира	1	0
хьалакхуьу	1	0
хьалаойура	1	0
хьалаоьллира	1	0
хьалахьаьжира	1	0
хьалахьовсал	1	0
хьалаюза	1	0
хьалаюьзна	1	0
хьалаяьллера	1	0
хьалаяьхьира	1	0
хьалдолчара	1	0
хьалдолчеран	1	0
хьалид	1	1
хьалом	1	1
хьалхабевлира	1	0
хьалхарнаш	1	0
хьалхарчеран	1	0
хьамал	1	1
хьаматхой	1	0
хьамура	1	1
хьаналниг	1	0
хьананан	1	1
хьананиал	1	1
хьананиалан	1	1
хьанаса	1	1
хьанатан	1	1
хьанатана	1	1
хьаниал	1	1
хьанунига	1	1
хьарамлонца	1	0
хьарамчух	1	0
хьарасан	1	1
хьарашин	1	1
хьаргӏанаш	1	0
хьарибара	1	1
хьарсат	1	1
хьархьасан	1	1
хьархьуран	1	1
хьарчаде	1	0
хьарчийтархьама	1	0
хьаршара	1	1
хьатапин	1	1
хьататин	1	1
хьатилан	1	1
хьатӏ	1	0
хьахли	1	1
хьахманин	1	1
хьацармават	1	1
хьацранина	1	1
хьацраних	1	1
хьацранихой	1	0
хьаццон	1	1
хьаш	1	1
хьашба	1	1
хьашбин	1	1
хьашташ	1	0
хьашташка	1	0
хьашташна	1	0
хьашубин	1	1
хьашубис	1	1
хьашум	1	1
хьашупин	1	1
хьаьвданна	1	0
хьаьвди	1	0
хьаьвзаш	1	0
хьаьвзина	1	0
хьаьвихочун	1	0
хьаьвихошна	1	0
хьаьвсина	1	0
хьаьвсира	1	0
хьаьвсича	1	0
хьаьдча	1	0
хьаькамел	1	0
хьаьнгахула	1	0
хьаьрчар	1	0
хьаьрчинера	1	0
хьаьттарш	1	0
хьаьттах	1	0
хьевелла	1	0
хьевеллера	1	0
хьевронна	1	1
хьевронхойн	1	0
хьегарехула	1	0
хьегарна	1	0
хьегаро	1	0
хьегарх	1	0
хьегийта	1	0
хьегийтина	1	0
хьегнарг	1	0
хьегначарна	1	0
хьегначул	1	0
хьежарх	1	0
хьежжара	1	0
хьекхахь	1	0
хьекъалаллина	1	0
хьекъалечун	1	1
хьекъалнаш	1	0
хьекъалш	1	0
хьелаш	1	0
хьелдай	1	1
хьем	1	0
хьерабевлла	1	0
хьераваьлча	1	0
хьерас	1	1
хьерчийначу	1	0
хьесад	1	1
хьесталур	1	0
хьетахочун	1	0
хьетахочуьнгара	1	0
хьетӏехь	1	0
хьехамал	1	0
хьехамехь	1	0
хьехамчашца	1	0
хьехарна	1	0
хьехархой	1	0
хьехийта	1	0
хьехош	1	0
хьецари	1	1
хьешана	1	0
хьешашка	1	0
хьешо	1	0
хьеюккъе	1	0
хьиддекхал	1	1
хьийзавехьа	1	0
хьийзачу	1	0
хьийзий	1	0
хьийзийла	1	0
хьийзийнарг	1	0
хьовза	1	0
хьовзийна	1	0
хьовсийта	1	0
хьовсу	1	0
хьовсучарна	1	0
хьожанах	1	0
хьозанах	1	0
хьозанел	1	0
хьозин	1	1
хьокхешна	1	0
хьокхурш	1	0
хьокхучарна	1	0
хьоладай	1	0
хьолахо	1	1
хьолахой	1	0
хьолахочун	1	0
хьолахошна	1	0
хьолаца	1	0
хьомсарчун	1	1
хьори	1	1
хьорихой	1	0
хьоронна	1	1
хьоронхо	1	0
хьоршам	1	0
хьосин	1	1
хьостамий	1	0
хьостан	1	1
хьостанийн	1	0
хьоьгуьйтург	1	0
хьоьжучул	1	0
хьоьжучух	1	0
хьоьхург	1	0
хьоьхучух	1	0
хьоьший	1	0
хьоьшура	1	0
хьула	1	1
хьулдата	1	1
хьулдатана	1	1
хьумаран	1	0
хьуний	1	1
хьупим	1	1
хьушайн	1	1
хьуьйш	1	0
хьуьнарца	1	0
хьуьне	1	0
хьуьнна	1	0
хӏаваана	1	0
хӏаваэрачу	1	0
хӏаваэхь	1	1
хӏагирхошца	1	0
хӏададан	1	1
хӏадасин	1	1
хӏажаре	1	1
хӏаил	1	1
хӏаймана	1	1
хӏайтӏабал	1	1
хӏалилин	1	1
хӏаллакбаран	1	0
хӏаллакбелаш	1	0
хӏаллакбечу	1	0
хӏаллакбиначарна	1	0
хӏаллакбинчаьрца	1	0
хӏаллакбинчеран	1	0
хӏаллаквича	1	0
хӏаллакдаза	1	0
хӏаллакдайта	1	0
хӏаллакдахь	1	0
хӏаллакден	1	0
хӏаллакдинарг	1	0
хӏаллакьеш	1	0
хӏаллакьхиларх	1	0
хӏаллакьхилахь	1	0
хӏаллакьхиллачийн	1	0
хӏаллакьхуьлуьйтург	1	0
хӏаллакьяйтархьама	1	0
хӏанохан	1	1
хӏаранан	1	1
хӏарар	1	1
хӏародадан	1	1
хӏасинуан	1	1
хӏатахига	1	1
хӏатаъву	1	1
хӏацубайман	1	1
хӏейма	1	1
хӏетахьлерчу	1	0
хӏилланаш	1	0
хӏилланчийн	1	0
хӏиттабай	1	0
хӏиттабо	1	0
хӏиттайора	1	0
хӏиттахь	1	0
хӏиттийта	1	0
хӏиттинчу	1	0
хӏокхарна	1	0
хӏоллам	1	0
хӏорамма	1	0
хӏораннах	1	0
хӏордахоша	1	0
хӏордкеманаша	1	0
хӏордкеманашца	1	0
хӏоттадан	1	0
хӏоттаяй	1	0
хӏоттийтахьа	1	0
хӏоттора	1	0
хӏотточу	1	0
хӏоьттинийла	1	0
хӏуманал	1	0
хӏуманаша	1	0
хӏусамашкара	1	0
хӏуттут	1	0
хӏуьманай	1	1
хӏуьнна	1	0
хӏуьттучу	1	0
цабезарна	1	0
цавашар	1	0
цавезнарш	1	0
цадашар	1	0
цалакх	1	1
цалпихьад	1	1
цамгарца	1	0
цапан	1	1
цапун	1	1
царати	1	1
царначул	1	0
царуят	1	1
цатешарш	1	0
цатоар	1	0
цахиларо	1	0
цахиндерг	1	1
цаьпцалг	1	0
цаяшарца	1	0
цаӏнаним	1	1
цебаӏим	1	1
целаӏ	1	1
цепонна	1	1
цергех	1	0
цецбевлира	1	0
цецваларца	1	0
цецвуьйлура	1	0
цецдаьллера	1	0
цецдуьйлура	1	0
цивъяхӏу	1	1
цигга	1	0
цилла	1	1
цилтай	1	1
ципара	1	1
цистинчу	1	0
цихьин	1	1
цкъаццӏа	1	1
цобарчу	1	1
цобера	1	1
цомгушчу	1	0
цомгушчунна	1	0
цорарчу	1	1
цорахо	1	0
цорахоша	1	0
цорӏаний	1	1
цорӏахой	1	0
цубига	1	1
цубин	1	1
цупар	1	1
цупара	1	1
цур	1	1
цурин	1	1
цушиммо	1	0
цуьрг	1	0
цхьабайма	1	1
цхьаболчарах	1	0
цхьаболчеран	1	0
цхьалхадаккха	1	0
цхьаьнакхета	1	0
цхьаьнакхеташ	1	0
цхьаьнакхеттачу	1	0
цхьаьнатохар	1	1
цхьаьнатоьхнарг	1	0
цхьаьнатуьйхира	1	0
цхьаьнгара	1	0
цхьаьнцца	1	0
цхьогалийн	1	1
цӏабайма	1	1
цӏадакъас	1	1
цӏаданера	1	1
цӏаданна	1	1
цӏадукъига	1	1
цӏадукъина	1	1
цӏазапӏелг	1	0
цӏанбалаза	1	0
цӏанбалийта	1	0
цӏанбина	1	0
цӏанвехьа	1	0
цӏанвеш	1	0
цӏанвинчул	1	0
цӏандар	1	0
цӏандахь	1	0
цӏанделира	1	0
цӏанйийр	1	0
цӏанйора	1	0
цӏанонна	1	0
цӏанъе	1	0
цӏанъяларан	1	0
цӏармата	1	0
цӏемарайм	1	1
цӏемархой	1	0
цӏеношкара	1	0
цӏерачаьрга	1	0
цӏеяханарш	1	0
цӏеяханчара	1	0
цӏийелла	1	0
цӏийнал	1	0
цӏийнахь	1	0
цӏийнда	1	0
цӏиндаларан	1	0
цӏинлуш	1	0
цӏогарчий	1	0
цӏоканех	1	0
цӏокъ	1	0
цӏохьаран	1	1
цӏоцкъамаш	1	0
цӏуно	1	0
чагуб	1	1
чагӏардуттучо	1	0
чагӏардуттучунна	1	0
чайка	1	0
чаккхенах	1	0
чамхалге	1	0
чарха	1	0
чархах	1	0
чахчийна	1	0
чахчош	1	0
чаьмза	1	0
чевнах	1	0
чекхбаккха	1	0
чекхбаккхахьа	1	0
чекхбаллалц	1	0
чекхбахар	1	0
чекхбахийта	1	0
чекхбаьккхина	1	0
чекхбаьхначу	1	0
чекхбовлучара	1	0
чекхбовлуш	1	0
чекхбоккхур	1	0
чекхболуш	1	0
чекхволура	1	0
чекхдала	1	0
чекхдахийтина	1	0
чекхдахийтира	1	0
чекхдаьккхина	1	0
чекхдаьккхинчунна	1	1
чекхдаьккхича	1	0
чекхдаьлла	1	0
чекхдели	1	0
чекхдовлар	1	0
чекхдоккхун	1	0
чекхйовла	1	0
чекхъяккхалур	1	0
ченала	1	0
ченалахь	1	0
ченахь	1	0
чене	1	0
черман	1	0
четахь	1	0
чехавора	1	0
чечакхах	1	0
чилланан	1	0
чимашкахь	1	0
чкъура	1	0
чкъурал	1	0
чоконаш	1	0
чоьнах	1	0
чоьнашкахь	1	0
чоьнашца	1	0
чоьхьаваьлча	1	0
чубаьхкича	1	0
чубогӏу	1	0
чубоьхкинарш	1	0
чубоьхкинчу	1	0
чубузале	1	0
чубузуш	1	0
чубухку	1	0
чуваккха	1	0
чуваьлла	1	0
чувеанчу	1	0
чувер	1	0
чувериг	1	0
чувогӏу	1	0
чувогӏура	1	0
чуволлучу	1	0
чуволучун	1	0
чуволучунна	1	0
чуволуш	1	0
чувоьду	1	0
чувоьллинчул	1	0
чувоьссинчу	1	0
чугӏиртича	1	0
чугӏорта	1	0
чудаийта	1	0
чудаха	1	0
чудеара	1	0
чудевлира	1	0
чудовлуш	1	0
чудогӏуш	1	0
чуеара	1	0
чуйиллина	1	0
чуйогӏучу	1	0
чуйохка	1	0
чуйоьдуш	1	0
чукхайкхира	1	0
чукхиссина	1	0
чукхоссало	1	0
чулелха	1	0
чутаса	1	0
чуханаш	1	0
чуьйраш	1	0
чуэца	1	0
чхьонкар	1	0
чӏагаршна	1	0
чӏагӏбелла	1	0
чӏагӏбира	1	0
чӏагӏвелча	1	0
чӏагӏвехьа	1	0
чӏагӏвина	1	0
чӏагӏвинийла	1	0
чӏагӏво	1	0
чӏагӏдаза	1	0
чӏагӏделаш	1	0
чӏагӏдийриг	1	0
чӏагӏдора	1	0
чӏагӏйийр	1	0
чӏагӏйо	1	0
чӏагӏлолахь	1	1
чӏагӏонех	1	0
чӏагӏъелира	1	0
чӏажашна	1	0
чӏегӏардигна	1	0
чӏенгана	1	0
чӏерашца	1	0
чӏерех	1	0
чӏерийдохург	1	0
чӏеро	1	0
чӏоьнашкахь	1	0
шабаӏан	1	1
шагатӏулг	1	0
шадерриг	1	0
шаерг	1	0
шайнна	1	0
шалал	1	1
шаламат	1	1
шаланиг	1	0
шалапӏ	1	1
шалмайн	1	1
шалманесар	1	1
шалманесара	1	1
шалумат	1	1
шалуматин	1	1
шалхонаш	1	0
шалши	1	1
шамар	1	1
шамашера	1	1
шамашехь	1	1
шамашхо	1	0
шамгар	1	1
шамри	1	1
шамуал	1	1
шамъаллий	1	1
шан	1	1
шанарчу	1	1
шапанина	1	1
шапар	1	1
шапи	1	1
шараххьий	1	0
шарлур	1	0
шарца	1	0
шаршуйн	1	0
шаулаций	1	1
шаулера	1	1
шаулца	1	1
шаште	1	1
шаӏалбан	1	1
шаӏалбанхо	1	0
шаӏапа	1	1
шаӏар	1	1
шебера	1	1
шеггара	1	1
шедагашца	1	0
шей	1	0
шекъанца	1	0
шелделира	1	0
шелонна	1	0
шелумиал	1	1
шелъелча	1	0
шемаӏан	1	1
шенаш	1	0
шерашка	1	0
шершачу	1	0
шершаш	1	0
шехемарчу	1	1
шехемах	1	1
шехемхой	1	0
шешайн	1	1
шибарш	1	0
шива	1	1
шилунан	1	1
шилхьайн	1	1
шимма	1	0
шимра	1	1
шимрин	1	1
шимӏатан	1	1
шинаран	1	0
шиннал	1	0
шипам	1	1
шираниг	1	0
ширдолаг	1	0
ширдолаган	1	0
шишбацара	1	1
шовдан	1	0
шога	1	0
шолгӏачунна	1	0
шор	1	0
шортонца	1	0
шорттачу	1	0
шуахь	1	1
шубайн	1	1
шубиалан	1	1
шумаран	1	1
шунам	1	1
шурел	1	0
шутлахьи	1	1
шутлахьин	1	1
шушакха	1	1
шушакхан	1	1
шушаним	1	1
шуьйтталгӏаниг	1	0
шуьнах	1	0
шуьраца	1	0
шуьреш	1	0
шуьшинна	1	0
шуӏин	1	1
эвлаяаш	1	0
эвнаш	1	0
эгийна	1	0
эгийтина	1	0
эгнарш	1	0
эдомах	1	1
эдомерчу	1	1
эдомхочо	1	0
эдомхошкара	1	0
эзаран	1	0
эзарзза	1	0
эйлонан	1	1
эккхар	1	0
эккхийра	1	0
эккхо	1	0
экханах	1	0
экъанашна	1	0
эладитанаш	1	0
эласар	1	1
элашний	1	0
элдаӏа	1	1
элел	1	0
элидаӏан	1	1
элималик	1	1
элималикан	1	1
элирий	1	0
элихӏун	1	1
элицур	1	1
элишуба	1	1
элияхьба	1	1
элиӏад	1	1
элли	1	0
элой	1	1
элпашца	1	0
элтакха	1	1
элтолад	1	1
элъюӏейнай	1	1
элъякъиман	1	1
эмархошний	1	0
эмгараллехь	1	0
эмгараллина	1	0
эпар	1	1
эпраймах	1	1
эпраймхошца	1	0
эпратехь	1	1
эпсарш	1	0
эрахь	1	1
эргӏада	1	0
эргӏаддалар	1	0
эрзаш	1	0
эрина	1	0
эрналлин	1	0
эсана	1	0
эскархочунна	1	0
эскархошка	1	0
эскархошца	1	0
эскарша	1	0
этана	1	1
этира	1	0
эттӏа	1	0
этӏаде	1	0
эфиопхо	1	0
эхангаца	1	0
эхартана	1	0
эхартаца	1	0
эцархьама	1	0
эцбон	1	1
эцначунна	1	0
эцнера	1	0
эшабо	1	0
эшабойтур	1	0
эшаварна	1	0
эшамехь	1	0
эшарехь	1	0
эшахь	1	0
эшбан	1	1
эшбаӏал	1	1
эшийначул	1	0
эшийнера	1	0
эшийнийла	1	0
эшнарш	1	0
эшочу	1	0
эштамуӏа	1	1
эштаул	1	1
эштаулара	1	1
эштаулний	1	1
эштунан	1	1
юахьин	1	1
юашина	1	1
югӏуш	1	0
южуш	1	0
юза	1	0
юзор	1	0
юккъехьа	1	0
юкъабогӏуш	1	0
юкъагӏерта	1	0
юкъадогӏура	1	0
юкъадогӏуш	1	0
юкъайогӏура	1	0
юкъайогӏуш	1	0
юкъалеларг	1	0
юкъаметтиган	1	0
юкъарлонча	1	1
юнаш	1	0
юнусан	1	1
юртахь	1	0
юссу	1	0
юссур	1	0
юст	1	1
юстур	1	0
ютӏа	1	1
юу	1	0
юучун	1	0
юхабалор	1	0
юхабаьхкина	1	0
юхабевлира	1	0
юхабевлла	1	0
юхаберзабе	1	0
юхаберзабехьа	1	0
юхабовлу	1	0
юхабоьрзу	1	0
юхаваккха	1	0
юхаваллалц	1	0
юхаваха	1	0
юхавер	1	0
юхаверзаве	1	0
юхаверзар	1	0
юхаверзахь	1	0
юхаверзахьара	1	0
юхаверзийначу	1	0
юхавирзинарг	1	0
юхавогӏучу	1	0
юхавогӏуш	1	0
юхавола	1	0
юхавоьрзу	1	0
юхагӏо	1	0
юхадалор	1	0
юхадан	1	0
юхадаьхкина	1	0
юхадерзаде	1	0
юхадерзале	1	0
юхадерзалур	1	0
юхадерзийначу	1	0
юхадеъча	1	0
юхадирзина	1	0
юхадирзича	1	0
юхадовла	1	0
юхадуьгур	1	0
юхаерзо	1	0
юхайирзинчу	1	0
юхакхоьллинарг	1	0
юхалохьа	1	0
юхаметтахӏиттийначу	1	0
юхаметтахӏиттош	1	0
юхатоттур	1	0
юхахьадаьлла	1	0
юхахьаралла	1	0
юхахьаьжира	1	0
юхаэцийта	1	0
юхаэццал	1	0
юхаялор	1	0
юхучу	1	0
юша	1	1
юьгур	1	0
юьзнарг	1	0
юьйлуьйтуш	1	0
юьйцу	1	0
юьллий	1	0
юьстаха	1	0
юьстахбевлла	1	0
юьстахо	1	0
юьхкана	1	0
юьхьа	1	0
юьхьана	1	0
юьхье	1	0
юьхьлаьцнарш	1	0
юьхьца	1	0
юьхьӏаьржонна	1	0
яаран	1	0
яархьама	1	0
яахьара	1	0
ябинна	1	1
яванан	1	1
ягарлур	1	0
ягаръе	1	0
ягийнера	1	0
ягийча	1	0
ягорна	1	0
ягорхьама	1	0
ягорца	1	0
ягӏахь	1	0
ядаӏана	1	1
ядуӏан	1	1
язбира	1	0
яздархой	1	0
яздечу	1	0
яздинехь	1	0
яздинчо	1	0
яздинчунна	1	0
язйинера	1	0
язйойла	1	0
яийтинчу	1	0
яире	1	1
яйий	1	0
яйн	1	0
яйтинчу	1	0
яккхалуш	1	0
яккхийелаш	1	0
яккхийтархьама	1	0
яккхийчу	1	0
яккхийъейша	1	0
якхамах	1	1
якхамна	1	1
якхмаӏам	1	1
якхтаал	1	1
якхтан	1	1
якъаеллачу	1	0
якъалуш	1	0
якъоза	1	0
якъош	1	0
ялайора	1	0
яларан	1	0
ялаяйталахь	1	0
яле	1	0
ялий	1	0
ялийтархьама	1	0
ялорхьама	1	0
ялсамане	1	0
ялханнах	1	0
ялхочух	1	0
яманхочун	1	0
яннай	1	1
янохь	1	1
ярахь	1	1
ярахьмиал	1	1
яраш	1	0
ярбига	1	1
яре	1	0
ярехь	1	0
яржийна	1	0
ярташкара	1	0
яруша	1	1
ярушалаймаца	1	1
ясона	1	1
яссийначу	1	0
яста	1	0
ятӏарис	1	1
яхале	1	0
яхархьама	1	0
яхийтар	1	0
яхийтина	1	0
яхинна	1	1
яхкийта	1	0
яхлур	1	0
яхонт	1	0
яхул	1	1
яххалц	1	0
яххьашка	1	0
яххьашца	1	0
яххьех	1	0
яхъялийта	1	0
яхъяллалц	1	0
яхъяр	1	0
яхьазкхиал	1	1
яхьазкхиала	1	1
яхьани	1	1
яхьахь	1	0
яхьачу	1	0
яхьди	1	1
яхьи	1	1
яхьиала	1	1
яхьизакх	1	1
яхьийтира	1	0
яхьциал	1	1
яхьъял	1	1
яхьъяца	1	1
яхӏалал	1	1
яхӏуашана	1	1
яхӏугахь	1	1
яхӏугахьа	1	1
яхӏуди	1	1
яхӏудис	1	1
яхӏул	1	1
яхӏунатан	1	1
яхӏунатица	1	1
яхӏунатиций	1	1
яхӏураме	1	1
яхӏурамна	1	1
яшаран	1	1
яшбаӏама	1	1
яшимунан	1	1
яшор	1	0
яьккхи	1	0
яьссалла	1	0
яьстина	1	0
яьстира	1	0
яьхначу	1	0
яьшна	1	0
яьӏнаш	1	0
яӏакхан	1	1
яӏакханера	1	1
яӏариман	1	1
яӏаримера	1	1
яӏаримна	1	1
яӏзи	1	1
яӏлин	1	1
яӏсаал	1	1
ӏабадо	1	1
ӏабдиалан	1	1
ӏавит	1	1
ӏаву	1	1
ӏадаво	1	1
ӏадатах	1	1
ӏадаташна	1	1
ӏадвита	1	1
ӏадиал	1	1
ӏадиалан	1	1
ӏадйита	1	1
ӏаднан	1	1
ӏаднат	1	1
ӏадоран	1	1
ӏадорах	1	1
ӏадош	1	1
ӏазапах	1	1
ӏазапера	1	1
ӏазариалан	1	1
ӏазмаватан	1	1
ӏазриалан	1	1
ӏазрикхаман	1	1
ӏазуран	1	1
ӏайи	1	1
ӏакхиле	1	1
ӏалашбора	1	1
ӏалашдехьа	1	1
ӏалашонех	1	1
ӏалашонца	1	1
ӏалашъе	1	1
ӏало	1	1
ӏамабе	1	1
ӏамайо	1	1
ӏамале	1	1
ӏамалекхана	1	1
ӏамалекхахочун	1	1
ӏамалекхахошкара	1	1
ӏамалекхахошна	1	1
ӏамалекхахошца	1	1
ӏамалъеш	1	1
ӏамалъяр	1	1
ӏамиал	1	1
ӏамихӏуд	1	1
ӏаммина	1	1
ӏамминхошка	1	1
ӏамминхошкара	1	1
ӏамминхошний	1	1
ӏаморан	1	1
ӏамсай	1	1
ӏамсайн	1	1
ӏанаб	1	1
ӏанадайтина	1	1
ӏанаде	1	1
ӏанадечу	1	1
ӏанадо	1	1
ӏанадора	1	1
ӏанамхой	1	1
ӏанатин	1	1
ӏани	1	1
ӏанийра	1	1
ӏанийча	1	1
ӏаннашка	1	1
ӏаннашкахула	1	1
ӏанорах	1	1
ӏарипат	1	1
ӏарод	1	1
ӏарра	1	1
ӏаруӏера	1	1
ӏаршан	1	1
ӏаршара	1	1
ӏаршах	1	1
ӏасанна	1	1
ӏахана	1	1
ӏахарех	1	1
ӏахаршца	1	1
ӏацмун	1	1
ӏачунна	1	1
ӏаштаратехь	1	1
ӏаьлви	1	1
ӏаьнарца	1	1
ӏаьрбихоша	1	1
ӏаьркхахой	1	1
ӏеба	1	1
ӏебархойх	1	1
ӏегӏлонна	1	1
ӏедале	1	1
ӏедалш	1	1
ӏеданан	1	1
ӏедаш	1	1
ӏейламана	1	1
ӏейнана	1	1
ӏейни	1	1
ӏекхранхой	1	1
ӏелахь	1	1
ӏема	1	1
ӏемира	1	1
ӏенаим	1	1
ӏенаш	1	1
ӏенорна	1	1
ӏепрон	1	1
ӏепрона	1	1
ӏепронера	1	1
ӏесачарах	1	1
ӏетар	1	1
ӏетторашна	1	1
ӏехабаларо	1	1
ӏехийна	1	1
ӏехорхьама	1	1
ӏехорца	1	1
ӏехьа	1	1
ӏийнарш	1	1
ӏийсагахьа	1	1
ӏийсай	1	1
ӏилла	1	1
ӏиллина	1	1
ӏиндагӏах	1	1
ӏинера	1	1
ӏирам	1	1
ӏов	1	1
ӏовда	1	1
ӏоврел	1	1
ӏодаца	1	1
ӏожаллехь	1	1
ӏожаллиний	1	1
ӏойтур	1	1
ӏомал	1	1
ӏомах	1	1
ӏотниала	1	1
ӏотниалан	1	1
ӏоттал	1	1
ӏоттий	1	1
ӏудад	1	1
ӏузас	1	1
ӏузий	1	1
ӏумарина	1	1
ӏунис	1	1
ӏупал	1	1
ӏупалахь	1	1
ӏутай	1	1
ӏуттур	1	1
ӏуттуш	1	1
ӏуьйдуш	1	1
ӏуьйшуш	1	1
ӏуьллура	1	1
ӏуьллучохь	1	1
ӏуьллучух	1	1
ӏуьллучуьра	1	1
ӏуьттур	1	1
ӏуьттуш	1	1